vendor,brand,item_code,code_synthesized,description,size,finish,colour,uom,pack_qty,mrp,currency,gst_inclusive,hsn,price_valid_from,source_file,source_page,raw_line
hafele,Häfele,372.38.151,False,Free Flap 1.7 Model A 107°,,,,KIT,,5905.0,INR,False,,2026-02-01,Pricelist -2026/HAFELE PRICELIST_MRP revision Eff 1st Feb 2026 (1).pdf,3,372.38.151
hafele,Häfele,372.38.152,False,Free Flap 1.7 Model B 107°,,,,KIT,,5905.0,INR,False,,2026-02-01,Pricelist -2026/HAFELE PRICELIST_MRP revision Eff 1st Feb 2026 (1).pdf,3,372.38.152
hafele,Häfele,372.38.153,False,Free Flap 1.7 Model C 107°,,,,KIT,,5430.0,INR,False,,2026-02-01,Pricelist -2026/HAFELE PRICELIST_MRP revision Eff 1st Feb 2026 (1).pdf,3,372.38.153
hafele,Häfele,372.38.154,False,Free Flap 3.15 Model D 107°,,,,KIT,,7120.0,INR,False,,2026-02-01,Pricelist -2026/HAFELE PRICELIST_MRP revision Eff 1st Feb 2026 (1).pdf,3,372.38.154
hafele,Häfele,372.38.155,False,Free Flap 3.15 Model E 107°,,,,KIT,,7165.0,INR,False,,2026-02-01,Pricelist -2026/HAFELE PRICELIST_MRP revision Eff 1st Feb 2026 (1).pdf,3,372.38.155
hafele,Häfele,372.38.156,False,Free Flap 3.15 Model F 107°,,,,KIT,,7340.0,INR,False,,2026-02-01,Pricelist -2026/HAFELE PRICELIST_MRP revision Eff 1st Feb 2026 (1).pdf,3,372.38.156
hafele,Häfele,372.38.157,False,Free Flap 3.15 Model G 107°,,,,KIT,,7380.0,INR,False,,2026-02-01,Pricelist -2026/HAFELE PRICELIST_MRP revision Eff 1st Feb 2026 (1).pdf,3,372.38.157
hafele,Häfele,372.38.158,False,Free Flap 1.7 cover cap Anthracite,,,,KIT,,600.0,INR,False,,2026-02-01,Pricelist -2026/HAFELE PRICELIST_MRP revision Eff 1st Feb 2026 (1).pdf,3,372.38.158
hafele,Häfele,372.38.159,False,Free Flap 1.7 cover cap Grey,,,,KIT,,675.0,INR,False,,2026-02-01,Pricelist -2026/HAFELE PRICELIST_MRP revision Eff 1st Feb 2026 (1).pdf,3,372.38.159
hafele,Häfele,372.38.160,False,Free Flap 1.7 cover cap White,,,,KIT,,600.0,INR,False,,2026-02-01,Pricelist -2026/HAFELE PRICELIST_MRP revision Eff 1st Feb 2026 (1).pdf,3,372.38.160
hafele,Häfele,372.38.161,False,Free Flap 3.15 cover cap Anthracite,,,,KIT,,710.0,INR,False,,2026-02-01,Pricelist -2026/HAFELE PRICELIST_MRP revision Eff 1st Feb 2026 (1).pdf,3,372.38.161
hafele,Häfele,372.38.162,False,Free Flap 3.15 cover cap Grey,,,,KIT,,710.0,INR,False,,2026-02-01,Pricelist -2026/HAFELE PRICELIST_MRP revision Eff 1st Feb 2026 (1).pdf,3,372.38.162
hafele,Häfele,372.38.163,False,Free Flap 3.15 cover cap White,,,,KIT,,630.0,INR,False,,2026-02-01,Pricelist -2026/HAFELE PRICELIST_MRP revision Eff 1st Feb 2026 (1).pdf,3,372.38.163
hafele,Häfele,372.91.499,False,"Opening Angle stop 90⁰ for Free Flap ( Only for Model A, B and C) PCE",,,,,,73.0,INR,False,,2026-02-01,Pricelist -2026/HAFELE PRICELIST_MRP revision Eff 1st Feb 2026 (1).pdf,3,372.91.499
hafele,Häfele,372.91.599,False,Narrow Aluminium Profile adapters for Free Flap/ Free Up/ Free Swing,,,,KIT,,640.0,INR,False,,2026-02-01,Pricelist -2026/HAFELE PRICELIST_MRP revision Eff 1st Feb 2026 (1).pdf,3,372.91.599
hafele,Häfele,372.91.390,False,"Free Lifts push to open trigger 1, Anthracite PCE",,,,,,450.0,INR,False,,2026-02-01,Pricelist -2026/HAFELE PRICELIST_MRP revision Eff 1st Feb 2026 (1).pdf,4,372.91.390
hafele,Häfele,372.91.391,False,"Free Lifts push to open trigger 2, Anthracite PCE",,,,,,450.0,INR,False,,2026-02-01,Pricelist -2026/HAFELE PRICELIST_MRP revision Eff 1st Feb 2026 (1).pdf,4,372.91.391
hafele,Häfele,372.91.392,False,"Free Lifts push to open trigger 3, Anthracite PCE",,,,,,450.0,INR,False,,2026-02-01,Pricelist -2026/HAFELE PRICELIST_MRP revision Eff 1st Feb 2026 (1).pdf,4,372.91.392
hafele,Häfele,372.91.500,False,"Free Lifts push to open trigger 1, Grey PCE",,,,,,450.0,INR,False,,2026-02-01,Pricelist -2026/HAFELE PRICELIST_MRP revision Eff 1st Feb 2026 (1).pdf,4,372.91.500
hafele,Häfele,372.91.501,False,"Free Lifts push to open trigger 2, Grey PCE",,,,,,450.0,INR,False,,2026-02-01,Pricelist -2026/HAFELE PRICELIST_MRP revision Eff 1st Feb 2026 (1).pdf,4,372.91.501
hafele,Häfele,372.91.502,False,"Free Lifts push to open trigger 3, Grey PCE",,,,,,450.0,INR,False,,2026-02-01,Pricelist -2026/HAFELE PRICELIST_MRP revision Eff 1st Feb 2026 (1).pdf,4,372.91.502
hafele,Häfele,372.91.700,False,"Free Lifts push to open trigger 1, White PCE",,,,,,400.0,INR,False,,2026-02-01,Pricelist -2026/HAFELE PRICELIST_MRP revision Eff 1st Feb 2026 (1).pdf,4,372.91.700
hafele,Häfele,372.91.701,False,"Free Lifts push to open trigger 2, White PCE",,,,,,400.0,INR,False,,2026-02-01,Pricelist -2026/HAFELE PRICELIST_MRP revision Eff 1st Feb 2026 (1).pdf,4,372.91.701
hafele,Häfele,372.91.702,False,"Free Lifts push to open trigger 3, White PCE",,,,,,400.0,INR,False,,2026-02-01,Pricelist -2026/HAFELE PRICELIST_MRP revision Eff 1st Feb 2026 (1).pdf,4,372.91.702
hafele,Häfele,372.91.393,False,"Free Lifts PTO trigger adapter, Anthracite PCE",,,,,,135.0,INR,False,,2026-02-01,Pricelist -2026/HAFELE PRICELIST_MRP revision Eff 1st Feb 2026 (1).pdf,4,372.91.393
hafele,Häfele,372.91.503,False,"Free Lifts PTO trigger adapter, Grey PCE",,,,,,135.0,INR,False,,2026-02-01,Pricelist -2026/HAFELE PRICELIST_MRP revision Eff 1st Feb 2026 (1).pdf,4,372.91.503
hafele,Häfele,372.91.703,False,"Free Lifts PTO trigger adapter, White PCE",,,,,,135.0,INR,False,,2026-02-01,Pricelist -2026/HAFELE PRICELIST_MRP revision Eff 1st Feb 2026 (1).pdf,4,372.91.703
hafele,Häfele,372.38.100,False,"Free Fold L5fo 1000-1040mm,6.2-12.9kg",1040mm,,,KIT,,26345.0,INR,False,,2026-02-01,Pricelist -2026/HAFELE PRICELIST_MRP revision Eff 1st Feb 2026 (1).pdf,5,372.38.100
hafele,Häfele,372.38.101,False,"Free Fold C5fo 480-530mm, 12.7-26.5kg",530mm,,,KIT,,10935.0,INR,False,,2026-02-01,Pricelist -2026/HAFELE PRICELIST_MRP revision Eff 1st Feb 2026 (1).pdf,5,372.38.101
hafele,Häfele,372.38.102,False,"Free Fold C3fo 480-530mm,5.2-11.1kg",530mm,,,KIT,,13190.0,INR,False,,2026-02-01,Pricelist -2026/HAFELE PRICELIST_MRP revision Eff 1st Feb 2026 (1).pdf,5,372.38.102
hafele,Häfele,372.38.103,False,"Free Fold C4fo 480-530mm,7.8-16.3kg",530mm,,,KIT,,11775.0,INR,False,,2026-02-01,Pricelist -2026/HAFELE PRICELIST_MRP revision Eff 1st Feb 2026 (1).pdf,5,372.38.103
hafele,Häfele,372.38.104,False,"Free Fold D5fo 520-590mm, 11.8-24.5kg",590mm,,,KIT,,13795.0,INR,False,,2026-02-01,Pricelist -2026/HAFELE PRICELIST_MRP revision Eff 1st Feb 2026 (1).pdf,5,372.38.104
hafele,Häfele,372.38.105,False,"Free Fold D3fo 520-590mm, 4.8-10.3kg",590mm,,,KIT,,11775.0,INR,False,,2026-02-01,Pricelist -2026/HAFELE PRICELIST_MRP revision Eff 1st Feb 2026 (1).pdf,5,372.38.105
hafele,Häfele,372.38.106,False,"Free Fold D4fo 520-590mm, 7.2-15.2kg",590mm,,,KIT,,11775.0,INR,False,,2026-02-01,Pricelist -2026/HAFELE PRICELIST_MRP revision Eff 1st Feb 2026 (1).pdf,5,372.38.106
hafele,Häfele,372.38.107,False,"Free Fold E3fo 580-650mm, 4.3-9.2kg",650mm,,,KIT,,12925.0,INR,False,,2026-02-01,Pricelist -2026/HAFELE PRICELIST_MRP revision Eff 1st Feb 2026 (1).pdf,5,372.38.107
hafele,Häfele,372.38.108,False,"Free Fold E4fo 580-650mm, 6.5-13.5kg",650mm,,,KIT,,15455.0,INR,False,,2026-02-01,Pricelist -2026/HAFELE PRICELIST_MRP revision Eff 1st Feb 2026 (1).pdf,5,372.38.108
hafele,Häfele,372.38.109,False,"Free Fold F3fo 650-730mm, 3.9-8.3kg",730mm,,,KIT,,14480.0,INR,False,,2026-02-01,Pricelist -2026/HAFELE PRICELIST_MRP revision Eff 1st Feb 2026 (1).pdf,5,372.38.109
hafele,Häfele,372.38.110,False,"Free Fold F4fo 650-730mm, 5.8-12.2kg",730mm,,,KIT,,15455.0,INR,False,,2026-02-01,Pricelist -2026/HAFELE PRICELIST_MRP revision Eff 1st Feb 2026 (1).pdf,5,372.38.110
hafele,Häfele,372.38.111,False,"Free Fold G4fo 710-790mm, 5.3-11.1kg",790mm,,,KIT,,14785.0,INR,False,,2026-02-01,Pricelist -2026/HAFELE PRICELIST_MRP revision Eff 1st Feb 2026 (1).pdf,5,372.38.111
hafele,Häfele,372.38.112,False,"Free Fold G5fo 710-790mm, 8.7-18kg",790mm,,,KIT,,15670.0,INR,False,,2026-02-01,Pricelist -2026/HAFELE PRICELIST_MRP revision Eff 1st Feb 2026 (1).pdf,5,372.38.112
hafele,Häfele,372.38.113,False,"Free Fold H4fo 770-840mm, 4.9-10.3kg",840mm,,,KIT,,14785.0,INR,False,,2026-02-01,Pricelist -2026/HAFELE PRICELIST_MRP revision Eff 1st Feb 2026 (1).pdf,5,372.38.113
hafele,Häfele,372.38.114,False,"Free Fold H5fo 770-840mm, 8-16.7kg",840mm,,,KIT,,15670.0,INR,False,,2026-02-01,Pricelist -2026/HAFELE PRICELIST_MRP revision Eff 1st Feb 2026 (1).pdf,5,372.38.114
hafele,Häfele,372.38.115,False,"Free Fold I5fo 840-910mm, 7.3-15.5kg",910mm,,,KIT,,16305.0,INR,False,,2026-02-01,Pricelist -2026/HAFELE PRICELIST_MRP revision Eff 1st Feb 2026 (1).pdf,5,372.38.115
hafele,Häfele,372.38.116,False,"Free Fold J5fo 910-970mm,6.8-14.2kg",970mm,,,KIT,,16305.0,INR,False,,2026-02-01,Pricelist -2026/HAFELE PRICELIST_MRP revision Eff 1st Feb 2026 (1).pdf,5,372.38.116
hafele,Häfele,372.38.117,False,"Free Fold K5fo 960-1010mm,6.5-13.5kg",1010mm,,,KIT,,26345.0,INR,False,,2026-02-01,Pricelist -2026/HAFELE PRICELIST_MRP revision Eff 1st Feb 2026 (1).pdf,5,372.38.117
hafele,Häfele,372.38.118,False,"Free Fold K6fo 960-1010mm,8.6-17.3kg",1010mm,,,KIT,,23520.0,INR,False,,2026-02-01,Pricelist -2026/HAFELE PRICELIST_MRP revision Eff 1st Feb 2026 (1).pdf,5,372.38.118
hafele,Häfele,372.37.689,False,"Free Fold I6fo 840-910mm,10.0-20.0kg",910mm,,,KIT,,25090.0,INR,False,,2026-02-01,Pricelist -2026/HAFELE PRICELIST_MRP revision Eff 1st Feb 2026 (1).pdf,5,372.37.689
hafele,Häfele,372.38.119,False,Free Fold cover cap set Anthracite,,,,KIT,,710.0,INR,False,,2026-02-01,Pricelist -2026/HAFELE PRICELIST_MRP revision Eff 1st Feb 2026 (1).pdf,5,372.38.119
hafele,Häfele,372.38.120,False,Free Fold cover cap set Grey,,,,KIT,,710.0,INR,False,,2026-02-01,Pricelist -2026/HAFELE PRICELIST_MRP revision Eff 1st Feb 2026 (1).pdf,5,372.38.120
hafele,Häfele,372.38.121,False,Free Fold cover cap set White,,,,KIT,,710.0,INR,False,,2026-02-01,Pricelist -2026/HAFELE PRICELIST_MRP revision Eff 1st Feb 2026 (1).pdf,5,372.38.121
hafele,Häfele,372.38.290,False,"Free Fold Short Set E3FS 580-650MM, 4.0-8.5Kg",650MM,,,KIT,,12925.0,INR,False,,2026-02-01,Pricelist -2026/HAFELE PRICELIST_MRP revision Eff 1st Feb 2026 (1).pdf,6,372.38.290
hafele,Häfele,372.38.291,False,"Free Fold Short Set E4FS 580-650MM,  6.8-12.5Kg",650MM,,,KIT,,15455.0,INR,False,,2026-02-01,Pricelist -2026/HAFELE PRICELIST_MRP revision Eff 1st Feb 2026 (1).pdf,6,372.38.291
hafele,Häfele,372.38.293,False,"Free Fold Short Set F4FS 650-730MM,  7.0-11.8Kg",730MM,,,KIT,,15455.0,INR,False,,2026-02-01,Pricelist -2026/HAFELE PRICELIST_MRP revision Eff 1st Feb 2026 (1).pdf,6,372.38.293
hafele,Häfele,372.38.294,False,"Free Fold Short Set G4FS 710-790MM,  6.1-10.8Kg",790MM,,,KIT,,14785.0,INR,False,,2026-02-01,Pricelist -2026/HAFELE PRICELIST_MRP revision Eff 1st Feb 2026 (1).pdf,6,372.38.294
hafele,Häfele,372.38.295,False,"Free Fold Short Set G5FS 710-790MM,  8.5-14.4Kg",790MM,,,KIT,,15670.0,INR,False,,2026-02-01,Pricelist -2026/HAFELE PRICELIST_MRP revision Eff 1st Feb 2026 (1).pdf,6,372.38.295
hafele,Häfele,372.38.296,False,"Free Fold Short Set H4FS 770-840MM,  5.1-9.8Kg",840MM,,,KIT,,13200.0,INR,False,,2026-02-01,Pricelist -2026/HAFELE PRICELIST_MRP revision Eff 1st Feb 2026 (1).pdf,6,372.38.296
hafele,Häfele,372.38.297,False,"Free Fold Short Set H5FS 770-840MM,  7.5-14.1Kg",840MM,,,KIT,,13990.0,INR,False,,2026-02-01,Pricelist -2026/HAFELE PRICELIST_MRP revision Eff 1st Feb 2026 (1).pdf,6,372.38.297
hafele,Häfele,372.38.298,False,"Free Fold Short Set I5FS 840-910MM, 6.9-12.2Kg",910MM,,,KIT,,16305.0,INR,False,,2026-02-01,Pricelist -2026/HAFELE PRICELIST_MRP revision Eff 1st Feb 2026 (1).pdf,6,372.38.298
hafele,Häfele,372.38.350,False,Free Fold Short Cover cap set Anthracite,,,,KIT,,710.0,INR,False,,2026-02-01,Pricelist -2026/HAFELE PRICELIST_MRP revision Eff 1st Feb 2026 (1).pdf,6,372.38.350
hafele,Häfele,372.38.351,False,Free Fold Short Cover cap set Grey,,,,KIT,,630.0,INR,False,,2026-02-01,Pricelist -2026/HAFELE PRICELIST_MRP revision Eff 1st Feb 2026 (1).pdf,6,372.38.351
hafele,Häfele,372.38.352,False,Free Fold Short Cover cap set White,,,,KIT,,630.0,INR,False,,2026-02-01,Pricelist -2026/HAFELE PRICELIST_MRP revision Eff 1st Feb 2026 (1).pdf,6,372.38.352
hafele,Häfele,372.38.122,False,Free Fold Adapter Kit for Narrow Aluminium Profile,,,,KIT,,4190.0,INR,False,,2026-02-01,Pricelist -2026/HAFELE PRICELIST_MRP revision Eff 1st Feb 2026 (1).pdf,6,372.38.122
hafele,Häfele,372.37.060,False,Opening Angle stop 90⁰ for Free Fold PCE,,,,,,290.0,INR,False,,2026-02-01,Pricelist -2026/HAFELE PRICELIST_MRP revision Eff 1st Feb 2026 (1).pdf,6,372.37.060
hafele,Häfele,372.38.123,False,"Free Up P1us 345-420mm,2.4-4.8kg",420mm,,,KIT,,14740.0,INR,False,,2026-02-01,Pricelist -2026/HAFELE PRICELIST_MRP revision Eff 1st Feb 2026 (1).pdf,7,372.38.123
hafele,Häfele,372.38.124,False,"Free Up P2us 345-420mm,4.1-8kg",420mm,,,KIT,,17125.0,INR,False,,2026-02-01,Pricelist -2026/HAFELE PRICELIST_MRP revision Eff 1st Feb 2026 (1).pdf,7,372.38.124
hafele,Häfele,372.38.127,False,"Free Up P3us 345-420mm,7.4-14kg",420mm,,,KIT,,22600.0,INR,False,,2026-02-01,Pricelist -2026/HAFELE PRICELIST_MRP revision Eff 1st Feb 2026 (1).pdf,7,372.38.127
hafele,Häfele,372.38.125,False,"Free Up Q1us 380-500mm,2-3.8kg",500mm,,,KIT,,18790.0,INR,False,,2026-02-01,Pricelist -2026/HAFELE PRICELIST_MRP revision Eff 1st Feb 2026 (1).pdf,7,372.38.125
hafele,Häfele,372.38.126,False,"Free Up Q2us 380-500mm,3.4-6.7kg",500mm,,,KIT,,21045.0,INR,False,,2026-02-01,Pricelist -2026/HAFELE PRICELIST_MRP revision Eff 1st Feb 2026 (1).pdf,7,372.38.126
hafele,Häfele,372.38.128,False,"Free Up Q3us 380-500mm,6.3-11kg",500mm,,,KIT,,22280.0,INR,False,,2026-02-01,Pricelist -2026/HAFELE PRICELIST_MRP revision Eff 1st Feb 2026 (1).pdf,7,372.38.128
hafele,Häfele,372.38.129,False,"Free Up Q4us 380-500mm,9.3-17.4kg",500mm,,,KIT,,16565.0,INR,False,,2026-02-01,Pricelist -2026/HAFELE PRICELIST_MRP revision Eff 1st Feb 2026 (1).pdf,7,372.38.129
hafele,Häfele,372.38.130,False,"Free Up R1us 430-600mm,1.6-3.3kg",600mm,,,KIT,,17080.0,INR,False,,2026-02-01,Pricelist -2026/HAFELE PRICELIST_MRP revision Eff 1st Feb 2026 (1).pdf,7,372.38.130
hafele,Häfele,372.38.131,False,"Free Up R2us 430-600mm,2.6-5.5kg",600mm,,,KIT,,19130.0,INR,False,,2026-02-01,Pricelist -2026/HAFELE PRICELIST_MRP revision Eff 1st Feb 2026 (1).pdf,7,372.38.131
hafele,Häfele,372.38.132,False,"Free Up R3us 430-600mm,5-9.7kg",600mm,,,KIT,,19130.0,INR,False,,2026-02-01,Pricelist -2026/HAFELE PRICELIST_MRP revision Eff 1st Feb 2026 (1).pdf,7,372.38.132
hafele,Häfele,372.38.133,False,"Free Up R4us 430-600mm,7.4-14.6kg",600mm,,,KIT,,22600.0,INR,False,,2026-02-01,Pricelist -2026/HAFELE PRICELIST_MRP revision Eff 1st Feb 2026 (1).pdf,7,372.38.133
hafele,Häfele,372.38.135,False,Free Up cover cap Set Anthracite,,,,KIT,,720.0,INR,False,,2026-02-01,Pricelist -2026/HAFELE PRICELIST_MRP revision Eff 1st Feb 2026 (1).pdf,7,372.38.135
hafele,Häfele,372.38.136,False,Free Up cover cap Set Grey,,,,KIT,,720.0,INR,False,,2026-02-01,Pricelist -2026/HAFELE PRICELIST_MRP revision Eff 1st Feb 2026 (1).pdf,7,372.38.136
hafele,Häfele,372.38.137,False,Free Up cover cap Set White,,,,KIT,,720.0,INR,False,,2026-02-01,Pricelist -2026/HAFELE PRICELIST_MRP revision Eff 1st Feb 2026 (1).pdf,7,372.38.137
hafele,Häfele,372.38.134,False,Stabilization Rod for Free UP/Swing for Cabinet Width upto 600 mm (Mandatory Add On Accessory) PCE,600 mm,,,,,900.0,INR,False,,2026-02-01,Pricelist -2026/HAFELE PRICELIST_MRP revision Eff 1st Feb 2026 (1).pdf,7,372.38.134
hafele,Häfele,372.38.138,False,Stabilization Rod for Free UP/Swing for Cabinet Width upto 1200 mm (Mandatory Add On Accessory) PCE,1200 mm,,,,,1485.0,INR,False,,2026-02-01,Pricelist -2026/HAFELE PRICELIST_MRP revision Eff 1st Feb 2026 (1).pdf,7,372.38.138
hafele,Häfele,372.38.139,False,"Free Swing S1sw 370-500mm,1.8-4kg",500mm,,,KIT,,17365.0,INR,False,,2026-02-01,Pricelist -2026/HAFELE PRICELIST_MRP revision Eff 1st Feb 2026 (1).pdf,8,372.38.139
hafele,Häfele,372.38.140,False,"Free Swing S4sw 370-500mm,3-6.5kg",500mm,,,KIT,,17365.0,INR,False,,2026-02-01,Pricelist -2026/HAFELE PRICELIST_MRP revision Eff 1st Feb 2026 (1).pdf,8,372.38.140
hafele,Häfele,372.38.141,False,"Free Swing S7sw 370-500mm,4.5-10.3kg",500mm,,,KIT,,17970.0,INR,False,,2026-02-01,Pricelist -2026/HAFELE PRICELIST_MRP revision Eff 1st Feb 2026 (1).pdf,8,372.38.141
hafele,Häfele,372.38.142,False,"Free Swing S2sw 500-670mm,2.5-5.9kg",670mm,,,KIT,,17305.0,INR,False,,2026-02-01,Pricelist -2026/HAFELE PRICELIST_MRP revision Eff 1st Feb 2026 (1).pdf,8,372.38.142
hafele,Häfele,372.38.143,False,"Free Swing S3sw 670-800mm,2.9-6.5kg",800mm,,,KIT,,28120.0,INR,False,,2026-02-01,Pricelist -2026/HAFELE PRICELIST_MRP revision Eff 1st Feb 2026 (1).pdf,8,372.38.143
hafele,Häfele,372.38.144,False,"Free Swing S6sw 670-800mm,5.3-11.3kg",800mm,,,KIT,,20545.0,INR,False,,2026-02-01,Pricelist -2026/HAFELE PRICELIST_MRP revision Eff 1st Feb 2026 (1).pdf,8,372.38.144
hafele,Häfele,372.38.145,False,"Free Swing S9sw 670-800mm,8-17.1kg",800mm,,,KIT,,25830.0,INR,False,,2026-02-01,Pricelist -2026/HAFELE PRICELIST_MRP revision Eff 1st Feb 2026 (1).pdf,8,372.38.145
hafele,Häfele,372.38.146,False,"Free Swing S5sw 500-670mm,4.5-10kg",670mm,,,KIT,,17970.0,INR,False,,2026-02-01,Pricelist -2026/HAFELE PRICELIST_MRP revision Eff 1st Feb 2026 (1).pdf,8,372.38.146
hafele,Häfele,372.38.147,False,"Free Swing S8sw 500-670mm,7-15.9kg",670mm,,,KIT,,18315.0,INR,False,,2026-02-01,Pricelist -2026/HAFELE PRICELIST_MRP revision Eff 1st Feb 2026 (1).pdf,8,372.38.147
hafele,Häfele,372.38.148,False,Free Swing covercap Set Anthrcite,,,,KIT,,620.0,INR,False,,2026-02-01,Pricelist -2026/HAFELE PRICELIST_MRP revision Eff 1st Feb 2026 (1).pdf,8,372.38.148
hafele,Häfele,372.38.149,False,Free Swing cover cap Set Grey,,,,KIT,,695.0,INR,False,,2026-02-01,Pricelist -2026/HAFELE PRICELIST_MRP revision Eff 1st Feb 2026 (1).pdf,8,372.38.149
hafele,Häfele,372.38.150,False,Free Swing cover cap Set White,,,,KIT,,695.0,INR,False,,2026-02-01,Pricelist -2026/HAFELE PRICELIST_MRP revision Eff 1st Feb 2026 (1).pdf,8,372.38.150
hafele,Häfele,372.27.920,False,Free Space 1.11 Soft Close  Model B Anthracite,,,,KIT,,4410.0,INR,False,,2026-02-01,Pricelist -2026/HAFELE PRICELIST_MRP revision Eff 1st Feb 2026 (1).pdf,10,372.27.920
hafele,Häfele,372.27.921,False,Free Space 1.11 Soft Close  Model C Anthracite,,,,KIT,,4410.0,INR,False,,2026-02-01,Pricelist -2026/HAFELE PRICELIST_MRP revision Eff 1st Feb 2026 (1).pdf,10,372.27.921
hafele,Häfele,372.27.922,False,Free Space 1.11 Soft Close  Model D Anthracite,,,,KIT,,4410.0,INR,False,,2026-02-01,Pricelist -2026/HAFELE PRICELIST_MRP revision Eff 1st Feb 2026 (1).pdf,10,372.27.922
hafele,Häfele,372.27.923,False,Free Space 1.11 Soft Close  Model E Anthracite,,,,KIT,,4940.0,INR,False,,2026-02-01,Pricelist -2026/HAFELE PRICELIST_MRP revision Eff 1st Feb 2026 (1).pdf,10,372.27.923
hafele,Häfele,372.27.924,False,Free Space 1.11 Soft Close  Model F Anthracite,,,,KIT,,4940.0,INR,False,,2026-02-01,Pricelist -2026/HAFELE PRICELIST_MRP revision Eff 1st Feb 2026 (1).pdf,10,372.27.924
hafele,Häfele,372.27.925,False,Free Space 1.11 Soft Close  Model B Grey,,,,KIT,,4410.0,INR,False,,2026-02-01,Pricelist -2026/HAFELE PRICELIST_MRP revision Eff 1st Feb 2026 (1).pdf,10,372.27.925
hafele,Häfele,372.27.926,False,Free Space 1.11 Soft Close  Model C Grey,,,,KIT,,4410.0,INR,False,,2026-02-01,Pricelist -2026/HAFELE PRICELIST_MRP revision Eff 1st Feb 2026 (1).pdf,10,372.27.926
hafele,Häfele,372.27.927,False,Free Space 1.11 Soft Close  Model D Grey,,,,KIT,,4410.0,INR,False,,2026-02-01,Pricelist -2026/HAFELE PRICELIST_MRP revision Eff 1st Feb 2026 (1).pdf,10,372.27.927
hafele,Häfele,372.27.928,False,Free Space 1.11 Soft Close  Model E Grey,,,,KIT,,4410.0,INR,False,,2026-02-01,Pricelist -2026/HAFELE PRICELIST_MRP revision Eff 1st Feb 2026 (1).pdf,10,372.27.928
hafele,Häfele,372.27.929,False,Free Space 1.11 Soft Close  Model F Grey,,,,KIT,,4410.0,INR,False,,2026-02-01,Pricelist -2026/HAFELE PRICELIST_MRP revision Eff 1st Feb 2026 (1).pdf,10,372.27.929
hafele,Häfele,372.27.930,False,Free Space 1.11 Soft Close  Model B White,,,,KIT,,4410.0,INR,False,,2026-02-01,Pricelist -2026/HAFELE PRICELIST_MRP revision Eff 1st Feb 2026 (1).pdf,10,372.27.930
hafele,Häfele,372.27.931,False,Free Space 1.11 Soft Close  Model C White,,,,KIT,,4410.0,INR,False,,2026-02-01,Pricelist -2026/HAFELE PRICELIST_MRP revision Eff 1st Feb 2026 (1).pdf,10,372.27.931
hafele,Häfele,372.27.932,False,Free Space 1.11 Soft Close  Model D White,,,,KIT,,4410.0,INR,False,,2026-02-01,Pricelist -2026/HAFELE PRICELIST_MRP revision Eff 1st Feb 2026 (1).pdf,10,372.27.932
hafele,Häfele,372.27.933,False,Free Space 1.11 Soft Close  Model E White,,,,KIT,,4410.0,INR,False,,2026-02-01,Pricelist -2026/HAFELE PRICELIST_MRP revision Eff 1st Feb 2026 (1).pdf,10,372.27.933
hafele,Häfele,372.27.934,False,Free Space 1.11 Soft Close  Model F White,,,,KIT,,4410.0,INR,False,,2026-02-01,Pricelist -2026/HAFELE PRICELIST_MRP revision Eff 1st Feb 2026 (1).pdf,10,372.27.934
hafele,Häfele,372.27.935,False,Free Space 1.8 Push to Open Soft Close Model B Anthracite,,,,KIT,,4630.0,INR,False,,2026-02-01,Pricelist -2026/HAFELE PRICELIST_MRP revision Eff 1st Feb 2026 (1).pdf,10,372.27.935
hafele,Häfele,372.27.936,False,Free Space 1.8 Push to Open Soft Close Model C Anthracite,,,,KIT,,4630.0,INR,False,,2026-02-01,Pricelist -2026/HAFELE PRICELIST_MRP revision Eff 1st Feb 2026 (1).pdf,10,372.27.936
hafele,Häfele,372.27.937,False,Free Space 1.8 Push to Open Soft Close Model D Anthracite,,,,KIT,,4630.0,INR,False,,2026-02-01,Pricelist -2026/HAFELE PRICELIST_MRP revision Eff 1st Feb 2026 (1).pdf,10,372.27.937
hafele,Häfele,372.27.938,False,Free Space 1.8 Push to Open Soft Close Model E Anthracite,,,,KIT,,5190.0,INR,False,,2026-02-01,Pricelist -2026/HAFELE PRICELIST_MRP revision Eff 1st Feb 2026 (1).pdf,10,372.27.938
hafele,Häfele,372.27.939,False,Free Space 1.8 Push to Open Soft Close Model B Grey,,,,KIT,,4630.0,INR,False,,2026-02-01,Pricelist -2026/HAFELE PRICELIST_MRP revision Eff 1st Feb 2026 (1).pdf,10,372.27.939
hafele,Häfele,372.27.940,False,Free Space 1.8 Push to Open Soft Close Model C Grey,,,,KIT,,4630.0,INR,False,,2026-02-01,Pricelist -2026/HAFELE PRICELIST_MRP revision Eff 1st Feb 2026 (1).pdf,10,372.27.940
hafele,Häfele,372.27.941,False,Free Space 1.8 Push to Open Soft Close Model D Grey,,,,KIT,,5190.0,INR,False,,2026-02-01,Pricelist -2026/HAFELE PRICELIST_MRP revision Eff 1st Feb 2026 (1).pdf,10,372.27.941
hafele,Häfele,372.27.942,False,Free Space 1.8 Push to Open Soft Close Model E Grey,,,,KIT,,5190.0,INR,False,,2026-02-01,Pricelist -2026/HAFELE PRICELIST_MRP revision Eff 1st Feb 2026 (1).pdf,10,372.27.942
hafele,Häfele,372.27.943,False,Free Space 1.8 Push to Open Soft Close Model B White,,,,KIT,,4630.0,INR,False,,2026-02-01,Pricelist -2026/HAFELE PRICELIST_MRP revision Eff 1st Feb 2026 (1).pdf,10,372.27.943
hafele,Häfele,372.27.944,False,Free Space 1.8 Push to Open Soft Close Model C White,,,,KIT,,5190.0,INR,False,,2026-02-01,Pricelist -2026/HAFELE PRICELIST_MRP revision Eff 1st Feb 2026 (1).pdf,10,372.27.944
hafele,Häfele,372.27.945,False,Free Space 1.8 Push to Open Soft Close Model D White,,,,KIT,,4630.0,INR,False,,2026-02-01,Pricelist -2026/HAFELE PRICELIST_MRP revision Eff 1st Feb 2026 (1).pdf,10,372.27.945
hafele,Häfele,372.27.946,False,Free Space 1.8 Push to Open Soft Close Model E White,,,,KIT,,5190.0,INR,False,,2026-02-01,Pricelist -2026/HAFELE PRICELIST_MRP revision Eff 1st Feb 2026 (1).pdf,10,372.27.946
hafele,Häfele,372.27.600,False,"Fixing Screws for shutters with Aluminium Frame, frame width > 45mm",45mm,,,SET,,740.0,INR,False,,2026-02-01,Pricelist -2026/HAFELE PRICELIST_MRP revision Eff 1st Feb 2026 (1).pdf,10,372.27.600
hafele,Häfele,372.38.164,False,"E Drive Mechanism for Free Fold, Free Up, Free Swing",,,,KIT,,108765.0,INR,False,,2026-02-01,Pricelist -2026/HAFELE PRICELIST_MRP revision Eff 1st Feb 2026 (1).pdf,11,372.38.164
hafele,Häfele,372.38.165,False,E Drive Mechanism Free Free Flap,,,,KIT,,119180.0,INR,False,,2026-02-01,Pricelist -2026/HAFELE PRICELIST_MRP revision Eff 1st Feb 2026 (1).pdf,11,372.38.165
hafele,Häfele,372.38.168,False,"E Drive Cover Cap Set Anthracite, for Free Fold",,,,KIT,,1820.0,INR,False,,2026-02-01,Pricelist -2026/HAFELE PRICELIST_MRP revision Eff 1st Feb 2026 (1).pdf,11,372.38.168
hafele,Häfele,372.38.167,False,"E Drive Cover Cap Set Grey, for Free Fold",,,,KIT,,1820.0,INR,False,,2026-02-01,Pricelist -2026/HAFELE PRICELIST_MRP revision Eff 1st Feb 2026 (1).pdf,11,372.38.167
hafele,Häfele,372.38.166,False,"E Drive Cover Cap Set White, for Free Fold",,,,KIT,,1820.0,INR,False,,2026-02-01,Pricelist -2026/HAFELE PRICELIST_MRP revision Eff 1st Feb 2026 (1).pdf,11,372.38.166
hafele,Häfele,372.38.171,False,"E Drive Cover Cap Set Anthracite, for Free Swing",,,,KIT,,5290.0,INR,False,,2026-02-01,Pricelist -2026/HAFELE PRICELIST_MRP revision Eff 1st Feb 2026 (1).pdf,11,372.38.171
hafele,Häfele,372.38.170,False,"E Drive Cover Cap Set Grey, for Free Swing",,,,KIT,,5180.0,INR,False,,2026-02-01,Pricelist -2026/HAFELE PRICELIST_MRP revision Eff 1st Feb 2026 (1).pdf,11,372.38.170
hafele,Häfele,372.38.169,False,"E Drive Cover Cap Set White, for Free Swing",,,,KIT,,5180.0,INR,False,,2026-02-01,Pricelist -2026/HAFELE PRICELIST_MRP revision Eff 1st Feb 2026 (1).pdf,11,372.38.169
hafele,Häfele,372.38.177,False,E Drive Cover Cap Set Anthracite for Free up Model P,,,,KIT,,4360.0,INR,False,,2026-02-01,Pricelist -2026/HAFELE PRICELIST_MRP revision Eff 1st Feb 2026 (1).pdf,11,372.38.177
hafele,Häfele,372.38.176,False,E Drive Cover Cap Set Grey for Free up Model P,,,,KIT,,5400.0,INR,False,,2026-02-01,Pricelist -2026/HAFELE PRICELIST_MRP revision Eff 1st Feb 2026 (1).pdf,11,372.38.176
hafele,Häfele,372.38.175,False,E Drive Cover Cap Set White for Free up Model P,,,,KIT,,5400.0,INR,False,,2026-02-01,Pricelist -2026/HAFELE PRICELIST_MRP revision Eff 1st Feb 2026 (1).pdf,11,372.38.175
hafele,Häfele,372.38.180,False,E Drive Cover Cap Set Anthracite for Free up Model Q,,,,KIT,,4470.0,INR,False,,2026-02-01,Pricelist -2026/HAFELE PRICELIST_MRP revision Eff 1st Feb 2026 (1).pdf,11,372.38.180
hafele,Häfele,372.38.179,False,E Drive Cover Cap Set Grey for Free up Model Q,,,,KIT,,5460.0,INR,False,,2026-02-01,Pricelist -2026/HAFELE PRICELIST_MRP revision Eff 1st Feb 2026 (1).pdf,11,372.38.179
hafele,Häfele,372.38.178,False,E Drive Cover Cap Set White for Free up Model Q,,,,KIT,,5460.0,INR,False,,2026-02-01,Pricelist -2026/HAFELE PRICELIST_MRP revision Eff 1st Feb 2026 (1).pdf,11,372.38.178
hafele,Häfele,372.38.183,False,E Drive Cover Cap Set Anthracite for Free up Model R,,,,KIT,,4520.0,INR,False,,2026-02-01,Pricelist -2026/HAFELE PRICELIST_MRP revision Eff 1st Feb 2026 (1).pdf,11,372.38.183
hafele,Häfele,372.38.182,False,E Drive Cover Cap Set Grey for Free up Model R,,,,KIT,,5570.0,INR,False,,2026-02-01,Pricelist -2026/HAFELE PRICELIST_MRP revision Eff 1st Feb 2026 (1).pdf,11,372.38.182
hafele,Häfele,372.38.181,False,E Drive Cover Cap Set White for Free up Model R,,,,KIT,,5570.0,INR,False,,2026-02-01,Pricelist -2026/HAFELE PRICELIST_MRP revision Eff 1st Feb 2026 (1).pdf,11,372.38.181
hafele,Häfele,372.38.186,False,E Drive Cover Cap Set Anthracite for Flap,,,,KIT,,3695.0,INR,False,,2026-02-01,Pricelist -2026/HAFELE PRICELIST_MRP revision Eff 1st Feb 2026 (1).pdf,11,372.38.186
hafele,Häfele,372.38.185,False,E Drive Cover Cap Set Grey for Flap,,,,KIT,,4200.0,INR,False,,2026-02-01,Pricelist -2026/HAFELE PRICELIST_MRP revision Eff 1st Feb 2026 (1).pdf,11,372.38.185
hafele,Häfele,372.38.184,False,E Drive Cover Cap Set White for Flap,,,,KIT,,3805.0,INR,False,,2026-02-01,Pricelist -2026/HAFELE PRICELIST_MRP revision Eff 1st Feb 2026 (1).pdf,11,372.38.184
hafele,Häfele,311.46.591,False,Metalla 510 Soft Close Hinge Full Overlay 105° Steel Nickel Plated 48/6 Mm,6 Mm,,,KIT,,325.0,INR,False,,2026-02-01,Pricelist -2026/HAFELE PRICELIST_MRP revision Eff 1st Feb 2026 (1).pdf,12,311.46.591
hafele,Häfele,311.46.590,False,Metalla 510 Soft Close Hinge Half Overlay 105° Steel Nickel Plated 48/6 Mm,6 Mm,,,KIT,,350.0,INR,False,,2026-02-01,Pricelist -2026/HAFELE PRICELIST_MRP revision Eff 1st Feb 2026 (1).pdf,12,311.46.590
hafele,Häfele,311.46.592,False,Metalla 510 Soft Close Hinge Inset 105° Steel Nickel Plated 48/6 Mm,6 Mm,,,KIT,,370.0,INR,False,,2026-02-01,Pricelist -2026/HAFELE PRICELIST_MRP revision Eff 1st Feb 2026 (1).pdf,12,311.46.592
hafele,Häfele,311.46.593,False,Metalla 510 Aluminium Profile Soft Close Hinge Full Overlay 0-offset Steel Nickel Plated 48/6 Mm,6 Mm,,,KIT,,675.0,INR,False,,2026-02-01,Pricelist -2026/HAFELE PRICELIST_MRP revision Eff 1st Feb 2026 (1).pdf,12,311.46.593
hafele,Häfele,311.46.594,False,Metalla 510 Wide Angle 155° Soft Close Hinge Full Overlay Steel Nickel Plated 48/6 Mm,6 Mm,,,KIT,,1080.0,INR,False,,2026-02-01,Pricelist -2026/HAFELE PRICELIST_MRP revision Eff 1st Feb 2026 (1).pdf,12,311.46.594
hafele,Häfele,329.19.060,False,Metalla 510 Soft Close Hinge Full Overlay 110° With 3mm Straight mounting plate Steel Nickel Plated 48/6 Mm,3mm,,,KIT,,525.0,INR,False,,2026-02-01,Pricelist -2026/HAFELE PRICELIST_MRP revision Eff 1st Feb 2026 (1).pdf,12,329.19.060
hafele,Häfele,329.13.451,False,Metalla 510 Soft Close Hinge Full Overlay 110° With 0mm Straight mounting plate Steel Nickel Plated 48/6 Mm,0mm,,,KIT,,525.0,INR,False,,2026-02-01,Pricelist -2026/HAFELE PRICELIST_MRP revision Eff 1st Feb 2026 (1).pdf,12,329.13.451
hafele,Häfele,329.19.061,False,Metalla 510 Soft Close Hinge Half Overlay 110° With 3mm Straight mounting plate Steel Nickel Plated 48/6 Mm,3mm,,,KIT,,535.0,INR,False,,2026-02-01,Pricelist -2026/HAFELE PRICELIST_MRP revision Eff 1st Feb 2026 (1).pdf,12,329.19.061
hafele,Häfele,329.13.452,False,Metalla 510 Soft Close Hinge Half Overlay 110° With 0mm Straight mounting plate Steel Nickel Plated 48/6 Mm,0mm,,,KIT,,535.0,INR,False,,2026-02-01,Pricelist -2026/HAFELE PRICELIST_MRP revision Eff 1st Feb 2026 (1).pdf,12,329.13.452
hafele,Häfele,329.13.453,False,Metalla 510 Soft Close Hinge Inset 110° With 3mm Straight mounting plate Steel Nickel Plated 48/6 Mm,3mm,,,KIT,,545.0,INR,False,,2026-02-01,Pricelist -2026/HAFELE PRICELIST_MRP revision Eff 1st Feb 2026 (1).pdf,12,329.13.453
hafele,Häfele,329.19.062,False,Metalla 510 Soft Close Hinge Inset 110° With 0mm Straight mounting plate Steel Nickel Plated 48/6 Mm,0mm,,,KIT,,485.0,INR,False,,2026-02-01,Pricelist -2026/HAFELE PRICELIST_MRP revision Eff 1st Feb 2026 (1).pdf,12,329.19.062
hafele,Häfele,329.13.450,False,Metalla 510 Blind Corner Soft Close Hinge  110° With 3mm Straight mounting plate Steel Nickel Plated 48/6 Mm,3mm,,,KIT,,1105.0,INR,False,,2026-02-01,Pricelist -2026/HAFELE PRICELIST_MRP revision Eff 1st Feb 2026 (1).pdf,12,329.13.450
hafele,Häfele,329.19.036,False,Metalla 510 Blind Corner Soft Close Hinge  110° With 0mm Straight mounting plate Steel Nickel Plated 48/6 Mm,0mm,,,KIT,,1105.0,INR,False,,2026-02-01,Pricelist -2026/HAFELE PRICELIST_MRP revision Eff 1st Feb 2026 (1).pdf,12,329.19.036
hafele,Häfele,329.19.037,False,Metalla 510 Blind Corner Soft Close Hinge  110° With 3mm Cruciform mounting plate Steel Nickel Plated 48/6 Mm,3mm,,,KIT,,1080.0,INR,False,,2026-02-01,Pricelist -2026/HAFELE PRICELIST_MRP revision Eff 1st Feb 2026 (1).pdf,12,329.19.037
hafele,Häfele,329.19.038,False,Metalla 510 Blind Corner Soft Close Hinge  110° With 0mm Cruciform mounting plate Steel Nickel Plated 48/6 Mm,0mm,,,KIT,,1080.0,INR,False,,2026-02-01,Pricelist -2026/HAFELE PRICELIST_MRP revision Eff 1st Feb 2026 (1).pdf,12,329.19.038
hafele,Häfele,329.13.454,False,Metalla 510 45° Corner Soft Close Hinge Full Overlay With Straight mounting plate Steel Nickel Plated 48/6 Mm,6 Mm,,,KIT,,865.0,INR,False,,2026-02-01,Pricelist -2026/HAFELE PRICELIST_MRP revision Eff 1st Feb 2026 (1).pdf,12,329.13.454
hafele,Häfele,329.13.455,False,Metalla 510 45° Corner Soft Close Hinge Half Overlay With Straight mounting plate Steel Nickel Plated 48/6 Mm,6 Mm,,,KIT,,975.0,INR,False,,2026-02-01,Pricelist -2026/HAFELE PRICELIST_MRP revision Eff 1st Feb 2026 (1).pdf,12,329.13.455
hafele,Häfele,329.13.456,False,Metalla 510 45° Corner Soft Close Hinge Inset With Straight mounting plate Steel Nickel Plated 48/6 Mm,6 Mm,,,KIT,,975.0,INR,False,,2026-02-01,Pricelist -2026/HAFELE PRICELIST_MRP revision Eff 1st Feb 2026 (1).pdf,12,329.13.456
hafele,Häfele,329.19.045,False,Metalla 510 45° Corner Soft Close Hinge Full Overlay With 3mm Cruciform mounting plate Steel Nickel Plated 48/6 Mm,3mm,,,KIT,,845.0,INR,False,,2026-02-01,Pricelist -2026/HAFELE PRICELIST_MRP revision Eff 1st Feb 2026 (1).pdf,12,329.19.045
hafele,Häfele,329.19.046,False,Metalla 510 45° Corner Soft Close Hinge Half Overlay With 3mm Cruciform mounting plate Steel Nickel Plated 48/6 Mm,3mm,,,KIT,,850.0,INR,False,,2026-02-01,Pricelist -2026/HAFELE PRICELIST_MRP revision Eff 1st Feb 2026 (1).pdf,12,329.19.046
hafele,Häfele,329.19.047,False,Metalla 510 45° Corner Soft Close Hinge Inset With 3mm Cruciform mounting plate Steel Nickel Plated 48/6 Mm,3mm,,,KIT,,850.0,INR,False,,2026-02-01,Pricelist -2026/HAFELE PRICELIST_MRP revision Eff 1st Feb 2026 (1).pdf,12,329.19.047
hafele,Häfele,329.19.048,False,Metalla 510 45° Corner Soft Close Hinge Full Overlay With 0mm Cruciform mounting plate Steel Nickel Plated 48/6 Mm,0mm,,,KIT,,845.0,INR,False,,2026-02-01,Pricelist -2026/HAFELE PRICELIST_MRP revision Eff 1st Feb 2026 (1).pdf,12,329.19.048
hafele,Häfele,329.19.049,False,Metalla 510 45° Corner Soft Close Hinge Half Overlay With 0mm Cruciform mounting plate Steel Nickel Plated 48/6 Mm,0mm,,,KIT,,850.0,INR,False,,2026-02-01,Pricelist -2026/HAFELE PRICELIST_MRP revision Eff 1st Feb 2026 (1).pdf,12,329.19.049
hafele,Häfele,329.19.050,False,Metalla 510 45° Corner Soft Close Hinge Inset With 0mm Cruciform mounting plate Steel Nickel Plated 48/6 Mm,0mm,,,KIT,,850.0,INR,False,,2026-02-01,Pricelist -2026/HAFELE PRICELIST_MRP revision Eff 1st Feb 2026 (1).pdf,12,329.19.050
hafele,Häfele,329.19.000,False,Metalla 510 94° thick door Soft Close Hinge Full Overlay With 3mm Straight mounting plate Steel Nickel Plated 48/6 Mm,3mm,,,KIT,,530.0,INR,False,,2026-02-01,Pricelist -2026/HAFELE PRICELIST_MRP revision Eff 1st Feb 2026 (1).pdf,13,329.19.000
hafele,Häfele,329.19.001,False,Metalla 510 94° thick door Soft Close Hinge Half Overlay With 3mm Straight mounting plate Steel Nickel Plated 48/6 Mm,3mm,,,KIT,,485.0,INR,False,,2026-02-01,Pricelist -2026/HAFELE PRICELIST_MRP revision Eff 1st Feb 2026 (1).pdf,13,329.19.001
hafele,Häfele,329.19.002,False,Metalla 510 94° thick door Soft Close Hinge inset With 3mm Straight mounting plate Steel Nickel Plated 48/6 Mm,3mm,,,KIT,,485.0,INR,False,,2026-02-01,Pricelist -2026/HAFELE PRICELIST_MRP revision Eff 1st Feb 2026 (1).pdf,13,329.19.002
hafele,Häfele,329.19.003,False,Metalla 510 94° thick door Soft Close Hinge Full Overlay With 0mm Straight mounting plate Steel Nickel Plated 48/6 Mm,0mm,,,KIT,,530.0,INR,False,,2026-02-01,Pricelist -2026/HAFELE PRICELIST_MRP revision Eff 1st Feb 2026 (1).pdf,13,329.19.003
hafele,Häfele,329.19.004,False,Metalla 510 94° thick door Soft Close Hinge Half Overlay With 0mm Straight mounting plate Steel Nickel Plated 48/6 Mm,0mm,,,KIT,,545.0,INR,False,,2026-02-01,Pricelist -2026/HAFELE PRICELIST_MRP revision Eff 1st Feb 2026 (1).pdf,13,329.19.004
hafele,Häfele,329.19.005,False,Metalla 510 94° thick door Soft Close Hinge inset With 0mm Straight mounting plate Steel Nickel Plated 48/6 Mm,0mm,,,KIT,,485.0,INR,False,,2026-02-01,Pricelist -2026/HAFELE PRICELIST_MRP revision Eff 1st Feb 2026 (1).pdf,13,329.19.005
hafele,Häfele,329.19.006,False,Metalla 510 94° thick door Soft Close Hinge Full Overlay With 3mm Cruciform mounting plate Steel Nickel Plated 48/6 Mm,3mm,,,KIT,,500.0,INR,False,,2026-02-01,Pricelist -2026/HAFELE PRICELIST_MRP revision Eff 1st Feb 2026 (1).pdf,13,329.19.006
hafele,Häfele,329.19.007,False,Metalla 510 94° thick door Soft Close Hinge Half Overlay With 3mm Cruciform mounting plate Steel Nickel Plated 48/6 Mm,3mm,,,KIT,,460.0,INR,False,,2026-02-01,Pricelist -2026/HAFELE PRICELIST_MRP revision Eff 1st Feb 2026 (1).pdf,13,329.19.007
hafele,Häfele,329.19.008,False,Metalla 510 94° thick door Soft Close Hinge inset With 3mm Cruciform mounting plate Steel Nickel Plated 48/6 Mm,3mm,,,KIT,,460.0,INR,False,,2026-02-01,Pricelist -2026/HAFELE PRICELIST_MRP revision Eff 1st Feb 2026 (1).pdf,13,329.19.008
hafele,Häfele,329.19.009,False,Metalla 510 94° thick door Soft Close Hinge Full Overlay With 0mm Cruciform mounting plate Steel Nickel Plated 48/6 Mm,0mm,,,KIT,,500.0,INR,False,,2026-02-01,Pricelist -2026/HAFELE PRICELIST_MRP revision Eff 1st Feb 2026 (1).pdf,13,329.19.009
hafele,Häfele,329.19.010,False,Metalla 510 94° thick door Soft Close Hinge Half Overlay With 0mm Cruciform mounting plate Steel Nickel Plated 48/6 Mm,0mm,,,KIT,,520.0,INR,False,,2026-02-01,Pricelist -2026/HAFELE PRICELIST_MRP revision Eff 1st Feb 2026 (1).pdf,13,329.19.010
hafele,Häfele,329.19.011,False,Metalla 510 94° thick door Soft Close Hinge inset With 0mm Cruciform mounting plate Steel Nickel Plated 48/6 Mm,0mm,,,KIT,,520.0,INR,False,,2026-02-01,Pricelist -2026/HAFELE PRICELIST_MRP revision Eff 1st Feb 2026 (1).pdf,13,329.19.011
hafele,Häfele,329.19.012,False,Metalla 510 110° Push (Reverse Spring) Hinge Full Overlay With 3mm Straight mounting plate Steel Nickel Plated 48/6 Mm,3mm,,,KIT,,1160.0,INR,False,,2026-02-01,Pricelist -2026/HAFELE PRICELIST_MRP revision Eff 1st Feb 2026 (1).pdf,13,329.19.012
hafele,Häfele,329.19.013,False,Metalla 510 110° Push (Reverse Spring) Hinge Half Overlay With 3mm Straight mounting plate Steel Nickel Plated 48/6 Mm,3mm,,,KIT,,1180.0,INR,False,,2026-02-01,Pricelist -2026/HAFELE PRICELIST_MRP revision Eff 1st Feb 2026 (1).pdf,13,329.19.013
hafele,Häfele,329.19.014,False,Metalla 510 110° Push (Reverse Spring) Hinge Full Overlay With 0mm Straight mounting plate Steel Nickel Plated 48/6 Mm,0mm,,,KIT,,1160.0,INR,False,,2026-02-01,Pricelist -2026/HAFELE PRICELIST_MRP revision Eff 1st Feb 2026 (1).pdf,13,329.19.014
hafele,Häfele,329.19.015,False,Metalla 510 110° Push (Reverse Spring) Hinge Half Overlay With 0mm Straight mounting plate Steel Nickel Plated 48/6 Mm,0mm,,,KIT,,1050.0,INR,False,,2026-02-01,Pricelist -2026/HAFELE PRICELIST_MRP revision Eff 1st Feb 2026 (1).pdf,13,329.19.015
hafele,Häfele,329.19.016,False,Metalla 510 110° Push (Reverse Spring) Hinge Full Overlay With 3mm Cruciform mounting plate Steel Nickel Plated 48/6 Mm,3mm,,,KIT,,1135.0,INR,False,,2026-02-01,Pricelist -2026/HAFELE PRICELIST_MRP revision Eff 1st Feb 2026 (1).pdf,13,329.19.016
hafele,Häfele,329.19.017,False,Metalla 510 110° Push (Reverse Spring) Hinge Half Overlay With 3mm Cruciform mounting plate Steel Nickel Plated 48/6 Mm,3mm,,,KIT,,1150.0,INR,False,,2026-02-01,Pricelist -2026/HAFELE PRICELIST_MRP revision Eff 1st Feb 2026 (1).pdf,13,329.19.017
hafele,Häfele,329.19.018,False,Metalla 510 110° Push (Reverse Spring) Hinge Full Overlay With 0mm Cruciform mounting plate Steel Nickel Plated 48/6 Mm,0mm,,,KIT,,1010.0,INR,False,,2026-02-01,Pricelist -2026/HAFELE PRICELIST_MRP revision Eff 1st Feb 2026 (1).pdf,13,329.19.018
hafele,Häfele,329.19.019,False,Metalla 510 110° Push (Reverse Spring) Hinge Half Overlay With 0mm Cruciform mounting plate Steel Nickel Plated 48/6 Mm,0mm,,,KIT,,1025.0,INR,False,,2026-02-01,Pricelist -2026/HAFELE PRICELIST_MRP revision Eff 1st Feb 2026 (1).pdf,13,329.19.019
hafele,Häfele,329.19.020,False,Metalla 510 110° Unsprung Hinge Full Overlay With 3mm Straight mounting plate Steel Nickel Plated 48/6 Mm,3mm,,,KIT,,420.0,INR,False,,2026-02-01,Pricelist -2026/HAFELE PRICELIST_MRP revision Eff 1st Feb 2026 (1).pdf,13,329.19.020
hafele,Häfele,329.19.021,False,Metalla 510 110° Unsprung Hinge Half Overlay With 3mm Straight mounting plate Steel Nickel Plated 48/6 Mm,3mm,,,KIT,,435.0,INR,False,,2026-02-01,Pricelist -2026/HAFELE PRICELIST_MRP revision Eff 1st Feb 2026 (1).pdf,14,329.19.021
hafele,Häfele,329.19.022,False,Metalla 510 110° Unsprung Hinge Full Overlay With 0mm Straight mounting plate Steel Nickel Plated 48/6 Mm,0mm,,,KIT,,420.0,INR,False,,2026-02-01,Pricelist -2026/HAFELE PRICELIST_MRP revision Eff 1st Feb 2026 (1).pdf,14,329.19.022
hafele,Häfele,329.19.023,False,Metalla 510 110° Unsprung Hinge Half Overlay With 0mm Straight mounting plate Steel Nickel Plated 48/6 Mm,0mm,,,KIT,,435.0,INR,False,,2026-02-01,Pricelist -2026/HAFELE PRICELIST_MRP revision Eff 1st Feb 2026 (1).pdf,14,329.19.023
hafele,Häfele,329.19.024,False,Metalla 510 110° Unsprung Hinge Full Overlay With 3mm Cruciform mounting plate Steel Nickel Plated 48/6 Mm,3mm,,,KIT,,365.0,INR,False,,2026-02-01,Pricelist -2026/HAFELE PRICELIST_MRP revision Eff 1st Feb 2026 (1).pdf,14,329.19.024
hafele,Häfele,329.19.025,False,Metalla 510 110° Unsprung Hinge Half Overlay With 3mm Cruciform mounting plate Steel Nickel Plated 48/6 Mm,3mm,,,KIT,,340.0,INR,False,,2026-02-01,Pricelist -2026/HAFELE PRICELIST_MRP revision Eff 1st Feb 2026 (1).pdf,14,329.19.025
hafele,Häfele,329.19.026,False,Metalla 510 110° Unsprung Hinge Full Overlay With 0mm Cruciform mounting plate Steel Nickel Plated 48/6 Mm,0mm,,,KIT,,365.0,INR,False,,2026-02-01,Pricelist -2026/HAFELE PRICELIST_MRP revision Eff 1st Feb 2026 (1).pdf,14,329.19.026
hafele,Häfele,329.19.027,False,Metalla 510 110° Unsprung Hinge Half Overlay With 0mm Cruciform mounting plate Steel Nickel Plated 48/6 Mm,0mm,,,KIT,,385.0,INR,False,,2026-02-01,Pricelist -2026/HAFELE PRICELIST_MRP revision Eff 1st Feb 2026 (1).pdf,14,329.19.027
hafele,Häfele,329.19.028,False,Metalla 510 165° Sprung Hinge 0-Offset Full Overlay With 3mm Straight mounting plate Steel Nickel Plated 48/6 Mm,3mm,,,KIT,,1295.0,INR,False,,2026-02-01,Pricelist -2026/HAFELE PRICELIST_MRP revision Eff 1st Feb 2026 (1).pdf,14,329.19.028
hafele,Häfele,329.19.029,False,Metalla 510 165° Sprung Hinge 0-Offset Half Overlay With 3mm Straight mounting plate Steel Nickel Plated 48/6 Mm,3mm,,,KIT,,1325.0,INR,False,,2026-02-01,Pricelist -2026/HAFELE PRICELIST_MRP revision Eff 1st Feb 2026 (1).pdf,14,329.19.029
hafele,Häfele,329.19.030,False,Metalla 510 165° Sprung Hinge 0-Offset Full Overlay With 0mm Straight mounting plate Steel Nickel Plated 48/6 Mm,0mm,,,KIT,,1295.0,INR,False,,2026-02-01,Pricelist -2026/HAFELE PRICELIST_MRP revision Eff 1st Feb 2026 (1).pdf,14,329.19.030
hafele,Häfele,329.19.031,False,Metalla 510 165° Sprung Hinge 0-Offset Half Overlay With 0mm Straight mounting plate Steel Nickel Plated 48/6 Mm,0mm,,,KIT,,1325.0,INR,False,,2026-02-01,Pricelist -2026/HAFELE PRICELIST_MRP revision Eff 1st Feb 2026 (1).pdf,14,329.19.031
hafele,Häfele,329.19.032,False,Metalla 510 165° Sprung Hinge 0-Offset Full Overlay With 3mm Cruciform mounting plate Steel Nickel Plated 48/6 Mm,3mm,,,KIT,,1055.0,INR,False,,2026-02-01,Pricelist -2026/HAFELE PRICELIST_MRP revision Eff 1st Feb 2026 (1).pdf,14,329.19.032
hafele,Häfele,329.19.033,False,Metalla 510 165° Sprung Hinge 0-Offset Half Overlay With 3mm Cruciform mounting plate Steel Nickel Plated 48/6 Mm,3mm,,,KIT,,1295.0,INR,False,,2026-02-01,Pricelist -2026/HAFELE PRICELIST_MRP revision Eff 1st Feb 2026 (1).pdf,14,329.19.033
hafele,Häfele,329.19.034,False,Metalla 510 165° Sprung Hinge 0-Offset Full Overlay With 0mm Cruciform mounting plate Steel Nickel Plated 48/6 Mm,0mm,,,KIT,,1055.0,INR,False,,2026-02-01,Pricelist -2026/HAFELE PRICELIST_MRP revision Eff 1st Feb 2026 (1).pdf,14,329.19.034
hafele,Häfele,329.19.035,False,Metalla 510 165° Sprung Hinge 0-Offset Half Overlay With 0mm Cruciform mounting plate Steel Nickel Plated 48/6 Mm,0mm,,,KIT,,1295.0,INR,False,,2026-02-01,Pricelist -2026/HAFELE PRICELIST_MRP revision Eff 1st Feb 2026 (1).pdf,14,329.19.035
hafele,Häfele,329.19.051,False,Metalla 510 Soft Close Hinge Full Overlay 110° With Straight mounting plate (3mm) Midnight Black 48/6 Mm,3mm,,,KIT,,630.0,INR,False,,2026-02-01,Pricelist -2026/HAFELE PRICELIST_MRP revision Eff 1st Feb 2026 (1).pdf,14,329.19.051
hafele,Häfele,329.19.052,False,Metalla 510 Soft Close Hinge Half Overlay 110° With Straight mounting plate (3mm) Midnight Black 48/6 Mm,3mm,,,KIT,,665.0,INR,False,,2026-02-01,Pricelist -2026/HAFELE PRICELIST_MRP revision Eff 1st Feb 2026 (1).pdf,14,329.19.052
hafele,Häfele,329.19.053,False,Metalla 510 Soft Close Hinge Inset 110° With Straight mounting plate (3mm) Midnight Black 48/6 Mm,3mm,,,KIT,,670.0,INR,False,,2026-02-01,Pricelist -2026/HAFELE PRICELIST_MRP revision Eff 1st Feb 2026 (1).pdf,14,329.19.053
hafele,Häfele,329.19.054,False,Metalla 510 155° Soft Close Hinge 0-Offset Full Overlay With Straight mounting plate (3mm) Midnight Black 48/6 Mm,3mm,,,KIT,,1185.0,INR,False,,2026-02-01,Pricelist -2026/HAFELE PRICELIST_MRP revision Eff 1st Feb 2026 (1).pdf,14,329.19.054
hafele,Häfele,329.19.055,False,Metalla 510 155° Sprung Hinge 0-Offset Full Overlay With Straight mounting plate (3mm) Midnight Black 48/6 Mm,3mm,,,KIT,,873.0,INR,False,,2026-02-01,Pricelist -2026/HAFELE PRICELIST_MRP revision Eff 1st Feb 2026 (1).pdf,14,329.19.055
hafele,Häfele,329.19.056,False,Metalla 510 94° thick door Soft Close Hinge Full Overlay With Straight mounting plate (3mm) Midnight Black 48/6 Mm,3mm,,,KIT,,725.0,INR,False,,2026-02-01,Pricelist -2026/HAFELE PRICELIST_MRP revision Eff 1st Feb 2026 (1).pdf,14,329.19.056
hafele,Häfele,329.19.058,False,Metalla 510 94° thick door Soft Close Hinge Full Overlay With Straight mounting plate (0mm) Midnight Black 48/6 Mm,0mm,,,KIT,,645.0,INR,False,,2026-02-01,Pricelist -2026/HAFELE PRICELIST_MRP revision Eff 1st Feb 2026 (1).pdf,14,329.19.058
hafele,Häfele,329.19.057,False,Metalla 510 94° thick door Unsprung Hinge Full Overlay With Straight mounting plate (3mm) Midnight Black 48/6 Mm,3mm,,,KIT,,421.0,INR,False,,2026-02-01,Pricelist -2026/HAFELE PRICELIST_MRP revision Eff 1st Feb 2026 (1).pdf,14,329.19.057
hafele,Häfele,329.19.059,False,Metalla 510 94° thick door Unsprung Hinge Full Overlay With Straight mounting plate (0mm) Midnight Black 48/6 Mm,0mm,,,KIT,,421.0,INR,False,,2026-02-01,Pricelist -2026/HAFELE PRICELIST_MRP revision Eff 1st Feb 2026 (1).pdf,14,329.19.059
hafele,Häfele,329.32.630,False,Metalla 510 Accessories  - Cover Cap for Hinge Cup,,,,PC,,20.0,INR,False,,2026-02-01,Pricelist -2026/HAFELE PRICELIST_MRP revision Eff 1st Feb 2026 (1).pdf,15,329.32.630
hafele,Häfele,329.32.640,False,Metalla 510 Accessories for 105° - Cover Cap for Arm,,,,PC,,11.0,INR,False,,2026-02-01,Pricelist -2026/HAFELE PRICELIST_MRP revision Eff 1st Feb 2026 (1).pdf,15,329.32.640
hafele,Häfele,329.32.652,False,"Metalla 510 Accessories - Cover Cap for Arm (For Metalla 510 110°, 94°, 45°, Blind Corner Hinges)",,,,PC,,13.0,INR,False,,2026-02-01,Pricelist -2026/HAFELE PRICELIST_MRP revision Eff 1st Feb 2026 (1).pdf,15,329.32.652
hafele,Häfele,329.24.501,False,Metalla 510 Accessories - Opening Angle Stop,,,,PC,,9.0,INR,False,,2026-02-01,Pricelist -2026/HAFELE PRICELIST_MRP revision Eff 1st Feb 2026 (1).pdf,15,329.24.501
hafele,Häfele,356.12.308,False,Push To Open Trigger set 37mm With Magnet Anthracite,37mm,,,SET,,920.0,INR,False,,2026-02-01,Pricelist -2026/HAFELE PRICELIST_MRP revision Eff 1st Feb 2026 (1).pdf,15,356.12.308
hafele,Häfele,356.12.362,False,Push To Open Trigger set 20mm With Magnet Anthracite,20mm,,,SET,,830.0,INR,False,,2026-02-01,Pricelist -2026/HAFELE PRICELIST_MRP revision Eff 1st Feb 2026 (1).pdf,15,356.12.362
hafele,Häfele,356.12.508,False,Push To Open Trigger set 37mm With Magnet Grey,37mm,,,SET,,920.0,INR,False,,2026-02-01,Pricelist -2026/HAFELE PRICELIST_MRP revision Eff 1st Feb 2026 (1).pdf,15,356.12.508
hafele,Häfele,356.12.562,False,Push To Open Trigger set 20mm With Magnet Grey,20mm,,,SET,,830.0,INR,False,,2026-02-01,Pricelist -2026/HAFELE PRICELIST_MRP revision Eff 1st Feb 2026 (1).pdf,15,356.12.562
hafele,Häfele,356.12.708,False,Push To Open Trigger set 37mm With Magnet White,37mm,,,SET,,920.0,INR,False,,2026-02-01,Pricelist -2026/HAFELE PRICELIST_MRP revision Eff 1st Feb 2026 (1).pdf,15,356.12.708
hafele,Häfele,356.12.762,False,Push To Open Trigger set 20mm With Magnet White,20mm,,,SET,,830.0,INR,False,,2026-02-01,Pricelist -2026/HAFELE PRICELIST_MRP revision Eff 1st Feb 2026 (1).pdf,15,356.12.762
hafele,Häfele,356.12.317,False,Push To Open 37mm concealed With buffer anthracite,37mm,,,PC,,920.0,INR,False,,2026-02-01,Pricelist -2026/HAFELE PRICELIST_MRP revision Eff 1st Feb 2026 (1).pdf,15,356.12.317
hafele,Häfele,356.12.613,False,Push To Open 20mm STRONG concealed With buffer anthracite,20mm,,,PC,,830.0,INR,False,,2026-02-01,Pricelist -2026/HAFELE PRICELIST_MRP revision Eff 1st Feb 2026 (1).pdf,15,356.12.613
hafele,Häfele,356.12.517,False,Push To Open 37mm concealed With buffer grey,37mm,,,PC,,920.0,INR,False,,2026-02-01,Pricelist -2026/HAFELE PRICELIST_MRP revision Eff 1st Feb 2026 (1).pdf,15,356.12.517
hafele,Häfele,356.12.614,False,Push To Open 20mm STRONG concealed With buffer grey,20mm,,,PC,,830.0,INR,False,,2026-02-01,Pricelist -2026/HAFELE PRICELIST_MRP revision Eff 1st Feb 2026 (1).pdf,15,356.12.614
hafele,Häfele,356.12.717,False,Push To Open 37mm concealed With buffer white,37mm,,,PC,,920.0,INR,False,,2026-02-01,Pricelist -2026/HAFELE PRICELIST_MRP revision Eff 1st Feb 2026 (1).pdf,15,356.12.717
hafele,Häfele,356.12.612,False,Push To Open 20mm STRONG concealed With buffer white,20mm,,,PC,,830.0,INR,False,,2026-02-01,Pricelist -2026/HAFELE PRICELIST_MRP revision Eff 1st Feb 2026 (1).pdf,15,356.12.612
hafele,Häfele,356.12.324,False,Push To Open trigger adapter 37mm Anthracite,37mm,,,SET,,236.0,INR,False,,2026-02-01,Pricelist -2026/HAFELE PRICELIST_MRP revision Eff 1st Feb 2026 (1).pdf,15,356.12.324
hafele,Häfele,356.12.334,False,Push To Open trigger adapter 20mm Anthracite,20mm,,,SET,,225.0,INR,False,,2026-02-01,Pricelist -2026/HAFELE PRICELIST_MRP revision Eff 1st Feb 2026 (1).pdf,15,356.12.334
hafele,Häfele,356.12.524,False,Push To Open trigger adapter 37mm Grey,37mm,,,SET,,236.0,INR,False,,2026-02-01,Pricelist -2026/HAFELE PRICELIST_MRP revision Eff 1st Feb 2026 (1).pdf,15,356.12.524
hafele,Häfele,356.12.534,False,Push To Open trigger adapter 20mm Grey,20mm,,,SET,,225.0,INR,False,,2026-02-01,Pricelist -2026/HAFELE PRICELIST_MRP revision Eff 1st Feb 2026 (1).pdf,15,356.12.534
hafele,Häfele,356.12.724,False,Push To Open trigger adapter 37mm White,37mm,,,SET,,236.0,INR,False,,2026-02-01,Pricelist -2026/HAFELE PRICELIST_MRP revision Eff 1st Feb 2026 (1).pdf,16,356.12.724
hafele,Häfele,356.12.734,False,Push To Open trigger adapter 20mm White,20mm,,,SET,,225.0,INR,False,,2026-02-01,Pricelist -2026/HAFELE PRICELIST_MRP revision Eff 1st Feb 2026 (1).pdf,16,356.12.734
hafele,Häfele,342.79.332,False,"Bom Kit of Klar Hinge Black for 1 Profile Shutter (2 Hinges (L+R), 2 Hinge Corner Bracket (L+R), Pair of 45° Corner Connector)",,,,SET,,8010.0,INR,False,,2026-02-01,Pricelist -2026/HAFELE PRICELIST_MRP revision Eff 1st Feb 2026 (1).pdf,16,342.79.332
hafele,Häfele,342.79.300,False,Bom Kit of Klar Hinge Black for Wooden Door 2 Hinges (L+R),,,,KIT,,6835.0,INR,False,,2026-02-01,Pricelist -2026/HAFELE PRICELIST_MRP revision Eff 1st Feb 2026 (1).pdf,16,342.79.300
hafele,Häfele,342.79.301,False,Klar Hinge Black Right for Profile and Wooden Door,,,,PC,,3420.0,INR,False,,2026-02-01,Pricelist -2026/HAFELE PRICELIST_MRP revision Eff 1st Feb 2026 (1).pdf,16,342.79.301
hafele,Häfele,342.79.302,False,Klar Hinge Black Left for Profile and Wooden Door,,,,PC,,3420.0,INR,False,,2026-02-01,Pricelist -2026/HAFELE PRICELIST_MRP revision Eff 1st Feb 2026 (1).pdf,16,342.79.302
hafele,Häfele,342.79.331,False,"Bom Kit of Klar Hinge Silver for 1 Profile Shutter (2 Hinges (L+R), 2 Hinge Corner Bracket (L+R), Pair of 45° Corner Connector)",,,,SET,,8010.0,INR,False,,2026-02-01,Pricelist -2026/HAFELE PRICELIST_MRP revision Eff 1st Feb 2026 (1).pdf,16,342.79.331
hafele,Häfele,342.79.700,False,Bom Kit of Klar Hinge Silver for Wooden Door 2 Hinges (L+R),,,,KIT,,6100.0,INR,False,,2026-02-01,Pricelist -2026/HAFELE PRICELIST_MRP revision Eff 1st Feb 2026 (1).pdf,16,342.79.700
hafele,Häfele,342.79.701,False,Klar Hinge Silver Right for Profile and Wooden Door,,,,PC,,3420.0,INR,False,,2026-02-01,Pricelist -2026/HAFELE PRICELIST_MRP revision Eff 1st Feb 2026 (1).pdf,16,342.79.701
hafele,Häfele,342.79.702,False,Klar Hinge Silver Left for Profile and Wooden Door,,,,PC,,3420.0,INR,False,,2026-02-01,Pricelist -2026/HAFELE PRICELIST_MRP revision Eff 1st Feb 2026 (1).pdf,16,342.79.702
hafele,Häfele,342.79.717,False,Hinge Corner Bracket Right,,,,PC,,415.0,INR,False,,2026-02-01,Pricelist -2026/HAFELE PRICELIST_MRP revision Eff 1st Feb 2026 (1).pdf,16,342.79.717
hafele,Häfele,342.79.718,False,Hinge Corner Bracket Left,,,,PC,,415.0,INR,False,,2026-02-01,Pricelist -2026/HAFELE PRICELIST_MRP revision Eff 1st Feb 2026 (1).pdf,16,342.79.718
hafele,Häfele,483.98.060,False,Gas Spring Upward Opening C/C 245mm 60 N,245mm,,,PR,,555.0,INR,False,,2026-02-01,Pricelist -2026/HAFELE PRICELIST_MRP revision Eff 1st Feb 2026 (1).pdf,16,483.98.060
hafele,Häfele,483.98.061,False,Gas Spring Upward Opening C/C 245mm 80 N,245mm,,,PR,,585.0,INR,False,,2026-02-01,Pricelist -2026/HAFELE PRICELIST_MRP revision Eff 1st Feb 2026 (1).pdf,16,483.98.061
hafele,Häfele,483.98.062,False,Gas Spring Upward Opening C/C 245mm 100 N,245mm,,,PR,,615.0,INR,False,,2026-02-01,Pricelist -2026/HAFELE PRICELIST_MRP revision Eff 1st Feb 2026 (1).pdf,16,483.98.062
hafele,Häfele,483.98.063,False,Gas Spring Upward Opening C/C 245mm 120 N,245mm,,,PR,,650.0,INR,False,,2026-02-01,Pricelist -2026/HAFELE PRICELIST_MRP revision Eff 1st Feb 2026 (1).pdf,16,483.98.063
hafele,Häfele,483.98.064,False,Gas Spring Upward Opening C/C 245mm 150 N,245mm,,,PR,,680.0,INR,False,,2026-02-01,Pricelist -2026/HAFELE PRICELIST_MRP revision Eff 1st Feb 2026 (1).pdf,16,483.98.064
hafele,Häfele,373.82.381,False,SC GAS SPRING UPWARD OPN ANTHRACITE 60N,,,,PR,,640.0,INR,False,,2026-02-01,Pricelist -2026/HAFELE PRICELIST_MRP revision Eff 1st Feb 2026 (1).pdf,16,373.82.381
hafele,Häfele,373.82.382,False,SC GAS SPRING UPWARD OPN ANTHRACITE 80N,,,,PR,,660.0,INR,False,,2026-02-01,Pricelist -2026/HAFELE PRICELIST_MRP revision Eff 1st Feb 2026 (1).pdf,16,373.82.382
hafele,Häfele,373.82.383,False,SC GAS SPRING UPWARD OPN ANTHRACITE 100N,,,,PR,,695.0,INR,False,,2026-02-01,Pricelist -2026/HAFELE PRICELIST_MRP revision Eff 1st Feb 2026 (1).pdf,16,373.82.383
hafele,Häfele,373.82.384,False,SC GAS SPRING UPWARD OPN ANTHRACITE 120N,,,,PR,,730.0,INR,False,,2026-02-01,Pricelist -2026/HAFELE PRICELIST_MRP revision Eff 1st Feb 2026 (1).pdf,16,373.82.384
hafele,Häfele,373.82.385,False,SC GAS SPRING UPWARD OPN ANTHRACITE 150N,,,,PR,,755.0,INR,False,,2026-02-01,Pricelist -2026/HAFELE PRICELIST_MRP revision Eff 1st Feb 2026 (1).pdf,16,373.82.385
hafele,Häfele,373.82.099,False,SC GAS SPRING ALU FRAME BRKT ANTHRACITE,,,,PR,,55.0,INR,False,,2026-02-01,Pricelist -2026/HAFELE PRICELIST_MRP revision Eff 1st Feb 2026 (1).pdf,16,373.82.099
hafele,Häfele,373.83.006,False,Gas Lift for Upward Opening C/C 254 mm 200 N,254 mm,,,PC,,370.0,INR,False,,2026-02-01,Pricelist -2026/HAFELE PRICELIST_MRP revision Eff 1st Feb 2026 (1).pdf,16,373.83.006
hafele,Häfele,373.83.007,False,Gas Lift for Upward Opening C/C 254 mm 250 N,254 mm,,,PC,,384.0,INR,False,,2026-02-01,Pricelist -2026/HAFELE PRICELIST_MRP revision Eff 1st Feb 2026 (1).pdf,16,373.83.007
hafele,Häfele,373.83.012,False,Pair of Gas Spring Downward Opening C/C 245 mm,245 mm,,,PR,,765.0,INR,False,,2026-02-01,Pricelist -2026/HAFELE PRICELIST_MRP revision Eff 1st Feb 2026 (1).pdf,16,373.83.012
hafele,Häfele,373.66.611,False,"Duo Flap Stay,Zinc Alloy,Nickel Plated",,,,KIT,,1720.0,INR,False,,2026-02-01,Pricelist -2026/HAFELE PRICELIST_MRP revision Eff 1st Feb 2026 (1).pdf,16,373.66.611
hafele,Häfele,373.66.261,False,"Duo Flap Stay,Zinc Alloy,White Colour",,,,KIT,,2628.0,INR,False,,2026-02-01,Pricelist -2026/HAFELE PRICELIST_MRP revision Eff 1st Feb 2026 (1).pdf,16,373.66.261
hafele,Häfele,373.66.211,False,"Duo Flap Stay,Zinc Alloy,Black Colour",,,,KIT,,2549.0,INR,False,,2026-02-01,Pricelist -2026/HAFELE PRICELIST_MRP revision Eff 1st Feb 2026 (1).pdf,16,373.66.211
hafele,Häfele,373.66.631,False,"Duo Forte Flap Stay,Nickel Plated, for Wood/Ed = 28 mm",28 mm,,,KIT,,2135.0,INR,False,,2026-02-01,Pricelist -2026/HAFELE PRICELIST_MRP revision Eff 1st Feb 2026 (1).pdf,16,373.66.631
hafele,Häfele,373.66.371,False,"Duo Forte Flap Stay,Zinc Alloy,White Colour",,,,KIT,,2865.0,INR,False,,2026-02-01,Pricelist -2026/HAFELE PRICELIST_MRP revision Eff 1st Feb 2026 (1).pdf,16,373.66.371
hafele,Häfele,373.66.311,False,"Duo Forte Flap Stay,Zinc Alloy,Black Colour",,,,KIT,,2865.0,INR,False,,2026-02-01,Pricelist -2026/HAFELE PRICELIST_MRP revision Eff 1st Feb 2026 (1).pdf,16,373.66.311
hafele,Häfele,373.66.621,False,"Duo Flap Stay for Aluminium Frame, 20mm Zinc Alloy Np",20mm,,,KIT,,1790.0,INR,False,,2026-02-01,Pricelist -2026/HAFELE PRICELIST_MRP revision Eff 1st Feb 2026 (1).pdf,16,373.66.621
hafele,Häfele,373.66.641,False,"Duo Forte Flap Stay  for Aluminium Frame, 20mm Zinc Alloy Np, Ed= 28 mm",20mm,,,KIT,,2065.0,INR,False,,2026-02-01,Pricelist -2026/HAFELE PRICELIST_MRP revision Eff 1st Feb 2026 (1).pdf,16,373.66.641
hafele,Häfele,483.01.745,False,Eco Metalla Hinge 110° Full Over Lay Assembled with Hinges & 0mm 4 Hole Mounting Plate 2Pcs Each & Screws 8 Pcs 1,0mm,,,PR,,116.0,INR,False,,2026-02-01,Pricelist -2026/HAFELE PRICELIST_MRP revision Eff 1st Feb 2026 (1).pdf,17,483.01.745
hafele,Häfele,483.01.746,False,Eco Metalla Hinge 110° Half Over Lay Assembled with Hinges & 0mm 4 Hole Mounting Plate 2Pcs Each & Screws 8 Pcs 1,0mm,,,PR,,121.0,INR,False,,2026-02-01,Pricelist -2026/HAFELE PRICELIST_MRP revision Eff 1st Feb 2026 (1).pdf,17,483.01.746
hafele,Häfele,483.01.747,False,Eco Metalla Hinges 110° Inset Application Assembled with Hinges & 0mm 4 Hole Mounting Plate 2Pcs Each & Screws 8Pcs 1,0mm,,,PR,,126.0,INR,False,,2026-02-01,Pricelist -2026/HAFELE PRICELIST_MRP revision Eff 1st Feb 2026 (1).pdf,17,483.01.747
hafele,Häfele,311.01.146,False,Clip-On Metalla 0 Crank 4 Hole Mp 1,,,,PR,,240.0,INR,False,,2026-02-01,Pricelist -2026/HAFELE PRICELIST_MRP revision Eff 1st Feb 2026 (1).pdf,17,311.01.146
hafele,Häfele,311.01.145,False,Clip-On Metalla Half Crank 4 Hole Mp 1,,,,PR,,245.0,INR,False,,2026-02-01,Pricelist -2026/HAFELE PRICELIST_MRP revision Eff 1st Feb 2026 (1).pdf,17,311.01.145
hafele,Häfele,311.01.144,False,Clip-On Metalla Inset 4 Hole Mp 1,,,,PR,,245.0,INR,False,,2026-02-01,Pricelist -2026/HAFELE PRICELIST_MRP revision Eff 1st Feb 2026 (1).pdf,17,311.01.144
hafele,Häfele,311.01.121,False,Metalla Hinge with 4 Hole Mounting Plate Full Overlay 48/6 mm Ms Nickel Plated (2 Hinge+2 Mounting Plate) Slide On 1,6 mm,,,PR,,165.0,INR,False,,2026-02-01,Pricelist -2026/HAFELE PRICELIST_MRP revision Eff 1st Feb 2026 (1).pdf,17,311.01.121
hafele,Häfele,311.01.122,False,Metalla Hinge with 4 Hole Mounting Plate Half Overlay 110 Degree Steel Nickel Plated Slide On 1,,,,PR,,167.0,INR,False,,2026-02-01,Pricelist -2026/HAFELE PRICELIST_MRP revision Eff 1st Feb 2026 (1).pdf,17,311.01.122
hafele,Häfele,311.01.123,False,Metalla Hinge with 4 Hole Mounting Plate Inset Mounting Steel Nickel Plated Slide On 1,,,,PR,,175.0,INR,False,,2026-02-01,Pricelist -2026/HAFELE PRICELIST_MRP revision Eff 1st Feb 2026 (1).pdf,17,311.01.123
hafele,Häfele,315.00.990,False,Slide on Soft Close Hinge Full Overlay 1,,,,PR,,445.0,INR,False,,2026-02-01,Pricelist -2026/HAFELE PRICELIST_MRP revision Eff 1st Feb 2026 (1).pdf,17,315.00.990
hafele,Häfele,315.00.991,False,Slide on Soft Close Hinge Half Overlay 1,,,,PR,,460.0,INR,False,,2026-02-01,Pricelist -2026/HAFELE PRICELIST_MRP revision Eff 1st Feb 2026 (1).pdf,17,315.00.991
hafele,Häfele,315.00.992,False,Slide on Soft Close Hinge Inset 1,,,,PR,,470.0,INR,False,,2026-02-01,Pricelist -2026/HAFELE PRICELIST_MRP revision Eff 1st Feb 2026 (1).pdf,17,315.00.992
hafele,Häfele,311.01.653,False,"Ss Soft Close Hng 110 Deg Half Overlay, SS 304 1",,,,PR,,920.0,INR,False,,2026-02-01,Pricelist -2026/HAFELE PRICELIST_MRP revision Eff 1st Feb 2026 (1).pdf,17,311.01.653
hafele,Häfele,311.01.654,False,"Ss Soft Close Hng 110 Deg Inset, SS 304 1",,,,PR,,945.0,INR,False,,2026-02-01,Pricelist -2026/HAFELE PRICELIST_MRP revision Eff 1st Feb 2026 (1).pdf,17,311.01.654
hafele,Häfele,311.66.542,False,Pie Cut Corner Hinge 135 Degree 48/6 mm (Old article 311.01.561) 1,6 mm,,,PR,,473.0,INR,False,,2026-02-01,Pricelist -2026/HAFELE PRICELIST_MRP revision Eff 1st Feb 2026 (1).pdf,17,311.66.542
hafele,Häfele,315.07.012,False,Wide Angle Soft Close Hinge 165°  Opening 48/6 mm Steel Nickel Plated (Consist of 2 Hinges+2 Mounting Plates+ 8 Screws 1,6 mm,,,PR,,1170.0,INR,False,,2026-02-01,Pricelist -2026/HAFELE PRICELIST_MRP revision Eff 1st Feb 2026 (1).pdf,17,315.07.012
hafele,Häfele,483.01.766,False,"Metalla 1050 Slide-On, Full Overlay Hinge with 4 Hole Mounting Plate 1",,,,PR,,120.0,INR,False,,2026-02-01,Pricelist -2026/HAFELE PRICELIST_MRP revision Eff 1st Feb 2026 (1).pdf,17,483.01.766
hafele,Häfele,483.01.767,False,"Metalla 1050 Slide-On, Half Overlay Hinge with 4 Hole Mounting Plate 1",,,,PR,,108.0,INR,False,,2026-02-01,Pricelist -2026/HAFELE PRICELIST_MRP revision Eff 1st Feb 2026 (1).pdf,17,483.01.767
hafele,Häfele,483.01.768,False,"Metalla 1050 Slide-On, Inset Hinge with 4 Hole Mounting Plate 1",,,,PR,,112.0,INR,False,,2026-02-01,Pricelist -2026/HAFELE PRICELIST_MRP revision Eff 1st Feb 2026 (1).pdf,17,483.01.768
hafele,Häfele,315.07.132,False,"Metalla 3050 Clip-On Soft Close 105º, Full Overlay Hinge with 4-Hole Mounting Plate 1",,,,PR,,513.0,INR,False,,2026-02-01,Pricelist -2026/HAFELE PRICELIST_MRP revision Eff 1st Feb 2026 (1).pdf,18,315.07.132
hafele,Häfele,315.07.133,False,"Metalla 3050 Clip-On Soft Close 105º, Half Overlay Hinge with 4-Hole Mounting Plate 1",,,,PR,,516.0,INR,False,,2026-02-01,Pricelist -2026/HAFELE PRICELIST_MRP revision Eff 1st Feb 2026 (1).pdf,18,315.07.133
hafele,Häfele,315.07.134,False,"Metalla 3050 Clip-On Soft Close 105º, Inset Hinge with 4-Hole Mounting Plate 1",,,,PR,,540.0,INR,False,,2026-02-01,Pricelist -2026/HAFELE PRICELIST_MRP revision Eff 1st Feb 2026 (1).pdf,18,315.07.134
hafele,Häfele,315.07.135,False,"Metalla 3050 Clip-On Soft Close 105º, Full Overlay Hinge with 3D Eccentric Mounting Plate 1",,,,PR,,513.0,INR,False,,2026-02-01,Pricelist -2026/HAFELE PRICELIST_MRP revision Eff 1st Feb 2026 (1).pdf,18,315.07.135
hafele,Häfele,315.07.136,False,"Metalla 3050 Clip-On Soft Close 105º, Half Overlay Hinge with 3D Eccentric Mounting Plate 1",,,,PR,,516.0,INR,False,,2026-02-01,Pricelist -2026/HAFELE PRICELIST_MRP revision Eff 1st Feb 2026 (1).pdf,18,315.07.136
hafele,Häfele,315.07.137,False,"Metalla 3050 Clip-On Soft Close 105º, Inset Hinge with 3D Eccentric Mounting Plate 1",,,,PR,,540.0,INR,False,,2026-02-01,Pricelist -2026/HAFELE PRICELIST_MRP revision Eff 1st Feb 2026 (1).pdf,18,315.07.137
hafele,Häfele,315.07.138,False,"Metalla 3050 Slide-On Soft Close 105º, Full Overlay Hinge with 4 Hole Mounting Plate 1",,,,PR,,396.0,INR,False,,2026-02-01,Pricelist -2026/HAFELE PRICELIST_MRP revision Eff 1st Feb 2026 (1).pdf,18,315.07.138
hafele,Häfele,315.07.139,False,"Metalla 3050 Slide-On Soft Close 105º, Half Overlay Hinge with 4 Hole Mounting Plate 1",,,,PR,,408.0,INR,False,,2026-02-01,Pricelist -2026/HAFELE PRICELIST_MRP revision Eff 1st Feb 2026 (1).pdf,18,315.07.139
hafele,Häfele,315.07.140,False,"Metalla 3050 Slide-On Soft Close 105º, Inset Hinge with 4 Hole Mounting Plate 1",,,,PR,,419.0,INR,False,,2026-02-01,Pricelist -2026/HAFELE PRICELIST_MRP revision Eff 1st Feb 2026 (1).pdf,18,315.07.140
hafele,Häfele,316.30.580,False,"Metallamat A Hinge+ 2 mm Mounting Plate, 110 Degree Opening, 0 Crank, for Door Thickness Upto 19 mm 1",2 mm,,,PC,,114.0,INR,False,,2026-02-01,Pricelist -2026/HAFELE PRICELIST_MRP revision Eff 1st Feb 2026 (1).pdf,18,316.30.580
hafele,Häfele,316.30.581,False,"Metallamat A Hinge+ 2 mm Mounting Plate,  110 Degree Opening, 9 mm Crank, for Door Thickness Upto 19 mm 1",2 mm,,,PC,,120.0,INR,False,,2026-02-01,Pricelist -2026/HAFELE PRICELIST_MRP revision Eff 1st Feb 2026 (1).pdf,18,316.30.581
hafele,Häfele,316.30.582,False,"Metallamat A Hinge+ 2 mm Mounting Plate, 110 Degree Opening, 17 mm Crank, for Door Thickness Upto 19 mm 1",2 mm,,,PC,,122.0,INR,False,,2026-02-01,Pricelist -2026/HAFELE PRICELIST_MRP revision Eff 1st Feb 2026 (1).pdf,18,316.30.582
hafele,Häfele,316.31.510,False,"Metallamat A Hinge+ 2 mm Mounting Plate,  92 Degree Opening, 0 Crank, for Door Thickness Upto 35 mm 1",2 mm,,,PC,,310.0,INR,False,,2026-02-01,Pricelist -2026/HAFELE PRICELIST_MRP revision Eff 1st Feb 2026 (1).pdf,18,316.31.510
hafele,Häfele,316.31.511,False,"Metallamat A Hinge+ 2 mm Mounting Plate,  92 Degree Opening, 9 Crank, for Door Thickness Upto 35 mm 1",2 mm,,,PC,,319.0,INR,False,,2026-02-01,Pricelist -2026/HAFELE PRICELIST_MRP revision Eff 1st Feb 2026 (1).pdf,18,316.31.511
hafele,Häfele,316.31.512,False,"Metallamat A Hinge+ 2 mm Mounting Plate,  92 Degree Opening, 17 Crank, for Door Thickness Upto 35 mm 1",2 mm,,,PC,,342.0,INR,False,,2026-02-01,Pricelist -2026/HAFELE PRICELIST_MRP revision Eff 1st Feb 2026 (1).pdf,18,316.31.512
hafele,Häfele,316.51.502,False,Mounting Plate  - 2 mm 1,2 mm,,,PC,,29.0,INR,False,,2026-02-01,Pricelist -2026/HAFELE PRICELIST_MRP revision Eff 1st Feb 2026 (1).pdf,18,316.51.502
hafele,Häfele,329.05.609,False,"Duomatic Concealed Hinge+ 2 mm Mounting Plate,  0 mm Crank, 94° Opening Angle, for Profile Doors Upto 40 mm Thickness. 1",2 mm,,,PC,,552.0,INR,False,,2026-02-01,Pricelist -2026/HAFELE PRICELIST_MRP revision Eff 1st Feb 2026 (1).pdf,18,329.05.609
hafele,Häfele,329.05.619,False,"Duomatic Concealed Hinge+ 2 mm Mounting Plate, 11 mm Crank, 94° Opening Angle, for Profile Doors Upto 40 mm Thickness. 1",2 mm,,,PC,,561.0,INR,False,,2026-02-01,Pricelist -2026/HAFELE PRICELIST_MRP revision Eff 1st Feb 2026 (1).pdf,18,329.05.619
hafele,Häfele,329.05.634,False,"Duomatic Concealed Hinge+ 2 mm Mounting Plate,  22 mm Crank, 94° Opening Angle, for Profile Doors Upto 40 mm Thickness. 1",2 mm,,,PC,,576.0,INR,False,,2026-02-01,Pricelist -2026/HAFELE PRICELIST_MRP revision Eff 1st Feb 2026 (1).pdf,18,329.05.634
hafele,Häfele,343.33.970,False,"Easy Mont Hinge with Spring, Screw-Mounted, Steel, Zinc Plated 1",,,,PC,,199.0,INR,False,,2026-02-01,Pricelist -2026/HAFELE PRICELIST_MRP revision Eff 1st Feb 2026 (1).pdf,18,343.33.970
hafele,Häfele,341.24.435,False,"Kubikina Hinges, 180° Opening,For 18 mm,Thick Door,Zinc Alloy,Chrome Plated Matt,With Grey Cap (Old article 341.24.415) 1",18 mm,,,PC,,2110.0,INR,False,,2026-02-01,Pricelist -2026/HAFELE PRICELIST_MRP revision Eff 1st Feb 2026 (1).pdf,18,341.24.435
hafele,Häfele,513.04.311,False,"Matrixbox Premium +, Soft Close, Metallic Anthracite, 40Kg, Nominal Length 300MM",300MM,,,KIT,,6700.0,INR,False,,2026-02-01,Pricelist -2026/HAFELE PRICELIST_MRP revision Eff 1st Feb 2026 (1).pdf,19,513.04.311
hafele,Häfele,513.04.312,False,"Matrixbox Premium +, Soft Close, Metallic Anthracite, 40Kg, Nominal Length 350MM",350MM,,,KIT,,6700.0,INR,False,,2026-02-01,Pricelist -2026/HAFELE PRICELIST_MRP revision Eff 1st Feb 2026 (1).pdf,19,513.04.312
hafele,Häfele,513.04.313,False,"Matrixbox Premium +, Soft Close, Metallic Anthracite, 40Kg, Nominal Length 400MM",400MM,,,KIT,,6700.0,INR,False,,2026-02-01,Pricelist -2026/HAFELE PRICELIST_MRP revision Eff 1st Feb 2026 (1).pdf,19,513.04.313
hafele,Häfele,513.04.314,False,"Matrixbox Premium +, Soft Close, Metallic Anthracite, 40Kg, Nominal Length 450MM",450MM,,,KIT,,6400.0,INR,False,,2026-02-01,Pricelist -2026/HAFELE PRICELIST_MRP revision Eff 1st Feb 2026 (1).pdf,19,513.04.314
hafele,Häfele,513.04.316,False,"Matrixbox Premium +, Soft Close, Metallic Anthracite, 40Kg, Nominal Length 500MM",500MM,,,KIT,,6400.0,INR,False,,2026-02-01,Pricelist -2026/HAFELE PRICELIST_MRP revision Eff 1st Feb 2026 (1).pdf,19,513.04.316
hafele,Häfele,513.04.315,False,"Matrixbox Premium +, Soft Close, Metallic Anthracite, 40Kg, Nominal Length 550MM",550MM,,,KIT,,6850.0,INR,False,,2026-02-01,Pricelist -2026/HAFELE PRICELIST_MRP revision Eff 1st Feb 2026 (1).pdf,19,513.04.315
hafele,Häfele,513.04.395,False,"Matrixbox Premium +, Soft Close, Metallic Anthracite, 70Kg, Nominal Length 500MM",500MM,,,KIT,,8400.0,INR,False,,2026-02-01,Pricelist -2026/HAFELE PRICELIST_MRP revision Eff 1st Feb 2026 (1).pdf,19,513.04.395
hafele,Häfele,513.04.396,False,"Matrixbox Premium +, Soft Close, Metallic Anthracite, 70Kg, Nominal Length 550MM",550MM,,,KIT,,8950.0,INR,False,,2026-02-01,Pricelist -2026/HAFELE PRICELIST_MRP revision Eff 1st Feb 2026 (1).pdf,19,513.04.396
hafele,Häfele,513.24.324,False,"Matrixbox Premium, Push to Open Soft Close, Metallic Anthracite, 35Kg, Nominal Length 450MM",450MM,,,KIT,,8350.0,INR,False,,2026-02-01,Pricelist -2026/HAFELE PRICELIST_MRP revision Eff 1st Feb 2026 (1).pdf,19,513.24.324
hafele,Häfele,513.24.325,False,"Matrixbox Premium, Push to Open Soft Close, Metallic Anthracite, 35Kg, Nominal Length 500MM",500MM,,,KIT,,8350.0,INR,False,,2026-02-01,Pricelist -2026/HAFELE PRICELIST_MRP revision Eff 1st Feb 2026 (1).pdf,19,513.24.325
hafele,Häfele,513.24.326,False,"Matrixbox Premium, Push to Open Soft Close, Metallic Anthracite, 35Kg, Nominal Length 550MM",550MM,,,KIT,,8750.0,INR,False,,2026-02-01,Pricelist -2026/HAFELE PRICELIST_MRP revision Eff 1st Feb 2026 (1).pdf,19,513.24.326
hafele,Häfele,513.24.335,False,"Matrixbox Premium, Push to Open Soft Close, Metallic Anthracite, 50Kg, Nominal Length 500MM",500MM,,,KIT,,10900.0,INR,False,,2026-02-01,Pricelist -2026/HAFELE PRICELIST_MRP revision Eff 1st Feb 2026 (1).pdf,19,513.24.335
hafele,Häfele,513.24.336,False,"Matrixbox Premium, Push to Open Soft Close, Metallic Anthracite, 50Kg, Nominal Length 550MM",550MM,,,KIT,,11300.0,INR,False,,2026-02-01,Pricelist -2026/HAFELE PRICELIST_MRP revision Eff 1st Feb 2026 (1).pdf,19,513.24.336
hafele,Häfele,551.90.160,False,"Matrixbox Premium Push to Open Synchronisation rod, 600 mm PCE",600 mm,,,,,590.0,INR,False,,2026-02-01,Pricelist -2026/HAFELE PRICELIST_MRP revision Eff 1st Feb 2026 (1).pdf,19,551.90.160
hafele,Häfele,551.90.161,False,"Matrixbox Premium Push to Open Synchronisation rod, 1200 mm PCE",1200 mm,,,,,760.0,INR,False,,2026-02-01,Pricelist -2026/HAFELE PRICELIST_MRP revision Eff 1st Feb 2026 (1).pdf,19,551.90.161
hafele,Häfele,551.60.341,False,"Matrixbox Premium, Rectangular Gallery Set, Metallic Anthracite, Nominal Length 300MM",300MM,,,KIT,,1190.0,INR,False,,2026-02-01,Pricelist -2026/HAFELE PRICELIST_MRP revision Eff 1st Feb 2026 (1).pdf,20,551.60.341
hafele,Häfele,551.60.342,False,"Matrixbox Premium, Rectangular Gallery Set, Metallic Anthracite, Nominal Length 350MM",350MM,,,KIT,,1200.0,INR,False,,2026-02-01,Pricelist -2026/HAFELE PRICELIST_MRP revision Eff 1st Feb 2026 (1).pdf,20,551.60.342
hafele,Häfele,551.60.343,False,"Matrixbox Premium, Rectangular Gallery Set, Metallic Anthracite, Nominal Length 400MM",400MM,,,KIT,,1200.0,INR,False,,2026-02-01,Pricelist -2026/HAFELE PRICELIST_MRP revision Eff 1st Feb 2026 (1).pdf,20,551.60.343
hafele,Häfele,551.60.344,False,"Matrixbox Premium, Rectangular Gallery Set, Metallic Anthracite, Nominal Length 450MM",450MM,,,KIT,,1250.0,INR,False,,2026-02-01,Pricelist -2026/HAFELE PRICELIST_MRP revision Eff 1st Feb 2026 (1).pdf,20,551.60.344
hafele,Häfele,551.60.345,False,"Matrixbox Premium, Rectangular Gallery Set, Metallic Anthracite, Nominal Length 500MM",500MM,,,KIT,,1250.0,INR,False,,2026-02-01,Pricelist -2026/HAFELE PRICELIST_MRP revision Eff 1st Feb 2026 (1).pdf,20,551.60.345
hafele,Häfele,551.60.346,False,"Matrixbox Premium, Rectangular Gallery Set, Metallic Anthracite, Nominal Length 550MM",550MM,,,KIT,,1400.0,INR,False,,2026-02-01,Pricelist -2026/HAFELE PRICELIST_MRP revision Eff 1st Feb 2026 (1).pdf,20,551.60.346
hafele,Häfele,553.58.394,False,"Matrixbox Premium, Round Gallery Set, Metallic Anthracite, Nominal Length 450MM",450MM,,,KIT,,540.0,INR,False,,2026-02-01,Pricelist -2026/HAFELE PRICELIST_MRP revision Eff 1st Feb 2026 (1).pdf,20,553.58.394
hafele,Häfele,553.58.395,False,"Matrixbox Premium, Round Gallery Set, Metallic Anthracite, Nominal Length 500MM",500MM,,,KIT,,580.0,INR,False,,2026-02-01,Pricelist -2026/HAFELE PRICELIST_MRP revision Eff 1st Feb 2026 (1).pdf,20,553.58.395
hafele,Häfele,553.58.396,False,"Matrixbox Premium, Round Gallery Set, Metallic Anthracite, Nominal Length 550MM",550MM,,,KIT,,620.0,INR,False,,2026-02-01,Pricelist -2026/HAFELE PRICELIST_MRP revision Eff 1st Feb 2026 (1).pdf,20,553.58.396
hafele,Häfele,551.60.314,False,"Matrixbox Premium Extension Wall, Metallic Anthracite, Nominal Length 450MM",450MM,,,KIT,,3350.0,INR,False,,2026-02-01,Pricelist -2026/HAFELE PRICELIST_MRP revision Eff 1st Feb 2026 (1).pdf,20,551.60.314
hafele,Häfele,551.60.315,False,"Matrixbox Premium Extension Wall, Metallic Anthracite, Nominal Length 500MM",500MM,,,KIT,,3450.0,INR,False,,2026-02-01,Pricelist -2026/HAFELE PRICELIST_MRP revision Eff 1st Feb 2026 (1).pdf,20,551.60.315
hafele,Häfele,551.60.316,False,"Matrixbox Premium Extension Wall, Metallic Anthracite, Nominal Length 550MM",550MM,,,KIT,,3600.0,INR,False,,2026-02-01,Pricelist -2026/HAFELE PRICELIST_MRP revision Eff 1st Feb 2026 (1).pdf,20,551.60.316
hafele,Häfele,551.60.999,False,Lateral Height Extension Kit for Matrixbox Premium -Metallic Anthracite,,,,KIT,,8445.0,INR,False,,2026-02-01,Pricelist -2026/HAFELE PRICELIST_MRP revision Eff 1st Feb 2026 (1).pdf,20,551.60.999
hafele,Häfele,513.70.312,False,"Matrixbox Premium, Inner Drawer Front kit Solid , Metallic Anthracite , 600MM(W) 102MM(H)",600MM,,,KIT,,2150.0,INR,False,,2026-02-01,Pricelist -2026/HAFELE PRICELIST_MRP revision Eff 1st Feb 2026 (1).pdf,21,513.70.312
hafele,Häfele,513.70.318,False,"Matrixbox Premium, Inner Drawer Front kit Solid , Metallic Anthracite , 1200MM(W) 102MM(H)",1200MM,,,KIT,,3500.0,INR,False,,2026-02-01,Pricelist -2026/HAFELE PRICELIST_MRP revision Eff 1st Feb 2026 (1).pdf,21,513.70.318
hafele,Häfele,513.42.364,False,"Matrixbox Premium , Inner Drawer Front kit Solid , Metallic Anthracite, 600MM (W) 189MM(H) 450MM(D)",600MM,,,KIT,,5300.0,INR,False,,2026-02-01,Pricelist -2026/HAFELE PRICELIST_MRP revision Eff 1st Feb 2026 (1).pdf,21,513.42.364
hafele,Häfele,513.42.365,False,"Matrixbox Premium , Inner Drawer Front kit Solid , Metallic Anthracite, 600MM (W) 189MM(H) 500MM(D)",600MM,,,KIT,,5400.0,INR,False,,2026-02-01,Pricelist -2026/HAFELE PRICELIST_MRP revision Eff 1st Feb 2026 (1).pdf,21,513.42.365
hafele,Häfele,513.42.366,False,"Matrixbox Premium , Inner Drawer Front kit Solid , Metallic Anthracite, 600MM (W) 189MM(H) 550MM(D)",600MM,,,KIT,,5450.0,INR,False,,2026-02-01,Pricelist -2026/HAFELE PRICELIST_MRP revision Eff 1st Feb 2026 (1).pdf,21,513.42.366
hafele,Häfele,513.42.384,False,"Matrixbox Premium , Inner Drawer Front kit Solid , Metallic Anthracite , 1200MM (W) 189MM(H) 450MM(D)",1200MM,,,KIT,,7400.0,INR,False,,2026-02-01,Pricelist -2026/HAFELE PRICELIST_MRP revision Eff 1st Feb 2026 (1).pdf,21,513.42.384
hafele,Häfele,513.42.385,False,"Matrixbox Premium , Inner Drawer Front kit Solid , Metallic Anthracite , 1200MM (W) 189MM(H) 500MM(D)",1200MM,,,KIT,,7450.0,INR,False,,2026-02-01,Pricelist -2026/HAFELE PRICELIST_MRP revision Eff 1st Feb 2026 (1).pdf,21,513.42.385
hafele,Häfele,513.42.386,False,"Matrixbox Premium , Inner Drawer Front kit Solid , Metallic Anthracite , 1200MM (W) 189MM(H) 550MM(D)",1200MM,,,KIT,,7550.0,INR,False,,2026-02-01,Pricelist -2026/HAFELE PRICELIST_MRP revision Eff 1st Feb 2026 (1).pdf,21,513.42.386
hafele,Häfele,513.52.366,False,"Matrixbox Premium , Inner Drawer Front kit for Decor Panel 600 MM (W) 37MM (H) , Metallic Anthracite 450 MM (D)",600 MM,,,KIT,,8400.0,INR,False,,2026-02-01,Pricelist -2026/HAFELE PRICELIST_MRP revision Eff 1st Feb 2026 (1).pdf,21,513.52.366
hafele,Häfele,513.52.766,False,"Matrixbox Premium , Inner Drawer Front kit for Decor Panel 600 MM (W) 37MM (H) , Metallic Anthracite 500 MM (D)",600 MM,,,KIT,,8000.0,INR,False,,2026-02-01,Pricelist -2026/HAFELE PRICELIST_MRP revision Eff 1st Feb 2026 (1).pdf,21,513.52.766
hafele,Häfele,513.52.966,False,"Matrixbox Premium , Inner Drawer Front kit for Decor Panel 600 MM (W) 37MM (H) , Metallic Anthracite 550 MM (D)",600 MM,,,KIT,,8300.0,INR,False,,2026-02-01,Pricelist -2026/HAFELE PRICELIST_MRP revision Eff 1st Feb 2026 (1).pdf,21,513.52.966
hafele,Häfele,513.52.386,False,"Matrixbox Premium , Inner Drawer Front kit for Decor Panel 1200 MM (W) 37MM (H) , Metallic Anthracite 450 MM (D)",1200 MM,,,KIT,,9900.0,INR,False,,2026-02-01,Pricelist -2026/HAFELE PRICELIST_MRP revision Eff 1st Feb 2026 (1).pdf,21,513.52.386
hafele,Häfele,513.52.786,False,"Matrixbox Premium , Inner Drawer Front kit for Decor Panel 1200 MM (W) 37MM (H) , Metallic Anthracite 500 MM (D)",1200 MM,,,KIT,,9400.0,INR,False,,2026-02-01,Pricelist -2026/HAFELE PRICELIST_MRP revision Eff 1st Feb 2026 (1).pdf,21,513.52.786
hafele,Häfele,513.52.986,False,"Matrixbox Premium , Inner Drawer Front kit for Decor Panel 1200 MM (W) 37MM (H) , Metallic Anthracite 550 MM (D)",1200 MM,,,KIT,,9750.0,INR,False,,2026-02-01,Pricelist -2026/HAFELE PRICELIST_MRP revision Eff 1st Feb 2026 (1).pdf,21,513.52.986
hafele,Häfele,513.72.399,False,Inner Drawer Décor Side Kit - Metallic Anthracite,,,,PR,,720.0,INR,False,,2026-02-01,Pricelist -2026/HAFELE PRICELIST_MRP revision Eff 1st Feb 2026 (1).pdf,21,513.72.399
hafele,Häfele,513.65.305,False,Sink Cutout Metallic Anthracite,,,,KIT,,8800.0,INR,False,,2026-02-01,Pricelist -2026/HAFELE PRICELIST_MRP revision Eff 1st Feb 2026 (1).pdf,21,513.65.305
hafele,Häfele,513.70.367,False,Cross Rectangle Gallery 600MM -Metallic Anthracite,600MM,,,KIT,,3800.0,INR,False,,2026-02-01,Pricelist -2026/HAFELE PRICELIST_MRP revision Eff 1st Feb 2026 (1).pdf,21,513.70.367
hafele,Häfele,513.70.368,False,Cross Rectangle Gallery 1200MM -Metallic Anthracite,1200MM,,,KIT,,6050.0,INR,False,,2026-02-01,Pricelist -2026/HAFELE PRICELIST_MRP revision Eff 1st Feb 2026 (1).pdf,21,513.70.368
hafele,Häfele,513.07.364,False,"Matrixbox Premium +, Narrow Pullout, Anthracite, 40KG, 450MM, Round Gallery",450MM,,,KIT,,10000.0,INR,False,,2026-02-01,Pricelist -2026/HAFELE PRICELIST_MRP revision Eff 1st Feb 2026 (1).pdf,22,513.07.364
hafele,Häfele,513.07.365,False,"Matrixbox Premium +, Narrow Pullout, Anthracite, 40KG, 500MM, Round Gallery",500MM,,,KIT,,10000.0,INR,False,,2026-02-01,Pricelist -2026/HAFELE PRICELIST_MRP revision Eff 1st Feb 2026 (1).pdf,22,513.07.365
hafele,Häfele,513.07.366,False,"Matrixbox Premium +, Narrow Pullout, Anthracite, 40KG, 550MM, Round Gallery",550MM,,,KIT,,10500.0,INR,False,,2026-02-01,Pricelist -2026/HAFELE PRICELIST_MRP revision Eff 1st Feb 2026 (1).pdf,22,513.07.366
hafele,Häfele,513.07.384,False,"Matrixbox Premium +, Narrow Pullout, Anthracite, 40KG, 450MM, Rectangular Gallery",450MM,,,KIT,,10800.0,INR,False,,2026-02-01,Pricelist -2026/HAFELE PRICELIST_MRP revision Eff 1st Feb 2026 (1).pdf,22,513.07.384
hafele,Häfele,513.07.385,False,"Matrixbox Premium +, Narrow Pullout, Anthracite, 40KG, 500MM, Rectangular Gallery",500MM,,,KIT,,10700.0,INR,False,,2026-02-01,Pricelist -2026/HAFELE PRICELIST_MRP revision Eff 1st Feb 2026 (1).pdf,22,513.07.385
hafele,Häfele,513.07.386,False,"Matrixbox Premium +, Narrow Pullout, Anthracite, 40KG, 550MM, Rectangular Gallery",550MM,,,KIT,,11300.0,INR,False,,2026-02-01,Pricelist -2026/HAFELE PRICELIST_MRP revision Eff 1st Feb 2026 (1).pdf,22,513.07.386
hafele,Häfele,513.04.911,False,"Matrixbox Premium +, Soft Close, Metallic Silver, 40Kg, Nominal Length 300MM",300MM,,,KIT,,6700.0,INR,False,,2026-02-01,Pricelist -2026/HAFELE PRICELIST_MRP revision Eff 1st Feb 2026 (1).pdf,22,513.04.911
hafele,Häfele,513.04.912,False,"Matrixbox Premium +, Soft Close, Metallic Silver, 40Kg, Nominal Length 350MM",350MM,,,KIT,,6700.0,INR,False,,2026-02-01,Pricelist -2026/HAFELE PRICELIST_MRP revision Eff 1st Feb 2026 (1).pdf,22,513.04.912
hafele,Häfele,513.04.913,False,"Matrixbox Premium +, Soft Close, Metallic Silver, 40Kg, Nominal Length 400MM",400MM,,,KIT,,6700.0,INR,False,,2026-02-01,Pricelist -2026/HAFELE PRICELIST_MRP revision Eff 1st Feb 2026 (1).pdf,22,513.04.913
hafele,Häfele,513.04.914,False,"Matrixbox Premium +, Soft Close, Metallic Silver, 40Kg, Nominal Length 450MM",450MM,,,KIT,,6400.0,INR,False,,2026-02-01,Pricelist -2026/HAFELE PRICELIST_MRP revision Eff 1st Feb 2026 (1).pdf,22,513.04.914
hafele,Häfele,513.04.915,False,"Matrixbox Premium +, Soft Close, Metallic Silver, 40Kg, Nominal Length 500MM",500MM,,,KIT,,6400.0,INR,False,,2026-02-01,Pricelist -2026/HAFELE PRICELIST_MRP revision Eff 1st Feb 2026 (1).pdf,22,513.04.915
hafele,Häfele,513.04.916,False,"Matrixbox Premium +, Soft Close, Metallic Silver, 40Kg, Nominal Length 550MM",550MM,,,KIT,,6850.0,INR,False,,2026-02-01,Pricelist -2026/HAFELE PRICELIST_MRP revision Eff 1st Feb 2026 (1).pdf,22,513.04.916
hafele,Häfele,513.04.995,False,"Matrixbox Premium +, Soft Close, Metallic Silver, 70Kg, Nominal Length 500MM",500MM,,,KIT,,8400.0,INR,False,,2026-02-01,Pricelist -2026/HAFELE PRICELIST_MRP revision Eff 1st Feb 2026 (1).pdf,22,513.04.995
hafele,Häfele,513.04.996,False,"Matrixbox Premium +, Soft Close, Metallic Silver, 70Kg, Nominal Length 550MM",550MM,,,KIT,,8950.0,INR,False,,2026-02-01,Pricelist -2026/HAFELE PRICELIST_MRP revision Eff 1st Feb 2026 (1).pdf,22,513.04.996
hafele,Häfele,513.24.924,False,"Matrixbox Premium, Push to Open Soft Close, Metallic Silver, 35Kg, Nominal Length 450MM",450MM,,,KIT,,8350.0,INR,False,,2026-02-01,Pricelist -2026/HAFELE PRICELIST_MRP revision Eff 1st Feb 2026 (1).pdf,22,513.24.924
hafele,Häfele,513.24.925,False,"Matrixbox Premium, Push to Open Soft Close, Metallic Silver, 35Kg, Nominal Length 500MM",500MM,,,KIT,,8350.0,INR,False,,2026-02-01,Pricelist -2026/HAFELE PRICELIST_MRP revision Eff 1st Feb 2026 (1).pdf,22,513.24.925
hafele,Häfele,513.24.926,False,"Matrixbox Premium, Push to Open Soft Close, Metallic Silver, 35Kg, Nominal Length 550MM",550MM,,,KIT,,8750.0,INR,False,,2026-02-01,Pricelist -2026/HAFELE PRICELIST_MRP revision Eff 1st Feb 2026 (1).pdf,22,513.24.926
hafele,Häfele,513.24.935,False,"Matrixbox Premium, Push to Open Soft Close, Metallic Silver, 50Kg, Nominal Length 500MM",500MM,,,KIT,,10900.0,INR,False,,2026-02-01,Pricelist -2026/HAFELE PRICELIST_MRP revision Eff 1st Feb 2026 (1).pdf,22,513.24.935
hafele,Häfele,551.60.941,False,"Matrixbox Premium, Rectangular Gallery Set, Metallic Silver, Nominal Length 300MM",300MM,,,KIT,,1190.0,INR,False,,2026-02-01,Pricelist -2026/HAFELE PRICELIST_MRP revision Eff 1st Feb 2026 (1).pdf,23,551.60.941
hafele,Häfele,551.60.942,False,"Matrixbox Premium, Rectangular Gallery Set, Metallic Silver, Nominal Length 350MM",350MM,,,KIT,,1200.0,INR,False,,2026-02-01,Pricelist -2026/HAFELE PRICELIST_MRP revision Eff 1st Feb 2026 (1).pdf,23,551.60.942
hafele,Häfele,551.60.943,False,"Matrixbox Premium, Rectangular Gallery Set, Metallic Silver, Nominal Length 400MM",400MM,,,KIT,,1200.0,INR,False,,2026-02-01,Pricelist -2026/HAFELE PRICELIST_MRP revision Eff 1st Feb 2026 (1).pdf,23,551.60.943
hafele,Häfele,551.60.944,False,"Matrixbox Premium, Rectangular Gallery Set, Metallic Silver, Nominal Length 450MM",450MM,,,KIT,,1250.0,INR,False,,2026-02-01,Pricelist -2026/HAFELE PRICELIST_MRP revision Eff 1st Feb 2026 (1).pdf,23,551.60.944
hafele,Häfele,551.60.945,False,"Matrixbox Premium, Rectangular Gallery Set, Metallic Silver, Nominal Length 500MM",500MM,,,KIT,,1250.0,INR,False,,2026-02-01,Pricelist -2026/HAFELE PRICELIST_MRP revision Eff 1st Feb 2026 (1).pdf,23,551.60.945
hafele,Häfele,551.60.946,False,"Matrixbox Premium, Rectangular Gallery Set, Metallic Silver, Nominal Length 550MM",550MM,,,KIT,,1400.0,INR,False,,2026-02-01,Pricelist -2026/HAFELE PRICELIST_MRP revision Eff 1st Feb 2026 (1).pdf,23,551.60.946
hafele,Häfele,553.58.994,False,"Matrixbox Premium, Round Gallery Set, Metallic Silver, Nominal Length 450MM",450MM,,,KIT,,540.0,INR,False,,2026-02-01,Pricelist -2026/HAFELE PRICELIST_MRP revision Eff 1st Feb 2026 (1).pdf,23,553.58.994
hafele,Häfele,553.58.995,False,"Matrixbox Premium, Round Gallery Set, Metallic Silver, Nominal Length 500MM",500MM,,,KIT,,580.0,INR,False,,2026-02-01,Pricelist -2026/HAFELE PRICELIST_MRP revision Eff 1st Feb 2026 (1).pdf,23,553.58.995
hafele,Häfele,553.58.996,False,"Matrixbox Premium, Round Gallery Set, Metallic Silver, Nominal Length 550MM",550MM,,,KIT,,620.0,INR,False,,2026-02-01,Pricelist -2026/HAFELE PRICELIST_MRP revision Eff 1st Feb 2026 (1).pdf,23,553.58.996
hafele,Häfele,551.60.915,False,"Matrixbox Premium Extension Wall, Metallic Silver, Nominal Length 500MM",500MM,,,KIT,,3450.0,INR,False,,2026-02-01,Pricelist -2026/HAFELE PRICELIST_MRP revision Eff 1st Feb 2026 (1).pdf,23,551.60.915
hafele,Häfele,551.60.916,False,"Matrixbox Premium Extension Wall, Metallic Silver, Nominal Length 550MM",550MM,,,KIT,,3600.0,INR,False,,2026-02-01,Pricelist -2026/HAFELE PRICELIST_MRP revision Eff 1st Feb 2026 (1).pdf,23,551.60.916
hafele,Häfele,513.70.912,False,"Matrixbox Premium, Inner Drawer Front kit Solid - Metallic Silver - 600MM(W) 102MM(H)",600MM,,,KIT,,2150.0,INR,False,,2026-02-01,Pricelist -2026/HAFELE PRICELIST_MRP revision Eff 1st Feb 2026 (1).pdf,23,513.70.912
hafele,Häfele,513.70.918,False,"Matrixbox Premium, Inner Drawer Front kit Solid - Metallic Silver - 1200MM(W) 102MM(H)",1200MM,,,KIT,,3500.0,INR,False,,2026-02-01,Pricelist -2026/HAFELE PRICELIST_MRP revision Eff 1st Feb 2026 (1).pdf,23,513.70.918
hafele,Häfele,513.42.964,False,"Matrixbox Premium , Inner Drawer Front kit Solid - Metallic Silver- 600MM (W) 189MM(H) 450MM(D)",600MM,,,KIT,,5300.0,INR,False,,2026-02-01,Pricelist -2026/HAFELE PRICELIST_MRP revision Eff 1st Feb 2026 (1).pdf,23,513.42.964
hafele,Häfele,513.42.965,False,"Matrixbox Premium , Inner Drawer Front kit Solid - Metallic Silver- 600MM (W) 189MM(H) 500MM(D)",600MM,,,KIT,,5400.0,INR,False,,2026-02-01,Pricelist -2026/HAFELE PRICELIST_MRP revision Eff 1st Feb 2026 (1).pdf,23,513.42.965
hafele,Häfele,513.42.966,False,"Matrixbox Premium , Inner Drawer Front kit Solid - Metallic Silver- 600MM (W) 189MM(H) 550MM(D)",600MM,,,KIT,,5450.0,INR,False,,2026-02-01,Pricelist -2026/HAFELE PRICELIST_MRP revision Eff 1st Feb 2026 (1).pdf,23,513.42.966
hafele,Häfele,513.42.984,False,"Matrixbox Premium , Inner Drawer Front kit Solid - Metallic Silver - 1200MM (W) 189MM(H) 450MM(D)",1200MM,,,KIT,,7400.0,INR,False,,2026-02-01,Pricelist -2026/HAFELE PRICELIST_MRP revision Eff 1st Feb 2026 (1).pdf,23,513.42.984
hafele,Häfele,513.42.985,False,"Matrixbox Premium , Inner Drawer Front kit Solid - Metallic Silver - 1200MM (W) 189MM(H) 500MM(D)",1200MM,,,KIT,,7450.0,INR,False,,2026-02-01,Pricelist -2026/HAFELE PRICELIST_MRP revision Eff 1st Feb 2026 (1).pdf,23,513.42.985
hafele,Häfele,513.42.986,False,"Matrixbox Premium , Inner Drawer Front kit Solid - Metallic Silver - 1200MM (W) 189MM(H) 550MM(D)",1200MM,,,KIT,,7550.0,INR,False,,2026-02-01,Pricelist -2026/HAFELE PRICELIST_MRP revision Eff 1st Feb 2026 (1).pdf,23,513.42.986
hafele,Häfele,513.52.365,False,Matrixbox Premium - Inner Drawer Front Kit for Decor panel 600 MM (W) 37MM (H) - Metallic Silver 450 MM (D),600 MM,,,KIT,,8400.0,INR,False,,2026-02-01,Pricelist -2026/HAFELE PRICELIST_MRP revision Eff 1st Feb 2026 (1).pdf,23,513.52.365
hafele,Häfele,513.52.765,False,Matrixbox Premium - Inner Drawer Front Kit for Decor panel 600 MM (W) 37MM (H) - Metallic Silver 500 MM (D),600 MM,,,KIT,,8000.0,INR,False,,2026-02-01,Pricelist -2026/HAFELE PRICELIST_MRP revision Eff 1st Feb 2026 (1).pdf,23,513.52.765
hafele,Häfele,513.52.965,False,Matrixbox Premium - Inner Drawer Front Kit for Decor panel 600 MM (W) 37MM (H) - Metallic Silver 550 MM (D),600 MM,,,KIT,,8300.0,INR,False,,2026-02-01,Pricelist -2026/HAFELE PRICELIST_MRP revision Eff 1st Feb 2026 (1).pdf,23,513.52.965
hafele,Häfele,513.52.385,False,Matrixbox Premium - Inner Drawer Front Kit for Decor panel 1200 MM (W) 37MM (H) - Metallic Silver 450 MM (D),1200 MM,,,KIT,,9900.0,INR,False,,2026-02-01,Pricelist -2026/HAFELE PRICELIST_MRP revision Eff 1st Feb 2026 (1).pdf,23,513.52.385
hafele,Häfele,513.52.785,False,Matrixbox Premium - Inner Drawer Front Kit for Decor panel 1200 MM (W) 37MM (H) - Metallic Silver 500 MM (D),1200 MM,,,KIT,,9400.0,INR,False,,2026-02-01,Pricelist -2026/HAFELE PRICELIST_MRP revision Eff 1st Feb 2026 (1).pdf,23,513.52.785
hafele,Häfele,513.52.985,False,Matrixbox Premium - Inner Drawer Front Kit for Decor panel 1200 MM (W) 37MM (H) - Metallic Silver 550 MM (D),1200 MM,,,KIT,,9750.0,INR,False,,2026-02-01,Pricelist -2026/HAFELE PRICELIST_MRP revision Eff 1st Feb 2026 (1).pdf,23,513.52.985
hafele,Häfele,513.72.999,False,Inner Drawer Décor Side Kit - Metallic Silver,,,,PR,,720.0,INR,False,,2026-02-01,Pricelist -2026/HAFELE PRICELIST_MRP revision Eff 1st Feb 2026 (1).pdf,24,513.72.999
hafele,Häfele,513.65.905,False,Sink Cutout Metallic Silver,,,,KIT,,8800.0,INR,False,,2026-02-01,Pricelist -2026/HAFELE PRICELIST_MRP revision Eff 1st Feb 2026 (1).pdf,24,513.65.905
hafele,Häfele,513.70.968,False,Cross Rectangle Gallery 1200MM - Metallic Silver,1200MM,,,KIT,,6050.0,INR,False,,2026-02-01,Pricelist -2026/HAFELE PRICELIST_MRP revision Eff 1st Feb 2026 (1).pdf,24,513.70.968
hafele,Häfele,513.07.984,False,"Matrixbox Premium +, Narrow Pullout, Silver, 40KG, 450MM, Rectangular Gallery",450MM,,,KIT,,10800.0,INR,False,,2026-02-01,Pricelist -2026/HAFELE PRICELIST_MRP revision Eff 1st Feb 2026 (1).pdf,24,513.07.984
hafele,Häfele,513.07.965,False,"Matrixbox Premium +, Narrow Pullout, Silver, 40KG, 500MM, Round Gallery",500MM,,,KIT,,10000.0,INR,False,,2026-02-01,Pricelist -2026/HAFELE PRICELIST_MRP revision Eff 1st Feb 2026 (1).pdf,24,513.07.965
hafele,Häfele,513.07.966,False,"Matrixbox Premium +, Narrow Pullout, Silver, 40KG, 550MM, Round Gallery",550MM,,,KIT,,10500.0,INR,False,,2026-02-01,Pricelist -2026/HAFELE PRICELIST_MRP revision Eff 1st Feb 2026 (1).pdf,24,513.07.966
hafele,Häfele,513.07.964,False,"Matrixbox Premium +, Narrow Pullout, Silver, 40KG, 450MM, Round Gallery",450MM,,,KIT,,10000.0,INR,False,,2026-02-01,Pricelist -2026/HAFELE PRICELIST_MRP revision Eff 1st Feb 2026 (1).pdf,24,513.07.964
hafele,Häfele,513.07.985,False,"Matrixbox Premium +, Narrow Pullout, Silver, 40KG, 500MM, Rectangular Gallery",500MM,,,KIT,,10700.0,INR,False,,2026-02-01,Pricelist -2026/HAFELE PRICELIST_MRP revision Eff 1st Feb 2026 (1).pdf,24,513.07.985
hafele,Häfele,513.07.986,False,"Matrixbox Premium +, Narrow Pullout, Silver, 40KG, 550MM, Rectangular Gallery",550MM,,,KIT,,11300.0,INR,False,,2026-02-01,Pricelist -2026/HAFELE PRICELIST_MRP revision Eff 1st Feb 2026 (1).pdf,24,513.07.986
hafele,Häfele,513.04.711,False,"Matrixbox Premium +, Soft Close, White, 40Kg, Nominal Length 300MM",300MM,,,KIT,,6350.0,INR,False,,2026-02-01,Pricelist -2026/HAFELE PRICELIST_MRP revision Eff 1st Feb 2026 (1).pdf,24,513.04.711
hafele,Häfele,513.04.712,False,"Matrixbox Premium +, Soft Close, White, 40Kg, Nominal Length 350MM",350MM,,,KIT,,6350.0,INR,False,,2026-02-01,Pricelist -2026/HAFELE PRICELIST_MRP revision Eff 1st Feb 2026 (1).pdf,24,513.04.712
hafele,Häfele,513.04.713,False,"Matrixbox Premium +, Soft Close, White, 40Kg, Nominal Length 400MM",400MM,,,KIT,,6350.0,INR,False,,2026-02-01,Pricelist -2026/HAFELE PRICELIST_MRP revision Eff 1st Feb 2026 (1).pdf,24,513.04.713
hafele,Häfele,513.04.714,False,"Matrixbox Premium +, Soft Close, White, 40Kg, Nominal Length 450MM",450MM,,,KIT,,6100.0,INR,False,,2026-02-01,Pricelist -2026/HAFELE PRICELIST_MRP revision Eff 1st Feb 2026 (1).pdf,24,513.04.714
hafele,Häfele,513.04.715,False,"Matrixbox Premium +, Soft Close, White, 40Kg, Nominal Length 500MM",500MM,,,KIT,,6100.0,INR,False,,2026-02-01,Pricelist -2026/HAFELE PRICELIST_MRP revision Eff 1st Feb 2026 (1).pdf,24,513.04.715
hafele,Häfele,513.04.716,False,"Matrixbox Premium +, Soft Close, White, 40Kg, Nominal Length 550MM",550MM,,,KIT,,6500.0,INR,False,,2026-02-01,Pricelist -2026/HAFELE PRICELIST_MRP revision Eff 1st Feb 2026 (1).pdf,24,513.04.716
hafele,Häfele,513.04.795,False,"Matrixbox Premium +, Soft Close, White, 70Kg, Nominal Length 500MM",500MM,,,KIT,,8000.0,INR,False,,2026-02-01,Pricelist -2026/HAFELE PRICELIST_MRP revision Eff 1st Feb 2026 (1).pdf,24,513.04.795
hafele,Häfele,513.04.796,False,"Matrixbox Premium +, Soft Close, White, 70Kg, Nominal Length 550MM",550MM,,,KIT,,8500.0,INR,False,,2026-02-01,Pricelist -2026/HAFELE PRICELIST_MRP revision Eff 1st Feb 2026 (1).pdf,24,513.04.796
hafele,Häfele,513.24.724,False,"Matrixbox Premium, Push to Open Soft Close, White, 35Kg, Nominal Length 450MM",450MM,,,KIT,,7900.0,INR,False,,2026-02-01,Pricelist -2026/HAFELE PRICELIST_MRP revision Eff 1st Feb 2026 (1).pdf,25,513.24.724
hafele,Häfele,513.24.725,False,"Matrixbox Premium, Push to Open Soft Close, White, 35Kg, Nominal Length 500MM",500MM,,,KIT,,7900.0,INR,False,,2026-02-01,Pricelist -2026/HAFELE PRICELIST_MRP revision Eff 1st Feb 2026 (1).pdf,25,513.24.725
hafele,Häfele,513.24.726,False,"Matrixbox Premium, Push to Open Soft Close, White, 35Kg, Nominal Length 550MM",550MM,,,KIT,,8300.0,INR,False,,2026-02-01,Pricelist -2026/HAFELE PRICELIST_MRP revision Eff 1st Feb 2026 (1).pdf,25,513.24.726
hafele,Häfele,513.24.735,False,"Matrixbox Premium, Push to Open Soft Close, White, 50Kg, Nominal Length 500MM",500MM,,,KIT,,10350.0,INR,False,,2026-02-01,Pricelist -2026/HAFELE PRICELIST_MRP revision Eff 1st Feb 2026 (1).pdf,25,513.24.735
hafele,Häfele,551.60.742,False,"Matrixbox Premium, Rectangular Gallery Set, White, Nominal Length 350MM",350MM,,,KIT,,1200.0,INR,False,,2026-02-01,Pricelist -2026/HAFELE PRICELIST_MRP revision Eff 1st Feb 2026 (1).pdf,25,551.60.742
hafele,Häfele,551.60.743,False,"Matrixbox Premium, Rectangular Gallery Set, White, Nominal Length 400MM",400MM,,,KIT,,1200.0,INR,False,,2026-02-01,Pricelist -2026/HAFELE PRICELIST_MRP revision Eff 1st Feb 2026 (1).pdf,25,551.60.743
hafele,Häfele,551.60.744,False,"Matrixbox Premium, Rectangular Gallery Set, White, Nominal Length 450MM",450MM,,,KIT,,1250.0,INR,False,,2026-02-01,Pricelist -2026/HAFELE PRICELIST_MRP revision Eff 1st Feb 2026 (1).pdf,25,551.60.744
hafele,Häfele,551.60.745,False,"Matrixbox Premium, Rectangular Gallery Set, White, Nominal Length 500MM",500MM,,,KIT,,1250.0,INR,False,,2026-02-01,Pricelist -2026/HAFELE PRICELIST_MRP revision Eff 1st Feb 2026 (1).pdf,25,551.60.745
hafele,Häfele,551.60.746,False,"Matrixbox Premium, Rectangular Gallery Set, White, Nominal Length 550MM",550MM,,,KIT,,1400.0,INR,False,,2026-02-01,Pricelist -2026/HAFELE PRICELIST_MRP revision Eff 1st Feb 2026 (1).pdf,25,551.60.746
hafele,Häfele,553.58.794,False,"Matrixbox Premium, Round Gallery Set, White, Nominal Length 450MM",450MM,,,KIT,,540.0,INR,False,,2026-02-01,Pricelist -2026/HAFELE PRICELIST_MRP revision Eff 1st Feb 2026 (1).pdf,25,553.58.794
hafele,Häfele,553.58.795,False,"Matrixbox Premium, Round Gallery Set, White, Nominal Length 500MM",500MM,,,KIT,,580.0,INR,False,,2026-02-01,Pricelist -2026/HAFELE PRICELIST_MRP revision Eff 1st Feb 2026 (1).pdf,25,553.58.795
hafele,Häfele,553.58.796,False,"Matrixbox Premium, Round Gallery Set, White, Nominal Length 550MM",550MM,,,KIT,,620.0,INR,False,,2026-02-01,Pricelist -2026/HAFELE PRICELIST_MRP revision Eff 1st Feb 2026 (1).pdf,25,553.58.796
hafele,Häfele,551.60.614,False,"Matrixbox Premium Extension Wall, White, Nominal Length 450MM",450MM,,,KIT,,2850.0,INR,False,,2026-02-01,Pricelist -2026/HAFELE PRICELIST_MRP revision Eff 1st Feb 2026 (1).pdf,25,551.60.614
hafele,Häfele,551.60.615,False,"Matrixbox Premium Extension Wall, White, Nominal Length 500MM",500MM,,,KIT,,2900.0,INR,False,,2026-02-01,Pricelist -2026/HAFELE PRICELIST_MRP revision Eff 1st Feb 2026 (1).pdf,25,551.60.615
hafele,Häfele,551.60.616,False,"Matrixbox Premium Extension Wall, White, Nominal Length 550MM",550MM,,,KIT,,3050.0,INR,False,,2026-02-01,Pricelist -2026/HAFELE PRICELIST_MRP revision Eff 1st Feb 2026 (1).pdf,25,551.60.616
hafele,Häfele,513.70.712,False,"Matrixbox Premium, Inner Drawer Front Kit Solid - White - 600MM(W) 102MM(H)",600MM,,,KIT,,2050.0,INR,False,,2026-02-01,Pricelist -2026/HAFELE PRICELIST_MRP revision Eff 1st Feb 2026 (1).pdf,26,513.70.712
hafele,Häfele,513.70.718,False,"Matrixbox Premium, Inner Drawer Front Kit Solid - White - 1200MM(W) 102MM(H)",1200MM,,,KIT,,3350.0,INR,False,,2026-02-01,Pricelist -2026/HAFELE PRICELIST_MRP revision Eff 1st Feb 2026 (1).pdf,26,513.70.718
hafele,Häfele,513.42.764,False,"Matrixbox Premium , Inner Drawer Front Kit Solid - White- 600MM (W) 189MM(H) 450MM(D)",600MM,,,KIT,,5050.0,INR,False,,2026-02-01,Pricelist -2026/HAFELE PRICELIST_MRP revision Eff 1st Feb 2026 (1).pdf,26,513.42.764
hafele,Häfele,513.42.765,False,"Matrixbox Premium , Inner Drawer Front Kit Solid - White- 600MM (W) 189MM(H) 500MM(D)",600MM,,,KIT,,5150.0,INR,False,,2026-02-01,Pricelist -2026/HAFELE PRICELIST_MRP revision Eff 1st Feb 2026 (1).pdf,26,513.42.765
hafele,Häfele,513.42.766,False,"Matrixbox Premium , Inner Drawer Front Kit Solid - White- 600MM (W) 189MM(H) 550MM(D)",600MM,,,KIT,,5150.0,INR,False,,2026-02-01,Pricelist -2026/HAFELE PRICELIST_MRP revision Eff 1st Feb 2026 (1).pdf,26,513.42.766
hafele,Häfele,513.42.784,False,"Matrixbox Premium , Inner Drawer Front Kit Solid - White - 1200MM (W) 189MM(H) 450MM(D)",1200MM,,,KIT,,7000.0,INR,False,,2026-02-01,Pricelist -2026/HAFELE PRICELIST_MRP revision Eff 1st Feb 2026 (1).pdf,26,513.42.784
hafele,Häfele,513.42.785,False,"Matrixbox Premium , Inner Drawer Front Kit Solid - White - 1200MM (W) 189MM(H) 500MM(D)",1200MM,,,KIT,,7100.0,INR,False,,2026-02-01,Pricelist -2026/HAFELE PRICELIST_MRP revision Eff 1st Feb 2026 (1).pdf,26,513.42.785
hafele,Häfele,513.42.786,False,"Matrixbox Premium , Inner Drawer Front Kit Solid - White - 1200MM (W) 189MM(H) 550MM(D)",1200MM,,,KIT,,7150.0,INR,False,,2026-02-01,Pricelist -2026/HAFELE PRICELIST_MRP revision Eff 1st Feb 2026 (1).pdf,26,513.42.786
hafele,Häfele,513.52.364,False,Matrixbox Premium - Inner Drawer Front Kit for Decor panel 600 MM (W) 37MM (H) - White 450 MM (D),600 MM,,,KIT,,8000.0,INR,False,,2026-02-01,Pricelist -2026/HAFELE PRICELIST_MRP revision Eff 1st Feb 2026 (1).pdf,26,513.52.364
hafele,Häfele,513.52.764,False,Matrixbox Premium - Inner Drawer Front Kit for Decor panel 600 MM (W) 37MM (H) - White 500 MM (D),600 MM,,,KIT,,7600.0,INR,False,,2026-02-01,Pricelist -2026/HAFELE PRICELIST_MRP revision Eff 1st Feb 2026 (1).pdf,26,513.52.764
hafele,Häfele,513.52.964,False,Matrixbox Premium - Inner Drawer Front Kit for Decor panel 600 MM (W) 37MM (H) - White 550 MM (D),600 MM,,,KIT,,7850.0,INR,False,,2026-02-01,Pricelist -2026/HAFELE PRICELIST_MRP revision Eff 1st Feb 2026 (1).pdf,26,513.52.964
hafele,Häfele,513.52.384,False,Matrixbox Premium - Inner Drawer Front Kit for Decor panel 1200 MM (W) 37MM (H) - White 450 MM (D),1200 MM,,,KIT,,9400.0,INR,False,,2026-02-01,Pricelist -2026/HAFELE PRICELIST_MRP revision Eff 1st Feb 2026 (1).pdf,26,513.52.384
hafele,Häfele,513.52.784,False,Matrixbox Premium - Inner Drawer Front Kit for Decor panel 1200 MM (W) 37MM (H) - White 500 MM (D),1200 MM,,,KIT,,8950.0,INR,False,,2026-02-01,Pricelist -2026/HAFELE PRICELIST_MRP revision Eff 1st Feb 2026 (1).pdf,26,513.52.784
hafele,Häfele,513.52.984,False,Matrixbox Premium - Inner Drawer Front Kit for Decor panel 1200 MM (W) 37MM (H) - White 550 MM (D),1200 MM,,,KIT,,9250.0,INR,False,,2026-02-01,Pricelist -2026/HAFELE PRICELIST_MRP revision Eff 1st Feb 2026 (1).pdf,26,513.52.984
hafele,Häfele,513.72.799,False,Inner Drawer Décor Side Kit - White,,,,PR,,720.0,INR,False,,2026-02-01,Pricelist -2026/HAFELE PRICELIST_MRP revision Eff 1st Feb 2026 (1).pdf,27,513.72.799
hafele,Häfele,513.70.768,False,Cross Rectangle Gallery 1200MM - White,1200MM,,,KIT,,6050.0,INR,False,,2026-02-01,Pricelist -2026/HAFELE PRICELIST_MRP revision Eff 1st Feb 2026 (1).pdf,27,513.70.768
hafele,Häfele,513.07.764,False,"Matrixbox Premium +, Narrow Pullout, White, 40KG, 450MM, Round Gallery",450MM,,,KIT,,9400.0,INR,False,,2026-02-01,Pricelist -2026/HAFELE PRICELIST_MRP revision Eff 1st Feb 2026 (1).pdf,27,513.07.764
hafele,Häfele,513.07.765,False,"Matrixbox Premium +, Narrow Pullout, White, 40KG, 500MM, Round Gallery",500MM,,,KIT,,9400.0,INR,False,,2026-02-01,Pricelist -2026/HAFELE PRICELIST_MRP revision Eff 1st Feb 2026 (1).pdf,27,513.07.765
hafele,Häfele,513.07.766,False,"Matrixbox Premium +, Narrow Pullout, White, 40KG, 550MM, Round Gallery",550MM,,,KIT,,9800.0,INR,False,,2026-02-01,Pricelist -2026/HAFELE PRICELIST_MRP revision Eff 1st Feb 2026 (1).pdf,27,513.07.766
hafele,Häfele,513.07.784,False,"Matrixbox Premium +, Narrow Pullout, White, 40KG, 450MM, Rectangular Gallery",450MM,,,KIT,,10000.0,INR,False,,2026-02-01,Pricelist -2026/HAFELE PRICELIST_MRP revision Eff 1st Feb 2026 (1).pdf,27,513.07.784
hafele,Häfele,513.07.785,False,"Matrixbox Premium +, Narrow Pullout, White, 40KG, 500MM, Rectangular Gallery",500MM,,,KIT,,10000.0,INR,False,,2026-02-01,Pricelist -2026/HAFELE PRICELIST_MRP revision Eff 1st Feb 2026 (1).pdf,27,513.07.785
hafele,Häfele,513.07.786,False,"Matrixbox Premium +, Narrow Pullout, White, 40KG, 550MM, Rectangular Gallery",550MM,,,KIT,,10500.0,INR,False,,2026-02-01,Pricelist -2026/HAFELE PRICELIST_MRP revision Eff 1st Feb 2026 (1).pdf,27,513.07.786
hafele,Häfele,554.00.802,False,Matrixbox Slim Solid H1 ( 88 mm) Full Extension Soft Close 40 KG Nominal Length 350 mm Graphite Grey,88 mm,,,KIT,,6935.0,INR,False,,2026-02-01,Pricelist -2026/HAFELE PRICELIST_MRP revision Eff 1st Feb 2026 (1).pdf,28,554.00.802
hafele,Häfele,554.00.803,False,Matrixbox Slim Solid H1 ( 88 mm) Full Extension Soft Close 40 KG Nominal Length 400 mm Graphite Grey,88 mm,,,KIT,,7755.0,INR,False,,2026-02-01,Pricelist -2026/HAFELE PRICELIST_MRP revision Eff 1st Feb 2026 (1).pdf,28,554.00.803
hafele,Häfele,554.00.804,False,Matrixbox Slim Solid H1 ( 88 mm) Full Extension Soft Close 40 KG Nominal Length 450 mm Graphite Grey,88 mm,,,KIT,,8710.0,INR,False,,2026-02-01,Pricelist -2026/HAFELE PRICELIST_MRP revision Eff 1st Feb 2026 (1).pdf,28,554.00.804
hafele,Häfele,554.00.805,False,Matrixbox Slim Solid H1 ( 88 mm) Full Extension Soft Close 40 KG Nominal Length 500 mm Graphite Grey,88 mm,,,KIT,,9650.0,INR,False,,2026-02-01,Pricelist -2026/HAFELE PRICELIST_MRP revision Eff 1st Feb 2026 (1).pdf,28,554.00.805
hafele,Häfele,554.00.806,False,Matrixbox Slim Solid H1 (88 mm) Full Extension Soft Close 40 KG Nominal Length 550 mm Graphite Grey,88 mm,,,KIT,,10610.0,INR,False,,2026-02-01,Pricelist -2026/HAFELE PRICELIST_MRP revision Eff 1st Feb 2026 (1).pdf,28,554.00.806
hafele,Häfele,554.01.802,False,Matrixbox Slim Solid H2 (193 mm) Full Extension Soft Close 40 KG Nominal Length 350 mm Graphite Grey,193 mm,,,KIT,,8710.0,INR,False,,2026-02-01,Pricelist -2026/HAFELE PRICELIST_MRP revision Eff 1st Feb 2026 (1).pdf,28,554.01.802
hafele,Häfele,554.01.803,False,Matrixbox Slim Solid H2 (193 mm) Full Extension Soft Close 40 KG Nominal Length 400 mm Graphite Grey,193 mm,,,KIT,,8840.0,INR,False,,2026-02-01,Pricelist -2026/HAFELE PRICELIST_MRP revision Eff 1st Feb 2026 (1).pdf,28,554.01.803
hafele,Häfele,554.01.804,False,Matrixbox Slim Solid H2 (193 mm) Full Extension Soft Close 40 KG Nominal Length 450 mm Graphite Grey,193 mm,,,KIT,,8980.0,INR,False,,2026-02-01,Pricelist -2026/HAFELE PRICELIST_MRP revision Eff 1st Feb 2026 (1).pdf,28,554.01.804
hafele,Häfele,554.01.805,False,Matrixbox Slim Solid H2 (193 mm) Full Extension Soft Close 40 KG Nominal Length 500 mm Graphite Grey,193 mm,,,KIT,,12365.0,INR,False,,2026-02-01,Pricelist -2026/HAFELE PRICELIST_MRP revision Eff 1st Feb 2026 (1).pdf,28,554.01.805
hafele,Häfele,554.01.806,False,Matrixbox Slim Solid H2 (193 mm) Full Extension Soft Close 40 KG Nominal Length 550 mm Graphite Grey,193 mm,,,KIT,,13185.0,INR,False,,2026-02-01,Pricelist -2026/HAFELE PRICELIST_MRP revision Eff 1st Feb 2026 (1).pdf,28,554.01.806
hafele,Häfele,554.01.905,False,Matrixbox Slim Solid H2 (193 mm) Full Extension Soft Close 60 KG Nominal Length 500 mm Graphite Grey,193 mm,,,KIT,,13600.0,INR,False,,2026-02-01,Pricelist -2026/HAFELE PRICELIST_MRP revision Eff 1st Feb 2026 (1).pdf,28,554.01.905
hafele,Häfele,554.01.906,False,Matrixbox Slim Solid H2 (193 mm) Full Extension Soft Close 60 KG Nominal Length 550 mm Graphite Grey,193 mm,,,KIT,,14410.0,INR,False,,2026-02-01,Pricelist -2026/HAFELE PRICELIST_MRP revision Eff 1st Feb 2026 (1).pdf,28,554.01.906
hafele,Häfele,554.01.825,False,Matrixbox Slim Solid H3( 257 mm) Set Full Extension Soft Close 40 KG Nominal Length 500 mm Graphite Grey,257 mm,,,KIT,,17670.0,INR,False,,2026-02-01,Pricelist -2026/HAFELE PRICELIST_MRP revision Eff 1st Feb 2026 (1).pdf,28,554.01.825
hafele,Häfele,554.01.826,False,Matrixbox Slim Solid H3( 257 mm) Set Full Extension Soft Close 40 KG Nominal Length 550 mm Graphite Grey,257 mm,,,KIT,,18490.0,INR,False,,2026-02-01,Pricelist -2026/HAFELE PRICELIST_MRP revision Eff 1st Feb 2026 (1).pdf,28,554.01.826
hafele,Häfele,554.01.925,False,Matrixbox Slim Solid H3( 257 mm) Set Full Extension Soft Close 60 KG Nominal Length 500 mm Graphite Grey,257 mm,,,KIT,,18890.0,INR,False,,2026-02-01,Pricelist -2026/HAFELE PRICELIST_MRP revision Eff 1st Feb 2026 (1).pdf,28,554.01.925
hafele,Häfele,554.01.926,False,Matrixbox Slim Solid H3( 257 mm) Set Full Extension Soft Close 60 KG Nominal Length 550 mm Graphite Grey,257 mm,,,KIT,,19705.0,INR,False,,2026-02-01,Pricelist -2026/HAFELE PRICELIST_MRP revision Eff 1st Feb 2026 (1).pdf,28,554.01.926
hafele,Häfele,554.01.845,False,Matrixbox Slim Decor H2 (193 mm) Full Extension Soft Close 40 KG Nominal Length 500 mm Graphite Grey,193 mm,,,KIT,,13730.0,INR,False,,2026-02-01,Pricelist -2026/HAFELE PRICELIST_MRP revision Eff 1st Feb 2026 (1).pdf,28,554.01.845
hafele,Häfele,554.01.846,False,Matrixbox Slim Decor H2 (193 mm) Full Extension Soft Close 40 KG Nominal Length 550 mm Graphite Grey,193 mm,,,KIT,,14410.0,INR,False,,2026-02-01,Pricelist -2026/HAFELE PRICELIST_MRP revision Eff 1st Feb 2026 (1).pdf,28,554.01.846
hafele,Häfele,552.19.590,False,"Matrixbox Slim Inner Drawer kit H1 (106 mm), cabinet width 600mm Graphite Grey",106 mm,,,KIT,,3080.0,INR,False,,2026-02-01,Pricelist -2026/HAFELE PRICELIST_MRP revision Eff 1st Feb 2026 (1).pdf,29,552.19.590
hafele,Häfele,552.19.591,False,"Matrixbox Slim Inner Drawer kit H1 (106 mm), cabinet width 1200mm Graphite Grey",106 mm,,,KIT,,4710.0,INR,False,,2026-02-01,Pricelist -2026/HAFELE PRICELIST_MRP revision Eff 1st Feb 2026 (1).pdf,29,552.19.591
hafele,Häfele,552.19.570,False,"Matrixbox Slim Inner Drawer Solid kit H2 (193 mm), cabinet width 600mm Graphite Grey",193 mm,,,KIT,,5385.0,INR,False,,2026-02-01,Pricelist -2026/HAFELE PRICELIST_MRP revision Eff 1st Feb 2026 (1).pdf,29,552.19.570
hafele,Häfele,552.19.571,False,"Matrixbox Slim Inner Drawer Solid kit H2 (193 mm), cabinet width 1200mm Graphite Grey",193 mm,,,KIT,,8140.0,INR,False,,2026-02-01,Pricelist -2026/HAFELE PRICELIST_MRP revision Eff 1st Feb 2026 (1).pdf,29,552.19.571
hafele,Häfele,552.19.596,False,"Matrixbox Slim Inner Drawer Decor kit H2 (193 mm), cabinet width 600mm Graphite Grey",193 mm,,,KIT,,3290.0,INR,False,,2026-02-01,Pricelist -2026/HAFELE PRICELIST_MRP revision Eff 1st Feb 2026 (1).pdf,29,552.19.596
hafele,Häfele,552.19.597,False,"Matrixbox Slim Inner Drawer Decor kit H2 (193 mm), cabinet width 1200mm Graphite Grey",193 mm,,,KIT,,5690.0,INR,False,,2026-02-01,Pricelist -2026/HAFELE PRICELIST_MRP revision Eff 1st Feb 2026 (1).pdf,29,552.19.597
hafele,Häfele,556.23.668,False,Basic Module (The unit conceals sink cutout. Drawer unit to be purchased separately),,,,SET,,8255.0,INR,False,,2026-02-01,Pricelist -2026/HAFELE PRICELIST_MRP revision Eff 1st Feb 2026 (1).pdf,29,556.23.668
hafele,Häfele,556.23.428,False,Storage Trays (Set of 3 trays),,,,SET,,4070.0,INR,False,,2026-02-01,Pricelist -2026/HAFELE PRICELIST_MRP revision Eff 1st Feb 2026 (1).pdf,29,556.23.428
hafele,Häfele,559.91.993,False,Matrixbox Inner Drawer Latch - Graphite PCE,,,,,,1700.0,INR,False,,2026-02-01,Pricelist -2026/HAFELE PRICELIST_MRP revision Eff 1st Feb 2026 (1).pdf,29,559.91.993
hafele,Häfele,433.09.501,False,"Matrix UM 40 Soft Close Full Extension Runner 40 KG, Nominal Length 300 mm",300 mm,,,KIT,,3375.0,INR,False,,2026-02-01,Pricelist -2026/HAFELE PRICELIST_MRP revision Eff 1st Feb 2026 (1).pdf,30,433.09.501
hafele,Häfele,433.09.502,False,"Matrix UM 40  Soft Close Full Extension Runner 40 KG, Nominal Length 350 mm",350 mm,,,KIT,,3375.0,INR,False,,2026-02-01,Pricelist -2026/HAFELE PRICELIST_MRP revision Eff 1st Feb 2026 (1).pdf,30,433.09.502
hafele,Häfele,433.09.503,False,"Matrix UM 40  Soft Close Full Extension Runner 40 KG, Nominal Length 400 mm",400 mm,,,KIT,,3510.0,INR,False,,2026-02-01,Pricelist -2026/HAFELE PRICELIST_MRP revision Eff 1st Feb 2026 (1).pdf,30,433.09.503
hafele,Häfele,433.09.504,False,"Matrix UM 40  Soft Close Full Extension Runner 40 KG, Nominal Length 450 mm",450 mm,,,KIT,,3630.0,INR,False,,2026-02-01,Pricelist -2026/HAFELE PRICELIST_MRP revision Eff 1st Feb 2026 (1).pdf,30,433.09.504
hafele,Häfele,433.09.505,False,"Matrix UM 40  Soft Close Full Extension Runner 40 KG, Nominal Length 500 mm",500 mm,,,KIT,,3770.0,INR,False,,2026-02-01,Pricelist -2026/HAFELE PRICELIST_MRP revision Eff 1st Feb 2026 (1).pdf,30,433.09.505
hafele,Häfele,433.09.506,False,"Matrix UM 40  Soft Close Full Extension Runner 40 KG, Nominal Length 550 mm",550 mm,,,KIT,,4150.0,INR,False,,2026-02-01,Pricelist -2026/HAFELE PRICELIST_MRP revision Eff 1st Feb 2026 (1).pdf,30,433.09.506
hafele,Häfele,433.09.507,False,"Matrix UM 40  Soft Close Full Extension Runner 40 KG, Nominal Length 600 mm",600 mm,,,KIT,,4545.0,INR,False,,2026-02-01,Pricelist -2026/HAFELE PRICELIST_MRP revision Eff 1st Feb 2026 (1).pdf,30,433.09.507
hafele,Häfele,433.09.515,False,"Matrix UM 60  Soft Close Full Extension Runner 60 KG, Nominal Length 500 mm",500 mm,,,KIT,,6225.0,INR,False,,2026-02-01,Pricelist -2026/HAFELE PRICELIST_MRP revision Eff 1st Feb 2026 (1).pdf,30,433.09.515
hafele,Häfele,433.09.516,False,"Matrix UM 60  Soft Close Full Extension Runner 60 KG, Nominal Length 550 mm",550 mm,,,KIT,,6745.0,INR,False,,2026-02-01,Pricelist -2026/HAFELE PRICELIST_MRP revision Eff 1st Feb 2026 (1).pdf,30,433.09.516
hafele,Häfele,433.09.517,False,"Matrix UM 60  Soft Close Full Extension Runner 60 KG, Nominal Length 600 mm",600 mm,,,KIT,,6880.0,INR,False,,2026-02-01,Pricelist -2026/HAFELE PRICELIST_MRP revision Eff 1st Feb 2026 (1).pdf,30,433.09.517
hafele,Häfele,433.09.531,False,"Matrix UM 35 Soft Close Full Extension Runner 35 KG, Nominal Length 300 mm",300 mm,,,KIT,,2435.0,INR,False,,2026-02-01,Pricelist -2026/HAFELE PRICELIST_MRP revision Eff 1st Feb 2026 (1).pdf,30,433.09.531
hafele,Häfele,433.09.532,False,"Matrix UM 35 Soft Close Full Extension Runner 35 KG, Nominal Length 350 mm",350 mm,,,KIT,,2435.0,INR,False,,2026-02-01,Pricelist -2026/HAFELE PRICELIST_MRP revision Eff 1st Feb 2026 (1).pdf,30,433.09.532
hafele,Häfele,433.09.533,False,"Matrix UM 35 Soft Close Full Extension Runner 35 KG, Nominal Length 400 mm",400 mm,,,KIT,,2575.0,INR,False,,2026-02-01,Pricelist -2026/HAFELE PRICELIST_MRP revision Eff 1st Feb 2026 (1).pdf,30,433.09.533
hafele,Häfele,433.09.534,False,"Matrix UM 35 Soft Close Full Extension Runner 35 KG, Nominal Length 450 mm",450 mm,,,KIT,,2575.0,INR,False,,2026-02-01,Pricelist -2026/HAFELE PRICELIST_MRP revision Eff 1st Feb 2026 (1).pdf,30,433.09.534
hafele,Häfele,433.09.535,False,"Matrix UM 35 Soft Close Full Extension Runner 35 KG, Nominal Length 500 mm",500 mm,,,KIT,,2575.0,INR,False,,2026-02-01,Pricelist -2026/HAFELE PRICELIST_MRP revision Eff 1st Feb 2026 (1).pdf,30,433.09.535
hafele,Häfele,433.09.536,False,"Matrix UM 35 Soft Close Full Extension Runner 35 KG, Nominal Length 550 mm",550 mm,,,KIT,,2980.0,INR,False,,2026-02-01,Pricelist -2026/HAFELE PRICELIST_MRP revision Eff 1st Feb 2026 (1).pdf,30,433.09.536
hafele,Häfele,433.09.537,False,"Matrix UM 35 Soft Close Full Extension Runner 35 KG, Nominal Length 600 mm",600 mm,,,KIT,,3115.0,INR,False,,2026-02-01,Pricelist -2026/HAFELE PRICELIST_MRP revision Eff 1st Feb 2026 (1).pdf,30,433.09.537
hafele,Häfele,552.18.033,False,"Matrix UM 35 Soft Close Full Extension Runner 35 KG, Nominal Length 250 mm 18 MM",250 mm,,,KIT,,2295.0,INR,False,,2026-02-01,Pricelist -2026/HAFELE PRICELIST_MRP revision Eff 1st Feb 2026 (1).pdf,30,552.18.033
hafele,Häfele,552.18.026,False,"Matrix UM 35 Soft Close Full Extension Runner 35 KG, Nominal Length 300 mm 18 MM",300 mm,,,KIT,,2295.0,INR,False,,2026-02-01,Pricelist -2026/HAFELE PRICELIST_MRP revision Eff 1st Feb 2026 (1).pdf,30,552.18.026
hafele,Häfele,552.18.027,False,"Matrix UM 35 Soft Close Full Extension Runner 35 KG, Nominal Length 350 mm 18 MM",350 mm,,,KIT,,2295.0,INR,False,,2026-02-01,Pricelist -2026/HAFELE PRICELIST_MRP revision Eff 1st Feb 2026 (1).pdf,30,552.18.027
hafele,Häfele,552.18.028,False,"Matrix UM 35 Soft Close Full Extension Runner 35 KG, Nominal Length 400 mm 18 MM",400 mm,,,KIT,,2425.0,INR,False,,2026-02-01,Pricelist -2026/HAFELE PRICELIST_MRP revision Eff 1st Feb 2026 (1).pdf,30,552.18.028
hafele,Häfele,552.18.029,False,"Matrix UM 35 Soft Close Full Extension Runner 35 KG, Nominal Length 450 mm 18 MM",450 mm,,,KIT,,2425.0,INR,False,,2026-02-01,Pricelist -2026/HAFELE PRICELIST_MRP revision Eff 1st Feb 2026 (1).pdf,30,552.18.029
hafele,Häfele,552.18.030,False,"Matrix UM 35 Soft Close Full Extension Runner 35 KG, Nominal Length 500 mm 18 MM",500 mm,,,KIT,,2425.0,INR,False,,2026-02-01,Pricelist -2026/HAFELE PRICELIST_MRP revision Eff 1st Feb 2026 (1).pdf,30,552.18.030
hafele,Häfele,552.18.031,False,"Matrix UM 35 Soft Close Full Extension Runner 35 KG, Nominal Length 550 mm 18 MM",550 mm,,,KIT,,2810.0,INR,False,,2026-02-01,Pricelist -2026/HAFELE PRICELIST_MRP revision Eff 1st Feb 2026 (1).pdf,30,552.18.031
hafele,Häfele,433.31.101,False,"Matrix UM 25 Soft Close Part Extension Runner 25 KG, Nominal Length 300 mm",300 mm,,,KIT,,1865.0,INR,False,,2026-02-01,Pricelist -2026/HAFELE PRICELIST_MRP revision Eff 1st Feb 2026 (1).pdf,30,433.31.101
hafele,Häfele,433.31.102,False,"Matrix UM 25 Soft Close Part Extension Runner 25 KG, Nominal Length 350 mm",350 mm,,,KIT,,2000.0,INR,False,,2026-02-01,Pricelist -2026/HAFELE PRICELIST_MRP revision Eff 1st Feb 2026 (1).pdf,30,433.31.102
hafele,Häfele,433.31.103,False,"Matrix UM 25 Soft Close Part Extension Runner 25 KG, Nominal Length 400 mm",400 mm,,,KIT,,2000.0,INR,False,,2026-02-01,Pricelist -2026/HAFELE PRICELIST_MRP revision Eff 1st Feb 2026 (1).pdf,30,433.31.103
hafele,Häfele,433.31.104,False,"Matrix UM 25 Soft Close Part Extension Runner 25 KG ,Nominal Length 450 mm",450 mm,,,KIT,,2155.0,INR,False,,2026-02-01,Pricelist -2026/HAFELE PRICELIST_MRP revision Eff 1st Feb 2026 (1).pdf,30,433.31.104
hafele,Häfele,433.31.105,False,"Matrix UM 25 Soft Close Part Extension Runner 25 KG, Nominal Length 500 mm",500 mm,,,KIT,,2155.0,INR,False,,2026-02-01,Pricelist -2026/HAFELE PRICELIST_MRP revision Eff 1st Feb 2026 (1).pdf,30,433.31.105
hafele,Häfele,554.02.204,False,Matrixbox Slim Solid H1 ( 88 mm) Full Extension Soft Close 40 KG Nominal Length 450 mm Stainless Steel,88 mm,,,KIT,,11555.0,INR,False,,2026-02-01,Pricelist -2026/HAFELE PRICELIST_MRP revision Eff 1st Feb 2026 (1).pdf,31,554.02.204
hafele,Häfele,554.02.205,False,Matrixbox Slim Solid H1 ( 88 mm) Full Extension Soft Close 40 KG Nominal Length 500 mm Stainless Steel,88 mm,,,KIT,,12810.0,INR,False,,2026-02-01,Pricelist -2026/HAFELE PRICELIST_MRP revision Eff 1st Feb 2026 (1).pdf,31,554.02.205
hafele,Häfele,554.02.206,False,Matrixbox Slim Solid H1 (88 mm) Full Extension Soft Close 40 KG Nominal Length 550 mm Stainless Steel,88 mm,,,KIT,,14075.0,INR,False,,2026-02-01,Pricelist -2026/HAFELE PRICELIST_MRP revision Eff 1st Feb 2026 (1).pdf,31,554.02.206
hafele,Häfele,554.05.204,False,Matrixbox Slim Solid H2 (193 mm) Full Extension Soft Close 40 KG Nominal Length 450 mm Stainless Steel,193 mm,,,KIT,,11920.0,INR,False,,2026-02-01,Pricelist -2026/HAFELE PRICELIST_MRP revision Eff 1st Feb 2026 (1).pdf,31,554.05.204
hafele,Häfele,554.05.205,False,Matrixbox Slim Solid H2 (193 mm) Full Extension Soft Close 40 KG Nominal Length 500 mm Stainless Steel,193 mm,,,KIT,,16415.0,INR,False,,2026-02-01,Pricelist -2026/HAFELE PRICELIST_MRP revision Eff 1st Feb 2026 (1).pdf,31,554.05.205
hafele,Häfele,554.05.206,False,Matrixbox Slim Solid H2 (193 mm) Full Extension Soft Close 40 KG Nominal Length 550 mm Stainless Steel,193 mm,,,KIT,,17490.0,INR,False,,2026-02-01,Pricelist -2026/HAFELE PRICELIST_MRP revision Eff 1st Feb 2026 (1).pdf,31,554.05.206
hafele,Häfele,554.05.215,False,Matrixbox Slim Solid H2 (193 mm) Full Extension Soft Close 60 KG Nominal Length 500 mm Stainless Steel,193 mm,,,KIT,,18045.0,INR,False,,2026-02-01,Pricelist -2026/HAFELE PRICELIST_MRP revision Eff 1st Feb 2026 (1).pdf,31,554.05.215
hafele,Häfele,554.05.216,False,Matrixbox Slim Solid H2 (193 mm) Full Extension Soft Close 60 KG Nominal Length 550 mm Stainless Steel,193 mm,,,KIT,,19120.0,INR,False,,2026-02-01,Pricelist -2026/HAFELE PRICELIST_MRP revision Eff 1st Feb 2026 (1).pdf,31,554.05.216
hafele,Häfele,554.05.225,False,Matrixbox Slim Solid H3( 257 mm) Set Full Extension Soft Close 40 KG Nominal Length 500 mm Stainless Steel,257 mm,,,KIT,,23455.0,INR,False,,2026-02-01,Pricelist -2026/HAFELE PRICELIST_MRP revision Eff 1st Feb 2026 (1).pdf,31,554.05.225
hafele,Häfele,554.05.226,False,Matrixbox Slim Solid H3( 257 mm) Set Full Extension Soft Close 40 KG Nominal Length 550 mm Stainless Steel,257 mm,,,KIT,,24530.0,INR,False,,2026-02-01,Pricelist -2026/HAFELE PRICELIST_MRP revision Eff 1st Feb 2026 (1).pdf,31,554.05.226
hafele,Häfele,554.05.235,False,Matrixbox Slim Solid H3( 257 mm) Set Full Extension Soft Close 60 KG Nominal Length 500 mm Stainless Steel,257 mm,,,KIT,,25075.0,INR,False,,2026-02-01,Pricelist -2026/HAFELE PRICELIST_MRP revision Eff 1st Feb 2026 (1).pdf,31,554.05.235
hafele,Häfele,554.05.236,False,Matrixbox Slim Solid H3( 257 mm) Set Full Extension Soft Close 60 KG Nominal Length 550 mm Stainless Steel,257 mm,,,KIT,,26150.0,INR,False,,2026-02-01,Pricelist -2026/HAFELE PRICELIST_MRP revision Eff 1st Feb 2026 (1).pdf,31,554.05.236
hafele,Häfele,554.05.305,False,Matrixbox Slim Decor H2 (193 mm) Full Extension Soft Close 40 KG Nominal Length 500 mm Stainless Steel,193 mm,,,KIT,,18215.0,INR,False,,2026-02-01,Pricelist -2026/HAFELE PRICELIST_MRP revision Eff 1st Feb 2026 (1).pdf,31,554.05.305
hafele,Häfele,554.05.306,False,Matrixbox Slim Decor H2 (193 mm) Full Extension Soft Close 40 KG Nominal Length 550 mm Stainless Steel,193 mm,,,KIT,,19120.0,INR,False,,2026-02-01,Pricelist -2026/HAFELE PRICELIST_MRP revision Eff 1st Feb 2026 (1).pdf,31,554.05.306
hafele,Häfele,554.02.404,False,Matrixbox Slim Solid H1 ( 88 mm) Full Extension Soft Close 40 KG Nominal Length 450 mm Midnight Black,88 mm,,,KIT,,12720.0,INR,False,,2026-02-01,Pricelist -2026/HAFELE PRICELIST_MRP revision Eff 1st Feb 2026 (1).pdf,32,554.02.404
hafele,Häfele,554.02.405,False,Matrixbox Slim Solid H1 ( 88 mm) Full Extension Soft Close 40 KG Nominal Length 500 mm Midnight Black,88 mm,,,KIT,,14105.0,INR,False,,2026-02-01,Pricelist -2026/HAFELE PRICELIST_MRP revision Eff 1st Feb 2026 (1).pdf,32,554.02.405
hafele,Häfele,554.02.406,False,Matrixbox Slim Solid H1 (88 mm) Full Extension Soft Close 40 KG Nominal Length 550 mm Midnight Black,88 mm,,,KIT,,15500.0,INR,False,,2026-02-01,Pricelist -2026/HAFELE PRICELIST_MRP revision Eff 1st Feb 2026 (1).pdf,32,554.02.406
hafele,Häfele,554.05.404,False,Matrixbox Slim Solid H2 (193 mm) Full Extension Soft Close 40 KG Nominal Length 450 mm Midnight Black,193 mm,,,KIT,,13120.0,INR,False,,2026-02-01,Pricelist -2026/HAFELE PRICELIST_MRP revision Eff 1st Feb 2026 (1).pdf,32,554.05.404
hafele,Häfele,554.05.405,False,Matrixbox Slim Solid H2 (193 mm) Full Extension Soft Close 40 KG Nominal Length 500 mm Midnight Black,193 mm,,,KIT,,18075.0,INR,False,,2026-02-01,Pricelist -2026/HAFELE PRICELIST_MRP revision Eff 1st Feb 2026 (1).pdf,32,554.05.405
hafele,Häfele,554.05.406,False,Matrixbox Slim Solid H2 (193 mm) Full Extension Soft Close 40 KG Nominal Length 550 mm Midnight Black,193 mm,,,KIT,,19265.0,INR,False,,2026-02-01,Pricelist -2026/HAFELE PRICELIST_MRP revision Eff 1st Feb 2026 (1).pdf,32,554.05.406
hafele,Häfele,554.05.415,False,Matrixbox Slim Solid H2 (193 mm) Full Extension Soft Close 60 KG Nominal Length 500 mm Midnight Black,193 mm,,,KIT,,19870.0,INR,False,,2026-02-01,Pricelist -2026/HAFELE PRICELIST_MRP revision Eff 1st Feb 2026 (1).pdf,32,554.05.415
hafele,Häfele,554.05.416,False,Matrixbox Slim Solid H2 (193 mm) Full Extension Soft Close 60 KG Nominal Length 550 mm Midnight Black,193 mm,,,KIT,,21065.0,INR,False,,2026-02-01,Pricelist -2026/HAFELE PRICELIST_MRP revision Eff 1st Feb 2026 (1).pdf,32,554.05.416
hafele,Häfele,554.05.425,False,Matrixbox Slim Solid H3( 257 mm) Set Full Extension Soft Close 40 KG Nominal Length 500 mm Midnight Black,257 mm,,,KIT,,25825.0,INR,False,,2026-02-01,Pricelist -2026/HAFELE PRICELIST_MRP revision Eff 1st Feb 2026 (1).pdf,32,554.05.425
hafele,Häfele,554.05.426,False,Matrixbox Slim Solid H3( 257 mm) Set Full Extension Soft Close 40 KG Nominal Length 550 mm Midnight Black,257 mm,,,KIT,,27010.0,INR,False,,2026-02-01,Pricelist -2026/HAFELE PRICELIST_MRP revision Eff 1st Feb 2026 (1).pdf,32,554.05.426
hafele,Häfele,554.05.435,False,Matrixbox Slim Solid H3( 257 mm) Set Full Extension Soft Close 60 KG Nominal Length 500 mm Midnight Black,257 mm,,,KIT,,27595.0,INR,False,,2026-02-01,Pricelist -2026/HAFELE PRICELIST_MRP revision Eff 1st Feb 2026 (1).pdf,32,554.05.435
hafele,Häfele,554.05.436,False,Matrixbox Slim Solid H3( 257 mm) Set Full Extension Soft Close 60 KG Nominal Length 550 mm Midnight Black,257 mm,,,KIT,,28785.0,INR,False,,2026-02-01,Pricelist -2026/HAFELE PRICELIST_MRP revision Eff 1st Feb 2026 (1).pdf,32,554.05.436
hafele,Häfele,554.05.505,False,Matrixbox Slim Decor H2 (193 mm) Full Extension Soft Close 40 KG Nominal Length 500 mm Midnight Black,193 mm,,,KIT,,20055.0,INR,False,,2026-02-01,Pricelist -2026/HAFELE PRICELIST_MRP revision Eff 1st Feb 2026 (1).pdf,32,554.05.505
hafele,Häfele,554.05.506,False,Matrixbox Slim Decor H2 (193 mm) Full Extension Soft Close 40 KG Nominal Length 550 mm Midnight Black,193 mm,,,KIT,,21065.0,INR,False,,2026-02-01,Pricelist -2026/HAFELE PRICELIST_MRP revision Eff 1st Feb 2026 (1).pdf,32,554.05.506
hafele,Häfele,552.19.090,False,"Matrixbox Slim Inner Drawer kit H1, cabinet width 600mm Stainless Steel",600mm,,,KIT,,3900.0,INR,False,,2026-02-01,Pricelist -2026/HAFELE PRICELIST_MRP revision Eff 1st Feb 2026 (1).pdf,32,552.19.090
hafele,Häfele,552.19.091,False,"Matrixbox Slim Inner Drawer kit H1, cabinet width 1200mm Stainless Steel",1200mm,,,KIT,,6000.0,INR,False,,2026-02-01,Pricelist -2026/HAFELE PRICELIST_MRP revision Eff 1st Feb 2026 (1).pdf,32,552.19.091
hafele,Häfele,552.19.070,False,"Matrixbox Slim Inner Drawer Solid kit H2, cabinet width 600mm Stainless Steel",600mm,,,KIT,,7000.0,INR,False,,2026-02-01,Pricelist -2026/HAFELE PRICELIST_MRP revision Eff 1st Feb 2026 (1).pdf,32,552.19.070
hafele,Häfele,552.19.071,False,"Matrixbox Slim Inner Drawer Solid kit H2, cabinet width 1200mm Stainless Steel",1200mm,,,KIT,,10500.0,INR,False,,2026-02-01,Pricelist -2026/HAFELE PRICELIST_MRP revision Eff 1st Feb 2026 (1).pdf,32,552.19.071
hafele,Häfele,552.19.096,False,"Matrixbox Slim Inner Drawer Decor kit H2, cabinet width 600mm Stainless Steel",600mm,,,KIT,,4000.0,INR,False,,2026-02-01,Pricelist -2026/HAFELE PRICELIST_MRP revision Eff 1st Feb 2026 (1).pdf,32,552.19.096
hafele,Häfele,552.19.097,False,"Matrixbox Slim Inner Drawer Decor kit H2, cabinet width 1200mm Stainless Steel",1200mm,,,KIT,,7300.0,INR,False,,2026-02-01,Pricelist -2026/HAFELE PRICELIST_MRP revision Eff 1st Feb 2026 (1).pdf,32,552.19.097
hafele,Häfele,550.38.460,False,Drawer Org Bamboo Knife Holder 100mm 100mm x 472mm x 55mm,100mm,,,PC,,5950.0,INR,False,,2026-02-01,Pricelist -2026/HAFELE PRICELIST_MRP revision Eff 1st Feb 2026 (1).pdf,33,550.38.460
hafele,Häfele,550.38.470,False,Drawer Org Bamboo Foil Cutter 100mm 100mm x 472mm x 55mm,100mm,,,PC,,7150.0,INR,False,,2026-02-01,Pricelist -2026/HAFELE PRICELIST_MRP revision Eff 1st Feb 2026 (1).pdf,33,550.38.470
hafele,Häfele,550.38.481,False,Box Frame P|O Org Module 300mm 300mm x 472mm x 150mm,300mm,,,PC,,9635.0,INR,False,,2026-02-01,Pricelist -2026/HAFELE PRICELIST_MRP revision Eff 1st Feb 2026 (1).pdf,33,550.38.481
hafele,Häfele,556.43.041,False,Plate Carrier - Bamboo Handle,,,,PC,,12000.0,INR,False,,2026-02-01,Pricelist -2026/HAFELE PRICELIST_MRP revision Eff 1st Feb 2026 (1).pdf,33,556.43.041
hafele,Häfele,556.43.070,False,Plate Organiser Insert for Drawer Width 900mm - with 9 Pins (For Tandembox Only),900mm,,,PC,,27250.0,INR,False,,2026-02-01,Pricelist -2026/HAFELE PRICELIST_MRP revision Eff 1st Feb 2026 (1).pdf,33,556.43.070
hafele,Häfele,550.38.300,False,"Drawer Org Wooden Module 100mm, Black 100mm x 472mm x 55mm",100mm,,,PC,,5320.0,INR,False,,2026-02-01,Pricelist -2026/HAFELE PRICELIST_MRP revision Eff 1st Feb 2026 (1).pdf,33,550.38.300
hafele,Häfele,550.38.601,False,"Drawer Org Wooden Module 200mm, White 200mm x 472mm x 55mm",200mm,,,PC,,5950.0,INR,False,,2026-02-01,Pricelist -2026/HAFELE PRICELIST_MRP revision Eff 1st Feb 2026 (1).pdf,33,550.38.601
hafele,Häfele,550.38.351,False,"Drawer Org Wooden Spice Can Holder 100mm, Black 100mm x 472mm x 55mm ( 4 Spice Cans Included)",100mm,,,PC,,11200.0,INR,False,,2026-02-01,Pricelist -2026/HAFELE PRICELIST_MRP revision Eff 1st Feb 2026 (1).pdf,33,550.38.351
hafele,Häfele,550.38.380,False,"Box Frame P|O Org Module 200mm, Black 200mm × 472mm × 150mm",200mm,,,PC,,10250.0,INR,False,,2026-02-01,Pricelist -2026/HAFELE PRICELIST_MRP revision Eff 1st Feb 2026 (1).pdf,33,550.38.380
hafele,Häfele,550.38.680,False,"Box Frame P|O Org Module 200mm, White 200mm × 472mm × 150mm",200mm,,,PC,,9150.0,INR,False,,2026-02-01,Pricelist -2026/HAFELE PRICELIST_MRP revision Eff 1st Feb 2026 (1).pdf,33,550.38.680
hafele,Häfele,550.38.681,False,"Box Frame P|O Org Module 300mm, White 300mm × 472mm × 150mm",300mm,,,PC,,11875.0,INR,False,,2026-02-01,Pricelist -2026/HAFELE PRICELIST_MRP revision Eff 1st Feb 2026 (1).pdf,33,550.38.681
hafele,Häfele,555.36.405,False,"Joy Tray Drawer Organiser 600mm, Bamboo 499mm × 472mm × 54 mm (For Legrabox Please add 556.38.419-1 Pair / Tray)",600mm,,,PC,,12750.0,INR,False,,2026-02-01,Pricelist -2026/HAFELE PRICELIST_MRP revision Eff 1st Feb 2026 (1).pdf,34,555.36.405
hafele,Häfele,555.36.460,False,"Joy Knife Block, Bamboo, 120mm × 340mm × 47mm",120mm,,,PC,,5200.0,INR,False,,2026-02-01,Pricelist -2026/HAFELE PRICELIST_MRP revision Eff 1st Feb 2026 (1).pdf,34,555.36.460
hafele,Häfele,555.36.450,False,"Joy Spice Holder, Bamboo, 120mm × 340mm × 57 mm (6 Spice Cans Included)",120mm,,,PC,,8550.0,INR,False,,2026-02-01,Pricelist -2026/HAFELE PRICELIST_MRP revision Eff 1st Feb 2026 (1).pdf,34,555.36.450
hafele,Häfele,550.36.480,False,"Joy Universal Tray, Bamboo 131mm × 120mm × 47mm",131mm,,,PC,,1700.0,INR,False,,2026-02-01,Pricelist -2026/HAFELE PRICELIST_MRP revision Eff 1st Feb 2026 (1).pdf,34,550.36.480
hafele,Häfele,550.36.307,False,"Joy Tray Drawer Organiser 600mm, Black 499mm × 472mm × 54 mm (For Legrabox Please add 556.38.319-1 Pair / Tray)",600mm,,,PC,,13450.0,INR,False,,2026-02-01,Pricelist -2026/HAFELE PRICELIST_MRP revision Eff 1st Feb 2026 (1).pdf,34,550.36.307
hafele,Häfele,550.36.309,False,"Joy Tray Drawer Organiser 900mm, Black 799mm × 472mm × 54 mm (For Legrabox Please add 556.38.319-1 Pair / Tray)",900mm,,,PC,,17750.0,INR,False,,2026-02-01,Pricelist -2026/HAFELE PRICELIST_MRP revision Eff 1st Feb 2026 (1).pdf,34,550.36.309
hafele,Häfele,550.36.350,False,"Joy Spice Holder, Black, 120mm × 340mm × 57 mm (6 Spice Cans Included)",120mm,,,PC,,7350.0,INR,False,,2026-02-01,Pricelist -2026/HAFELE PRICELIST_MRP revision Eff 1st Feb 2026 (1).pdf,34,550.36.350
hafele,Häfele,550.36.380,False,"Joy Universal Tray, Black 131mm × 120mm × 47mm",131mm,,,PC,,1800.0,INR,False,,2026-02-01,Pricelist -2026/HAFELE PRICELIST_MRP revision Eff 1st Feb 2026 (1).pdf,34,550.36.380
hafele,Häfele,550.36.645,False,"Joy Knife Block, White, 120mm × 340mm × 47mm",120mm,,,PC,,5350.0,INR,False,,2026-02-01,Pricelist -2026/HAFELE PRICELIST_MRP revision Eff 1st Feb 2026 (1).pdf,34,550.36.645
hafele,Häfele,550.36.650,False,"Joy Spice Holder, White, 120mm × 340mm × 57 mm (6 Spice Cans Included)",120mm,,,PC,,8235.0,INR,False,,2026-02-01,Pricelist -2026/HAFELE PRICELIST_MRP revision Eff 1st Feb 2026 (1).pdf,34,550.36.650
hafele,Häfele,550.39.580,False,"Pot and Pan Rack, Solid Wood, Grey Painted 190mm x 473mm x 195mm",190mm,,,PC,,12105.0,INR,False,,2026-02-01,Pricelist -2026/HAFELE PRICELIST_MRP revision Eff 1st Feb 2026 (1).pdf,35,550.39.580
hafele,Häfele,553.65.727,False,"Cuisio Cutlery Insert for 600 mm Drawer Width, White - Translucent (For Matrixbox Premium NL500mm)",600 mm,,,PC,,11540.0,INR,False,,2026-02-01,Pricelist -2026/HAFELE PRICELIST_MRP revision Eff 1st Feb 2026 (1).pdf,35,553.65.727
hafele,Häfele,553.65.729,False,"Cuisio Cutlery Insert for 900 mm Drawer Width, White - Translucent (For Matrixbox Premium NL500mm)",900 mm,,,PC,,15905.0,INR,False,,2026-02-01,Pricelist -2026/HAFELE PRICELIST_MRP revision Eff 1st Feb 2026 (1).pdf,35,553.65.729
hafele,Häfele,553.65.827,False,"Cuisio Cutlery Insert for 600 mm Drawer Width, Graphite - Translucent (For Matrixbox Premium NL500mm)",600 mm,,,PC,,12100.0,INR,False,,2026-02-01,Pricelist -2026/HAFELE PRICELIST_MRP revision Eff 1st Feb 2026 (1).pdf,35,553.65.827
hafele,Häfele,553.65.829,False,"Cuisio Cutlery Insert for 900 mm Drawer Width, Graphite - Translucent (For Matrixbox Premium NL500mm)",900 mm,,,PC,,16465.0,INR,False,,2026-02-01,Pricelist -2026/HAFELE PRICELIST_MRP revision Eff 1st Feb 2026 (1).pdf,35,553.65.829
hafele,Häfele,553.65.427,False,"Cuisio Cutlery Insert for 600 mm Drawer Width, Black - Translucent (For Matrixbox Premium NL500mm)",600 mm,,,PC,,12100.0,INR,False,,2026-02-01,Pricelist -2026/HAFELE PRICELIST_MRP revision Eff 1st Feb 2026 (1).pdf,35,553.65.427
hafele,Häfele,553.65.429,False,"Cuisio Cutlery Insert for 900 mm Drawer Width, Black - Translucent (For Matrixbox Premium NL500mm)",900 mm,,,PC,,16465.0,INR,False,,2026-02-01,Pricelist -2026/HAFELE PRICELIST_MRP revision Eff 1st Feb 2026 (1).pdf,35,553.65.429
hafele,Häfele,550.79.202,False,"Cuisio Cutlery Insert for 450 mm Drawer Width, Graphite Translucent (For Matrixbox Slim NL500mm Only)",450 mm,,,PC,,8235.0,INR,False,,2026-02-01,Pricelist -2026/HAFELE PRICELIST_MRP revision Eff 1st Feb 2026 (1).pdf,35,550.79.202
hafele,Häfele,550.79.204,False,"Cuisio Cutlery Insert for 600 mm Drawer Width, Graphite Translucent (For Matrixbox Slim NL500mm Only)",600 mm,,,PC,,12100.0,INR,False,,2026-02-01,Pricelist -2026/HAFELE PRICELIST_MRP revision Eff 1st Feb 2026 (1).pdf,35,550.79.204
hafele,Häfele,550.79.206,False,"Cuisio Cutlery Insert for 900 mm Drawer Width, Graphite Translucent (For Matrixbox Slim NL500mm Only)",900 mm,,,PC,,16465.0,INR,False,,2026-02-01,Pricelist -2026/HAFELE PRICELIST_MRP revision Eff 1st Feb 2026 (1).pdf,35,550.79.206
hafele,Häfele,550.79.207,False,"Cuisio Cutlery Insert for 1200 mm Drawer Width, Graphite Translucent (For Matrixbox Slim NL500mm Only)",1200 mm,,,PC,,18820.0,INR,False,,2026-02-01,Pricelist -2026/HAFELE PRICELIST_MRP revision Eff 1st Feb 2026 (1).pdf,35,550.79.207
hafele,Häfele,556.32.420,False,"Ergo Fit - Connect Set 1, Dark. Grey",,,,SET,,6275.0,INR,False,,2026-02-01,Pricelist -2026/HAFELE PRICELIST_MRP revision Eff 1st Feb 2026 (1).pdf,36,556.32.420
hafele,Häfele,556.32.421,False,"Ergo Fit - Connect Set 2, Dark. Grey",,,,SET,,6100.0,INR,False,,2026-02-01,Pricelist -2026/HAFELE PRICELIST_MRP revision Eff 1st Feb 2026 (1).pdf,36,556.32.421
hafele,Häfele,556.32.442,False,"Ergo Fit - Connect Set 5, Dark. Grey",,,,SET,,7700.0,INR,False,,2026-02-01,Pricelist -2026/HAFELE PRICELIST_MRP revision Eff 1st Feb 2026 (1).pdf,36,556.32.442
hafele,Häfele,556.32.444,False,"Ergo Fit - Connect Set 6, Dark. Grey",,,,SET,,6000.0,INR,False,,2026-02-01,Pricelist -2026/HAFELE PRICELIST_MRP revision Eff 1st Feb 2026 (1).pdf,36,556.32.444
hafele,Häfele,556.32.461,False,"Ergo Fit - Connect Set 10, Dark. Grey",,,,SET,,7700.0,INR,False,,2026-02-01,Pricelist -2026/HAFELE PRICELIST_MRP revision Eff 1st Feb 2026 (1).pdf,36,556.32.461
hafele,Häfele,556.31.420,False,"Ergo Fit - Connect, Single Tray, Dark Grey 100mm x 300M x 50mm",100mm,,,PC,,1850.0,INR,False,,2026-02-01,Pricelist -2026/HAFELE PRICELIST_MRP revision Eff 1st Feb 2026 (1).pdf,36,556.31.420
hafele,Häfele,556.31.430,False,"Ergo Fit - Connect, Partition Tray, Dark Grey 200mm x 400mm x 50mm",200mm,,,PC,,2410.0,INR,False,,2026-02-01,Pricelist -2026/HAFELE PRICELIST_MRP revision Eff 1st Feb 2026 (1).pdf,36,556.31.430
hafele,Häfele,556.31.440,False,"Ergo Fit - Connect, Small L Divider- Right, Dark Grey 100mm x 200mm x 50mm",100mm,,,PC,,1010.0,INR,False,,2026-02-01,Pricelist -2026/HAFELE PRICELIST_MRP revision Eff 1st Feb 2026 (1).pdf,36,556.31.440
hafele,Häfele,556.31.441,False,"Ergo Fit - Connect, Small L Divider- Left, Dark Grey 100mm x 200mm x 50mm",100mm,,,PC,,1010.0,INR,False,,2026-02-01,Pricelist -2026/HAFELE PRICELIST_MRP revision Eff 1st Feb 2026 (1).pdf,36,556.31.441
hafele,Häfele,556.31.450,False,"Ergo Fit - Connect, Large L Divider- Left, Dark Grey 100mm x 250mm x 50mm",100mm,,,PC,,1050.0,INR,False,,2026-02-01,Pricelist -2026/HAFELE PRICELIST_MRP revision Eff 1st Feb 2026 (1).pdf,36,556.31.450
hafele,Häfele,556.31.451,False,"Ergo Fit - Connect, Large L Divider- Right, Dark Grey 100mm x 250mm x 50mm",100mm,,,PC,,1050.0,INR,False,,2026-02-01,Pricelist -2026/HAFELE PRICELIST_MRP revision Eff 1st Feb 2026 (1).pdf,36,556.31.451
hafele,Häfele,556.31.460,False,"Ergo Fit - Connect, E Divider, Dark Grey 100mm x 200mm x 50mm",100mm,,,PC,,1415.0,INR,False,,2026-02-01,Pricelist -2026/HAFELE PRICELIST_MRP revision Eff 1st Feb 2026 (1).pdf,36,556.31.460
hafele,Häfele,556.31.590,False,"Ergo Fit - Connect, Connector (Red)",,,,PC,,92.0,INR,False,,2026-02-01,Pricelist -2026/HAFELE PRICELIST_MRP revision Eff 1st Feb 2026 (1).pdf,36,556.31.590
hafele,Häfele,556.81.572,False,Ergo Fit - Cuisioflex - Alu Grey with White Translucent (Set of 2 Frames) 236-386mm x 236-386mm x 129mm,386mm,,,PC,,11425.0,INR,False,,2026-02-01,Pricelist -2026/HAFELE PRICELIST_MRP revision Eff 1st Feb 2026 (1).pdf,37,556.81.572
hafele,Häfele,556.81.473,False,Ergo Fit - Cuisioflex - Dark Grey with Graphite Translucent (Set of 2 Frames) 236-386mm x 236-386mm x 129mm,386mm,,,PC,,11425.0,INR,False,,2026-02-01,Pricelist -2026/HAFELE PRICELIST_MRP revision Eff 1st Feb 2026 (1).pdf,37,556.81.473
hafele,Häfele,556.55.523,False,"Ergo-Fit, Sky Cutley Tray for 450 mm Drawer Silver Grey",450 mm,,,PC,,2260.0,INR,False,,2026-02-01,Pricelist -2026/HAFELE PRICELIST_MRP revision Eff 1st Feb 2026 (1).pdf,37,556.55.523
hafele,Häfele,556.55.526,False,"Ergo-Fit, Sky Cutley Tray for 600 mm Drawer Silver Grey",600 mm,,,PC,,2470.0,INR,False,,2026-02-01,Pricelist -2026/HAFELE PRICELIST_MRP revision Eff 1st Feb 2026 (1).pdf,37,556.55.526
hafele,Häfele,556.55.529,False,"Ergo-Fit, Sky Cutley Tray for 900 mm Drawer Silver Grey",900 mm,,,PC,,4180.0,INR,False,,2026-02-01,Pricelist -2026/HAFELE PRICELIST_MRP revision Eff 1st Feb 2026 (1).pdf,37,556.55.529
hafele,Häfele,556.72.528,False,"Ergo-Fit, Smart Cutlery Tray for 600mm Drawer Silver Grey",600mm,,,PC,,1050.0,INR,False,,2026-02-01,Pricelist -2026/HAFELE PRICELIST_MRP revision Eff 1st Feb 2026 (1).pdf,37,556.72.528
hafele,Häfele,556.72.531,False,"Ergo-Fit, Smart Cutlery Tray for 900mm Drawer Silver Grey",900mm,,,PC,,1650.0,INR,False,,2026-02-01,Pricelist -2026/HAFELE PRICELIST_MRP revision Eff 1st Feb 2026 (1).pdf,37,556.72.531
hafele,Häfele,556.50.556,False,Plates Organisation 500/60/Silve D Texture,,,,PC,,4650.0,INR,False,,2026-02-01,Pricelist -2026/HAFELE PRICELIST_MRP revision Eff 1st Feb 2026 (1).pdf,37,556.50.556
hafele,Häfele,556.50.557,False,Plates Organisation 500/90/Silve D Texture,,,,PC,,6940.0,INR,False,,2026-02-01,Pricelist -2026/HAFELE PRICELIST_MRP revision Eff 1st Feb 2026 (1).pdf,37,556.50.557
hafele,Häfele,420.50.656,False,36 mm Ball Bearing Runner 550 mm Zinc 1,36 mm,,,PR,,669.0,INR,False,,2026-02-01,Pricelist -2026/HAFELE PRICELIST_MRP revision Eff 1st Feb 2026 (1).pdf,38,420.50.656
hafele,Häfele,420.55.306,False,36 mm Ball Bearing Runner 550 mm Black 1,36 mm,,,PR,,669.0,INR,False,,2026-02-01,Pricelist -2026/HAFELE PRICELIST_MRP revision Eff 1st Feb 2026 (1).pdf,38,420.55.306
hafele,Häfele,422.87.303,False,"Ball Bearing Slides Side Mounted Full Extension Black Load Capacity 30Kg/Pair for 400 mm (16"") 1",400 mm,,,PR,,569.0,INR,False,,2026-02-01,Pricelist -2026/HAFELE PRICELIST_MRP revision Eff 1st Feb 2026 (1).pdf,38,422.87.303
hafele,Häfele,422.87.901,False,"Ball Bearing Slides Side Mounted Full Extension Zinc Plated Load Capacity 30Kg/Pair for 300 mm (12"") 1",300 mm,,,PR,,511.0,INR,False,,2026-02-01,Pricelist -2026/HAFELE PRICELIST_MRP revision Eff 1st Feb 2026 (1).pdf,38,422.87.901
hafele,Häfele,422.58.965,False,"Ball Bearing Slides Side Mounted Full Extension Galvanized Load Capacity 45Kg/Pair for 650 mm (26"") 1",650 mm,,,PR,,1136.0,INR,False,,2026-02-01,Pricelist -2026/HAFELE PRICELIST_MRP revision Eff 1st Feb 2026 (1).pdf,38,422.58.965
hafele,Häfele,422.58.060,False,Ball Bearing Slides Side Mounted Full Extension Black Load Capacity 45Kg/Pair for 250 mm 1,250 mm,,,PR,,450.0,INR,False,,2026-02-01,Pricelist -2026/HAFELE PRICELIST_MRP revision Eff 1st Feb 2026 (1).pdf,38,422.58.060
hafele,Häfele,422.58.061,False,Ball Bearing Slides Side Mounted Full Extension Black Load Capacity 45Kg/Pair for 300 mm 1,300 mm,,,PR,,475.0,INR,False,,2026-02-01,Pricelist -2026/HAFELE PRICELIST_MRP revision Eff 1st Feb 2026 (1).pdf,38,422.58.061
hafele,Häfele,422.58.062,False,Ball Bearing Slides Side Mounted Full Extension Black Load Capacity 45Kg/Pair for 350 mm 1,350 mm,,,PR,,495.0,INR,False,,2026-02-01,Pricelist -2026/HAFELE PRICELIST_MRP revision Eff 1st Feb 2026 (1).pdf,38,422.58.062
hafele,Häfele,422.58.063,False,Ball Bearing Slides Side Mounted Full Extension Black Load Capacity 45Kg/Pair for 400 mm 1,400 mm,,,PR,,515.0,INR,False,,2026-02-01,Pricelist -2026/HAFELE PRICELIST_MRP revision Eff 1st Feb 2026 (1).pdf,38,422.58.063
hafele,Häfele,422.58.064,False,Ball Bearing Slides Side Mounted Full Extension Black Load Capacity 45Kg/Pair for 450 mm 1,450 mm,,,PR,,545.0,INR,False,,2026-02-01,Pricelist -2026/HAFELE PRICELIST_MRP revision Eff 1st Feb 2026 (1).pdf,38,422.58.064
hafele,Häfele,422.58.065,False,Ball Bearing Slides Side Mounted Full Extension Black Load Capacity 45Kg/Pair for 500 mm 1,500 mm,,,PR,,565.0,INR,False,,2026-02-01,Pricelist -2026/HAFELE PRICELIST_MRP revision Eff 1st Feb 2026 (1).pdf,38,422.58.065
hafele,Häfele,422.58.066,False,Ball Bearing Slides Side Mounted Full Extension Black Load Capacity 45Kg/Pair for 550 mm 1,550 mm,,,PR,,670.0,INR,False,,2026-02-01,Pricelist -2026/HAFELE PRICELIST_MRP revision Eff 1st Feb 2026 (1).pdf,38,422.58.066
hafele,Häfele,422.58.067,False,Ball Bearing Slides Side Mounted Full Extension Black Load Capacity 45Kg/Pair for 600 mm 1,600 mm,,,PR,,775.0,INR,False,,2026-02-01,Pricelist -2026/HAFELE PRICELIST_MRP revision Eff 1st Feb 2026 (1).pdf,38,422.58.067
hafele,Häfele,422.58.068,False,Ball Bearing Slides Side Mounted Full Extension Black Load Capacity 45Kg/Pair for 650 mm 1,650 mm,,,PR,,880.0,INR,False,,2026-02-01,Pricelist -2026/HAFELE PRICELIST_MRP revision Eff 1st Feb 2026 (1).pdf,38,422.58.068
hafele,Häfele,422.58.069,False,Ball Bearing Slides Side Mounted Full Extension Black Load Capacity 45Kg/Pair for 700 mm 1,700 mm,,,PR,,985.0,INR,False,,2026-02-01,Pricelist -2026/HAFELE PRICELIST_MRP revision Eff 1st Feb 2026 (1).pdf,38,422.58.069
hafele,Häfele,422.58.050,False,Ball Bearing Slides Side Mounted Full Extension Zinc Plated Load Capacity 45Kg/Pair for 250 mm 1,250 mm,,,PR,,450.0,INR,False,,2026-02-01,Pricelist -2026/HAFELE PRICELIST_MRP revision Eff 1st Feb 2026 (1).pdf,38,422.58.050
hafele,Häfele,422.58.051,False,Ball Bearing Slides Side Mounted Full Extension Zinc Plated Load Capacity 45Kg/Pair for 300 mm 1,300 mm,,,PR,,475.0,INR,False,,2026-02-01,Pricelist -2026/HAFELE PRICELIST_MRP revision Eff 1st Feb 2026 (1).pdf,38,422.58.051
hafele,Häfele,422.58.052,False,Ball Bearing Slides Side Mounted Full Extension Zinc Plated Load Capacity 45Kg/Pair for 350 mm 1,350 mm,,,PR,,495.0,INR,False,,2026-02-01,Pricelist -2026/HAFELE PRICELIST_MRP revision Eff 1st Feb 2026 (1).pdf,38,422.58.052
hafele,Häfele,422.58.053,False,Ball Bearing Slides Side Mounted Full Extension Zinc Plated Load Capacity 45Kg/Pair for 400 mm 1,400 mm,,,PR,,515.0,INR,False,,2026-02-01,Pricelist -2026/HAFELE PRICELIST_MRP revision Eff 1st Feb 2026 (1).pdf,38,422.58.053
hafele,Häfele,422.58.054,False,Ball Bearing Slides Side Mounted Full Extension Zinc Plated Load Capacity 45Kg/Pair for 450 mm 1,450 mm,,,PR,,545.0,INR,False,,2026-02-01,Pricelist -2026/HAFELE PRICELIST_MRP revision Eff 1st Feb 2026 (1).pdf,38,422.58.054
hafele,Häfele,422.58.055,False,Ball Bearing Slides Side Mounted Full Extension Zinc Plated Load Capacity 45Kg/Pair for 500 mm 1,500 mm,,,PR,,565.0,INR,False,,2026-02-01,Pricelist -2026/HAFELE PRICELIST_MRP revision Eff 1st Feb 2026 (1).pdf,38,422.58.055
hafele,Häfele,422.58.056,False,Ball Bearing Slides Side Mounted Full Extension Zinc Plated Load Capacity 45Kg/Pair for 550 mm 1,550 mm,,,PR,,670.0,INR,False,,2026-02-01,Pricelist -2026/HAFELE PRICELIST_MRP revision Eff 1st Feb 2026 (1).pdf,38,422.58.056
hafele,Häfele,422.58.057,False,Ball Bearing Slides Side Mounted Full Extension Zinc Plated Load Capacity 45Kg/Pair for 600 mm 1,600 mm,,,PR,,775.0,INR,False,,2026-02-01,Pricelist -2026/HAFELE PRICELIST_MRP revision Eff 1st Feb 2026 (1).pdf,38,422.58.057
hafele,Häfele,422.58.058,False,Ball Bearing Slides Side Mounted Full Extension Zinc Plated Load Capacity 45Kg/Pair for 650 mm 1,650 mm,,,PR,,880.0,INR,False,,2026-02-01,Pricelist -2026/HAFELE PRICELIST_MRP revision Eff 1st Feb 2026 (1).pdf,38,422.58.058
hafele,Häfele,422.58.059,False,Ball Bearing Slides Side Mounted Full Extension Zinc Plated Load Capacity 45Kg/Pair for 700 mm 1,700 mm,,,PR,,985.0,INR,False,,2026-02-01,Pricelist -2026/HAFELE PRICELIST_MRP revision Eff 1st Feb 2026 (1).pdf,38,422.58.059
hafele,Häfele,422.58.080,False,"Ball Bearing Slides, Side Mounted, Full Extension, Black, Load Capacity 45Kg/Pair for 250 mm 1",250 mm,,,PR,,450.0,INR,False,,2026-02-01,Pricelist -2026/HAFELE PRICELIST_MRP revision Eff 1st Feb 2026 (1).pdf,39,422.58.080
hafele,Häfele,422.58.081,False,"Ball Bearing Slides, Side Mounted, Full Extension, Black, Load Capacity 45Kg/Pair for 300 mm 1",300 mm,,,PR,,475.0,INR,False,,2026-02-01,Pricelist -2026/HAFELE PRICELIST_MRP revision Eff 1st Feb 2026 (1).pdf,39,422.58.081
hafele,Häfele,422.58.082,False,"Ball Bearing Slides, Side Mounted, Full Extension, Black, Load Capacity 45Kg/Pair for 350 mm 1",350 mm,,,PR,,495.0,INR,False,,2026-02-01,Pricelist -2026/HAFELE PRICELIST_MRP revision Eff 1st Feb 2026 (1).pdf,39,422.58.082
hafele,Häfele,422.58.083,False,"Ball Bearing Slides, Side Mounted, Full Extension, Black, Load Capacity 45Kg/Pair for 400 mm 1",400 mm,,,PR,,515.0,INR,False,,2026-02-01,Pricelist -2026/HAFELE PRICELIST_MRP revision Eff 1st Feb 2026 (1).pdf,39,422.58.083
hafele,Häfele,422.58.084,False,"Ball Bearing Slides, Side Mounted, Full Extension, Black, Load Capacity 45Kg/Pair for 450 mm 1",450 mm,,,PR,,545.0,INR,False,,2026-02-01,Pricelist -2026/HAFELE PRICELIST_MRP revision Eff 1st Feb 2026 (1).pdf,39,422.58.084
hafele,Häfele,422.58.085,False,"Ball Bearing Slides, Side Mounted, Full Extension, Black, Load Capacity 45Kg/Pair for 500 mm 1",500 mm,,,PR,,565.0,INR,False,,2026-02-01,Pricelist -2026/HAFELE PRICELIST_MRP revision Eff 1st Feb 2026 (1).pdf,39,422.58.085
hafele,Häfele,422.58.086,False,"Ball Bearing Slides, Side Mounted, Full Extension, Black, Load Capacity 45Kg/Pair for 550 mm 1",550 mm,,,PR,,670.0,INR,False,,2026-02-01,Pricelist -2026/HAFELE PRICELIST_MRP revision Eff 1st Feb 2026 (1).pdf,39,422.58.086
hafele,Häfele,422.58.087,False,"Ball Bearing Slides, Side Mounted, Full Extension, Black, Load Capacity 45Kg/Pair for 600 mm 1",600 mm,,,PR,,775.0,INR,False,,2026-02-01,Pricelist -2026/HAFELE PRICELIST_MRP revision Eff 1st Feb 2026 (1).pdf,39,422.58.087
hafele,Häfele,422.58.070,False,"Ball Bearing Slides, Side Mounted, Full Extension, Zinc Plated, Load Capacity 45Kg/Pair for 250 mm 1",250 mm,,,PR,,450.0,INR,False,,2026-02-01,Pricelist -2026/HAFELE PRICELIST_MRP revision Eff 1st Feb 2026 (1).pdf,39,422.58.070
hafele,Häfele,422.58.071,False,"Ball Bearing Slides, Side Mounted, Full Extension, Zinc Plated, Load Capacity 45Kg/Pair for 300 mm 1",300 mm,,,PR,,475.0,INR,False,,2026-02-01,Pricelist -2026/HAFELE PRICELIST_MRP revision Eff 1st Feb 2026 (1).pdf,39,422.58.071
hafele,Häfele,422.58.072,False,"Ball Bearing Slides, Side Mounted, Full Extension, Zinc Plated, Load Capacity 45Kg/Pair for 350 mm 1",350 mm,,,PR,,495.0,INR,False,,2026-02-01,Pricelist -2026/HAFELE PRICELIST_MRP revision Eff 1st Feb 2026 (1).pdf,39,422.58.072
hafele,Häfele,422.58.073,False,"Ball Bearing Slides, Side Mounted, Full Extension, Zinc Plated, Load Capacity 45Kg/Pair for 400 mm 1",400 mm,,,PR,,515.0,INR,False,,2026-02-01,Pricelist -2026/HAFELE PRICELIST_MRP revision Eff 1st Feb 2026 (1).pdf,39,422.58.073
hafele,Häfele,422.58.074,False,"Ball Bearing Slides, Side Mounted, Full Extension, Zinc Plated, Load Capacity 45Kg/Pair for 450 mm 1",450 mm,,,PR,,545.0,INR,False,,2026-02-01,Pricelist -2026/HAFELE PRICELIST_MRP revision Eff 1st Feb 2026 (1).pdf,39,422.58.074
hafele,Häfele,422.58.075,False,"Ball Bearing Slides, Side Mounted, Full Extension, Zinc Plated, Load Capacity 45Kg/Pair for 500 mm 1",500 mm,,,PR,,565.0,INR,False,,2026-02-01,Pricelist -2026/HAFELE PRICELIST_MRP revision Eff 1st Feb 2026 (1).pdf,39,422.58.075
hafele,Häfele,422.58.076,False,"Ball Bearing Slides, Side Mounted, Full Extension, Zinc Plated, Load Capacity 45Kg/Pair for 550 mm 1",550 mm,,,PR,,670.0,INR,False,,2026-02-01,Pricelist -2026/HAFELE PRICELIST_MRP revision Eff 1st Feb 2026 (1).pdf,39,422.58.076
hafele,Häfele,422.58.077,False,"Ball Bearing Slides, Side Mounted, Full Extension, Zinc Plated, Load Capacity 45Kg/Pair for 600 mm 1",600 mm,,,PR,,775.0,INR,False,,2026-02-01,Pricelist -2026/HAFELE PRICELIST_MRP revision Eff 1st Feb 2026 (1).pdf,39,422.58.077
hafele,Häfele,432.02.136,False,Soft Close Tele Runner 40 Kg 550mm Black 1,550mm,,,PR,,1574.0,INR,False,,2026-02-01,Pricelist -2026/HAFELE PRICELIST_MRP revision Eff 1st Feb 2026 (1).pdf,39,432.02.136
hafele,Häfele,432.02.137,False,Soft Close Tele Runner 40 Kg 600mm Black 1,600mm,,,PR,,1698.0,INR,False,,2026-02-01,Pricelist -2026/HAFELE PRICELIST_MRP revision Eff 1st Feb 2026 (1).pdf,39,432.02.137
hafele,Häfele,422.02.064,False,Push To Open Runner 450 mm Bright Zinc 40 Kgs/Pair 1,450 mm,,,PR,,1326.0,INR,False,,2026-02-01,Pricelist -2026/HAFELE PRICELIST_MRP revision Eff 1st Feb 2026 (1).pdf,39,422.02.064
hafele,Häfele,422.02.065,False,Push To Open Runner 500 mm Bright Zinc 40 Kgs/Pair 1,500 mm,,,PR,,1445.0,INR,False,,2026-02-01,Pricelist -2026/HAFELE PRICELIST_MRP revision Eff 1st Feb 2026 (1).pdf,39,422.02.065
hafele,Häfele,422.02.066,False,Push To Open Runner 550 mm Bright Zinc 40 Kgs/Pair 1,550 mm,,,PR,,1562.0,INR,False,,2026-02-01,Pricelist -2026/HAFELE PRICELIST_MRP revision Eff 1st Feb 2026 (1).pdf,39,422.02.066
hafele,Häfele,555.93.440,False,"Self Closing Drawer Slide , Single Extenison 54 mm Height X 400 mm in Length Load Bearing Capacity - 25 Kg. Steel, Cream 1",54 mm,,,PR,,593.0,INR,False,,2026-02-01,Pricelist -2026/HAFELE PRICELIST_MRP revision Eff 1st Feb 2026 (1).pdf,40,555.93.440
hafele,Häfele,555.94.440,False,"Self Closing Drawer Slide , Single Extension 86 mm Height X 400 mm in Length Load Bearing Capacity - 25 Kg. Steel,  Cream 1",86 mm,,,PR,,740.0,INR,False,,2026-02-01,Pricelist -2026/HAFELE PRICELIST_MRP revision Eff 1st Feb 2026 (1).pdf,40,555.94.440
hafele,Häfele,555.94.445,False,"Self Closing Drawer Slide , Single Extension 86 mm Height X 450 mm in Length Load Bearing Capacity - 25 Kg. Steel, Cream 1",86 mm,,,PR,,667.0,INR,False,,2026-02-01,Pricelist -2026/HAFELE PRICELIST_MRP revision Eff 1st Feb 2026 (1).pdf,40,555.94.445
hafele,Häfele,555.95.440,False,"Self Closing Drawer Slide , Single Extension 118 mm Height X 400 mm in Length Load Bearing Capacity - 25 Kg. Steel, Cream 1",118 mm,,,PR,,855.0,INR,False,,2026-02-01,Pricelist -2026/HAFELE PRICELIST_MRP revision Eff 1st Feb 2026 (1).pdf,40,555.95.440
hafele,Häfele,555.95.445,False,"Self Closing Drawer Slide , Single Extension 118 mm Height X 450 mm in Length Load Bearing Capacity - 25 Kg. Steel, Cream 1",118 mm,,,PR,,786.0,INR,False,,2026-02-01,Pricelist -2026/HAFELE PRICELIST_MRP revision Eff 1st Feb 2026 (1).pdf,40,555.95.445
hafele,Häfele,422.87.020,False,Ball Bearing Slides Side Mounted Full Extension Black Load Capacity 35KG/Pair for 250 mm 1,250 mm,,,PR,,410.0,INR,False,,2026-02-01,Pricelist -2026/HAFELE PRICELIST_MRP revision Eff 1st Feb 2026 (1).pdf,40,422.87.020
hafele,Häfele,422.87.021,False,Ball Bearing Slides Side Mounted Full Extension Black Load Capacity 35KG/Pair for 300 mm 1,300 mm,,,PR,,430.0,INR,False,,2026-02-01,Pricelist -2026/HAFELE PRICELIST_MRP revision Eff 1st Feb 2026 (1).pdf,40,422.87.021
hafele,Häfele,422.87.022,False,Ball Bearing Slides Side Mounted Full Extension Black Load Capacity 35KG/Pair for 350 mm 1,350 mm,,,PR,,445.0,INR,False,,2026-02-01,Pricelist -2026/HAFELE PRICELIST_MRP revision Eff 1st Feb 2026 (1).pdf,40,422.87.022
hafele,Häfele,422.87.023,False,Ball Bearing Slides Side Mounted Full Extension Black Load Capacity 35KG/Pair for 400 mm 1,400 mm,,,PR,,465.0,INR,False,,2026-02-01,Pricelist -2026/HAFELE PRICELIST_MRP revision Eff 1st Feb 2026 (1).pdf,40,422.87.023
hafele,Häfele,422.87.024,False,Ball Bearing Slides Side Mounted Full Extension Black Load Capacity 35KG/Pair for 450 mm 1,450 mm,,,PR,,490.0,INR,False,,2026-02-01,Pricelist -2026/HAFELE PRICELIST_MRP revision Eff 1st Feb 2026 (1).pdf,40,422.87.024
hafele,Häfele,422.87.025,False,Ball Bearing Slides Side Mounted Full Extension Black Load Capacity 35KG/Pair for 500 mm 1,500 mm,,,PR,,510.0,INR,False,,2026-02-01,Pricelist -2026/HAFELE PRICELIST_MRP revision Eff 1st Feb 2026 (1).pdf,40,422.87.025
hafele,Häfele,422.87.030,False,Ball Bearing Slides Side Mounted Full Extension Zinc Plated Load Capacity 35KG/Pair for 250 mm 1,250 mm,,,PR,,410.0,INR,False,,2026-02-01,Pricelist -2026/HAFELE PRICELIST_MRP revision Eff 1st Feb 2026 (1).pdf,40,422.87.030
hafele,Häfele,422.87.031,False,Ball Bearing Slides Side Mounted Full Extension Zinc Plated Load Capacity 35KG/Pair for 300 mm 1,300 mm,,,PR,,430.0,INR,False,,2026-02-01,Pricelist -2026/HAFELE PRICELIST_MRP revision Eff 1st Feb 2026 (1).pdf,40,422.87.031
hafele,Häfele,422.87.032,False,Ball Bearing Slides Side Mounted Full Extension Zinc Plated Load Capacity 35KG/Pair for 350 mm 1,350 mm,,,PR,,445.0,INR,False,,2026-02-01,Pricelist -2026/HAFELE PRICELIST_MRP revision Eff 1st Feb 2026 (1).pdf,40,422.87.032
hafele,Häfele,422.87.033,False,Ball Bearing Slides Side Mounted Full Extension Zinc Plated Load Capacity 35KG/Pair for 400 mm 1,400 mm,,,PR,,465.0,INR,False,,2026-02-01,Pricelist -2026/HAFELE PRICELIST_MRP revision Eff 1st Feb 2026 (1).pdf,40,422.87.033
hafele,Häfele,422.87.034,False,Ball Bearing Slides Side Mounted Full Extension Zinc Plated Load Capacity 35KG/Pair for 450 mm 1,450 mm,,,PR,,490.0,INR,False,,2026-02-01,Pricelist -2026/HAFELE PRICELIST_MRP revision Eff 1st Feb 2026 (1).pdf,40,422.87.034
hafele,Häfele,422.87.035,False,Ball Bearing Slides Side Mounted Full Extension Zinc Plated Load Capacity 35KG/Pair for 500 mm 1,500 mm,,,PR,,510.0,INR,False,,2026-02-01,Pricelist -2026/HAFELE PRICELIST_MRP revision Eff 1st Feb 2026 (1).pdf,40,422.87.035
hafele,Häfele,422.02.341,False,SOFT CLOSE TELE RUNNER 30 KG 300MM BLACK 1,300MM,,,PR,,945.0,INR,False,,2026-02-01,Pricelist -2026/HAFELE PRICELIST_MRP revision Eff 1st Feb 2026 (1).pdf,40,422.02.341
hafele,Häfele,422.02.342,False,SOFT CLOSE TELE RUNNER 30 KG 350MM BLACK 1,350MM,,,PR,,990.0,INR,False,,2026-02-01,Pricelist -2026/HAFELE PRICELIST_MRP revision Eff 1st Feb 2026 (1).pdf,40,422.02.342
hafele,Häfele,422.02.343,False,SOFT CLOSE TELE RUNNER 30 KG 400MM BLACK 1,400MM,,,PR,,1040.0,INR,False,,2026-02-01,Pricelist -2026/HAFELE PRICELIST_MRP revision Eff 1st Feb 2026 (1).pdf,40,422.02.343
hafele,Häfele,422.02.344,False,SOFT CLOSE TELE RUNNER 30 KG 450MM BLACK 1,450MM,,,PR,,1080.0,INR,False,,2026-02-01,Pricelist -2026/HAFELE PRICELIST_MRP revision Eff 1st Feb 2026 (1).pdf,40,422.02.344
hafele,Häfele,422.02.345,False,SOFT CLOSE TELE RUNNER 30 KG 500MM BLACK 1,500MM,,,PR,,1130.0,INR,False,,2026-02-01,Pricelist -2026/HAFELE PRICELIST_MRP revision Eff 1st Feb 2026 (1).pdf,40,422.02.345
hafele,Häfele,422.02.346,False,SOFT CLOSE TELE RUNNER 30 KG 550MM BLACK 1,550MM,,,PR,,1175.0,INR,False,,2026-02-01,Pricelist -2026/HAFELE PRICELIST_MRP revision Eff 1st Feb 2026 (1).pdf,40,422.02.346
hafele,Häfele,422.02.141,False,SOFT CLOSE TELE RUNNER 30 KG 300MM Zinc 1,300MM,,,PR,,945.0,INR,False,,2026-02-01,Pricelist -2026/HAFELE PRICELIST_MRP revision Eff 1st Feb 2026 (1).pdf,40,422.02.141
hafele,Häfele,422.02.142,False,SOFT CLOSE TELE RUNNER 30 KG 350MM Zinc 1,350MM,,,PR,,990.0,INR,False,,2026-02-01,Pricelist -2026/HAFELE PRICELIST_MRP revision Eff 1st Feb 2026 (1).pdf,40,422.02.142
hafele,Häfele,422.02.143,False,SOFT CLOSE TELE RUNNER 30 KG 400MM Zinc 1,400MM,,,PR,,1040.0,INR,False,,2026-02-01,Pricelist -2026/HAFELE PRICELIST_MRP revision Eff 1st Feb 2026 (1).pdf,40,422.02.143
hafele,Häfele,422.02.144,False,SOFT CLOSE TELE RUNNER 30 KG 450MM Zinc 1,450MM,,,PR,,1080.0,INR,False,,2026-02-01,Pricelist -2026/HAFELE PRICELIST_MRP revision Eff 1st Feb 2026 (1).pdf,40,422.02.144
hafele,Häfele,422.02.145,False,SOFT CLOSE TELE RUNNER 30 KG 500MM Zinc 1,500MM,,,PR,,1130.0,INR,False,,2026-02-01,Pricelist -2026/HAFELE PRICELIST_MRP revision Eff 1st Feb 2026 (1).pdf,40,422.02.145
hafele,Häfele,422.02.146,False,SOFT CLOSE TELE RUNNER 30 KG 550MM Zinc 1,550MM,,,PR,,1175.0,INR,False,,2026-02-01,Pricelist -2026/HAFELE PRICELIST_MRP revision Eff 1st Feb 2026 (1).pdf,40,422.02.146
hafele,Häfele,262.26.532,False,Casing Minifix 15N /15 mm Nickel Plated 100,15 mm,,,PC,,11.0,INR,False,,2026-02-01,Pricelist -2026/HAFELE PRICELIST_MRP revision Eff 1st Feb 2026 (1).pdf,41,262.26.532
hafele,Häfele,262.26.534,False,Casing  Minifix  15N / 18 mm  Nickel Plated 100,18 mm,,,PC,,13.0,INR,False,,2026-02-01,Pricelist -2026/HAFELE PRICELIST_MRP revision Eff 1st Feb 2026 (1).pdf,41,262.26.534
hafele,Häfele,262.26.036,False,Casing  Minifix  15N / 23 mm Bright 100,23 mm,,,PC,,10.0,INR,False,,2026-02-01,Pricelist -2026/HAFELE PRICELIST_MRP revision Eff 1st Feb 2026 (1).pdf,41,262.26.036
hafele,Häfele,262.28.643,False,Econo Bolt Machine Threaded Galvanised 11-34/5 Zinc Plated 100,,,,PC,,8.0,INR,False,,2026-02-01,Pricelist -2026/HAFELE PRICELIST_MRP revision Eff 1st Feb 2026 (1).pdf,41,262.28.643
hafele,Häfele,262.28.624,False,Econo Bolt Euro Threaded Galvanised 11-34/5 Zinc Plated 100,,,,PC,,9.0,INR,False,,2026-02-01,Pricelist -2026/HAFELE PRICELIST_MRP revision Eff 1st Feb 2026 (1).pdf,41,262.28.624
hafele,Häfele,039.32.050,False,"Glue-In Sleeve Polyamide,  Ø10mm, Length 12 mm, for Euro Thread 100",12 mm,,,PC,,6.0,INR,False,,2026-02-01,Pricelist -2026/HAFELE PRICELIST_MRP revision Eff 1st Feb 2026 (1).pdf,41,039.32.050
hafele,Häfele,039.33.268,False,"Glue-In Dowel Machine Threaded, Plastic,  Ø10.8 mm, Length 11.5 mm 1",8 mm,,,PC,,4.0,INR,False,,2026-02-01,Pricelist -2026/HAFELE PRICELIST_MRP revision Eff 1st Feb 2026 (1).pdf,41,039.33.268
hafele,Häfele,039.33.462,False,"Glue-In Dowel for Drilling Hole-Ø 8 mm, External Thread Ø8,5mm & Internal Thread M6, Length 11mm, Material/Finish Nylon, Natural Coloured 100",8 mm,,,PC,,6.0,INR,False,,2026-02-01,Pricelist -2026/HAFELE PRICELIST_MRP revision Eff 1st Feb 2026 (1).pdf,41,039.33.462
hafele,Häfele,262.24.751,False,"Minifix Cover Cap for Board Thickness 16-29 mm Material/Finish Plastic, White 500",29 mm,,,PC,,1.0,INR,False,,2026-02-01,Pricelist -2026/HAFELE PRICELIST_MRP revision Eff 1st Feb 2026 (1).pdf,41,262.24.751
hafele,Häfele,042.98.051,False,"Minifix Spreading Sleeve Strip of Sleeves for Drilled Hole Ø5mm  , Nylon 100",,,,PC,,4.0,INR,False,,2026-02-01,Pricelist -2026/HAFELE PRICELIST_MRP revision Eff 1st Feb 2026 (1).pdf,41,042.98.051
hafele,Häfele,267.89.854,False,"Wooden Birch Dowel, Size: 8 X 40mm 1",40mm,,,PC,,2.0,INR,False,,2026-02-01,Pricelist -2026/HAFELE PRICELIST_MRP revision Eff 1st Feb 2026 (1).pdf,41,267.89.854
hafele,Häfele,262.11.117,False,Spreading Connector Sc 8/60 100,,,,PC,,63.0,INR,False,,2026-02-01,Pricelist -2026/HAFELE PRICELIST_MRP revision Eff 1st Feb 2026 (1).pdf,41,262.11.117
hafele,Häfele,263.12.105,False,"Rafix Se - 32 Housing Min. Board Thickness 19 mm Finish Rimless, Plastic, Brown 100",19 mm,,,PC,,41.0,INR,False,,2026-02-01,Pricelist -2026/HAFELE PRICELIST_MRP revision Eff 1st Feb 2026 (1).pdf,41,263.12.105
hafele,Häfele,263.20.981,False,"Rafix Connecting Bolts Thread Length 12 mm, Galvanised 100",12 mm,,,PC,,11.0,INR,False,,2026-02-01,Pricelist -2026/HAFELE PRICELIST_MRP revision Eff 1st Feb 2026 (1).pdf,41,263.20.981
hafele,Häfele,262.49.365,False,"Frame Component Installation Mounting with Hospa Screws, Black 10",,,,PC,,117.0,INR,False,,2026-02-01,Pricelist -2026/HAFELE PRICELIST_MRP revision Eff 1st Feb 2026 (1).pdf,41,262.49.365
hafele,Häfele,262.49.356,False,"Panel Component Equipment with Catch, Installation Mounting with Hospa Screws, Black 10",,,,PC,,60.0,INR,False,,2026-02-01,Pricelist -2026/HAFELE PRICELIST_MRP revision Eff 1st Feb 2026 (1).pdf,41,262.49.356
hafele,Häfele,262.50.368,False,"Keku-Knock Down Frame Connectors, Plastic, Black,Installation Mounting with Hospa Screws, Black 10",,,,PC,,64.0,INR,False,,2026-02-01,Pricelist -2026/HAFELE PRICELIST_MRP revision Eff 1st Feb 2026 (1).pdf,41,262.50.368
hafele,Häfele,262.50.359,False,"Panel Component, Installation Mounting with Hospa Screws Material/Finish Makrolon, Black 10",,,,PC,,66.0,INR,False,,2026-02-01,Pricelist -2026/HAFELE PRICELIST_MRP revision Eff 1st Feb 2026 (1).pdf,41,262.50.359
hafele,Häfele,282.18.706,False,"Shelf Support, Capacity 60 Kg, Zinc Alloy, Nickel Plated 100",,,,PC,,49.0,INR,False,,2026-02-01,Pricelist -2026/HAFELE PRICELIST_MRP revision Eff 1st Feb 2026 (1).pdf,41,282.18.706
hafele,Häfele,282.43.905,False,"Shelf Supports, Drilling Hole Ø5mm, Carrying Capacity 80Kg, Steel, Galvanised 100",,,,PC,,2.0,INR,False,,2026-02-01,Pricelist -2026/HAFELE PRICELIST_MRP revision Eff 1st Feb 2026 (1).pdf,41,282.43.905
hafele,Häfele,282.04.711,False,"Shelf Supports Drilling Hole Ø 5 mm, Carrying Capacity 80 Kg, Steel, Nickel Plated 100",5 mm,,,PC,,5.0,INR,False,,2026-02-01,Pricelist -2026/HAFELE PRICELIST_MRP revision Eff 1st Feb 2026 (1).pdf,41,282.04.711
hafele,Häfele,283.63.117,False,"Shelf Support, Plastic, Brown, 5 mm 100",5 mm,,,PC,,4.0,INR,False,,2026-02-01,Pricelist -2026/HAFELE PRICELIST_MRP revision Eff 1st Feb 2026 (1).pdf,41,283.63.117
hafele,Häfele,283.63.715,False,"Shelf Support, Plastic, White, 5 mm 100",5 mm,,,PC,,3.0,INR,False,,2026-02-01,Pricelist -2026/HAFELE PRICELIST_MRP revision Eff 1st Feb 2026 (1).pdf,41,283.63.715
hafele,Häfele,282.24.730,False,"Glass Shelf Supports, for Drilling Hole-Ø 5 mm, Nickel Plated 100",5 mm,,,PC,,35.0,INR,False,,2026-02-01,Pricelist -2026/HAFELE PRICELIST_MRP revision Eff 1st Feb 2026 (1).pdf,41,282.24.730
hafele,Häfele,281.41.907,False,"Glass-Shelf Support, Steel Galvanized / Plastic Transparent, 7/5 mm 100",5 mm,,,PC,,6.0,INR,False,,2026-02-01,Pricelist -2026/HAFELE PRICELIST_MRP revision Eff 1st Feb 2026 (1).pdf,41,281.41.907
hafele,Häfele,022.34.157,False,"Threaded Flat Head Screw, Size:M4 X 15 mm, Nickel Plated 100",15 mm,,,PC,,3.0,INR,False,,2026-02-01,Pricelist -2026/HAFELE PRICELIST_MRP revision Eff 1st Feb 2026 (1).pdf,42,022.34.157
hafele,Häfele,022.34.255,False,"Threaded Flat Head Screw, Size:M4 X 25 mm, Nickel Plated 100",25 mm,,,PC,,4.0,INR,False,,2026-02-01,Pricelist -2026/HAFELE PRICELIST_MRP revision Eff 1st Feb 2026 (1).pdf,42,022.34.255
hafele,Häfele,022.34.308,False,"Threaded Flat Head Screw, Size:M4 X 30 mm,  Nickel Plated, 100",30 mm,,,PC,,4.0,INR,False,,2026-02-01,Pricelist -2026/HAFELE PRICELIST_MRP revision Eff 1st Feb 2026 (1).pdf,42,022.34.308
hafele,Häfele,267.01.715,False,"Threaded Sleeve, Nickel Plated, M4 5 X 27 mm 100",27 mm,,,PC,,11.0,INR,False,,2026-02-01,Pricelist -2026/HAFELE PRICELIST_MRP revision Eff 1st Feb 2026 (1).pdf,42,267.01.715
hafele,Häfele,267.01.717,False,"Threaded Sleeve, Nickel Plated, M4 5 X 35 mm 100",35 mm,,,PC,,12.0,INR,False,,2026-02-01,Pricelist -2026/HAFELE PRICELIST_MRP revision Eff 1st Feb 2026 (1).pdf,42,267.01.717
hafele,Häfele,264.42.190,False,"Confirmat One Piece Connector, Steel, Galvanized, 7 X 50mm 100",50mm,,,PC,,5.0,INR,False,,2026-02-01,Pricelist -2026/HAFELE PRICELIST_MRP revision Eff 1st Feb 2026 (1).pdf,42,264.42.190
hafele,Häfele,045.01.704,False,"Confirmat Trim Cap Diameter 12 mm  Plastic, White 100",12 mm,,,PC,,2.0,INR,False,,2026-02-01,Pricelist -2026/HAFELE PRICELIST_MRP revision Eff 1st Feb 2026 (1).pdf,42,045.01.704
hafele,Häfele,267.05.703,False,"Connecting Screw, Steel, Nickel -Plated for Board Thickness 36 - 46mm  (Article No. 267.05.703 Consists of Article Nos.  267.05.723 - Shoulder Screw & 267.05.716 - Sleeve Nut) 100",46mm,,,PC,,25.0,INR,False,,2026-02-01,Pricelist -2026/HAFELE PRICELIST_MRP revision Eff 1st Feb 2026 (1).pdf,42,267.05.703
hafele,Häfele,263.10.501,False,Elefant Connecting Fitting 18/19 mm Nickel Plated 10,19 mm,,,PC,,265.0,INR,False,,2026-02-01,Pricelist -2026/HAFELE PRICELIST_MRP revision Eff 1st Feb 2026 (1).pdf,42,263.10.501
hafele,Häfele,263.10.502,False,Elefant Connecting Fitting 25 mm  Nickel Plated 10,25 mm,,,PC,,300.0,INR,False,,2026-02-01,Pricelist -2026/HAFELE PRICELIST_MRP revision Eff 1st Feb 2026 (1).pdf,42,263.10.502
hafele,Häfele,262.11.020,False,Target J10 Connector M6X8X37 mm 1,,,,PC,,106.5,INR,False,,2026-02-01,Pricelist -2026/HAFELE PRICELIST_MRP revision Eff 1st Feb 2026 (1).pdf,42,262.11.020
hafele,Häfele,262.11.051,False,Target J10 Pinion for 18 mm Wood 1,18 mm,,,PC,,50.5,INR,False,,2026-02-01,Pricelist -2026/HAFELE PRICELIST_MRP revision Eff 1st Feb 2026 (1).pdf,42,262.11.051
hafele,Häfele,262.11.052,False,Target J10 Pinion for 25 mm Wood 1,25 mm,,,PC,,45.0,INR,False,,2026-02-01,Pricelist -2026/HAFELE PRICELIST_MRP revision Eff 1st Feb 2026 (1).pdf,42,262.11.052
hafele,Häfele,262.11.036,False,Round Cover Cap for Target J10 Plastic White 1,,,,PC,,6.0,INR,False,,2026-02-01,Pricelist -2026/HAFELE PRICELIST_MRP revision Eff 1st Feb 2026 (1).pdf,42,262.11.036
hafele,Häfele,262.11.021,False,Target J12 Connector M6X8X34.3 mm 1,3 mm,,,PC,,106.5,INR,False,,2026-02-01,Pricelist -2026/HAFELE PRICELIST_MRP revision Eff 1st Feb 2026 (1).pdf,42,262.11.021
hafele,Häfele,262.11.027,False,Target J12 Pinion for 18 mm Wood 1,18 mm,,,PC,,50.5,INR,False,,2026-02-01,Pricelist -2026/HAFELE PRICELIST_MRP revision Eff 1st Feb 2026 (1).pdf,42,262.11.027
hafele,Häfele,262.11.029,False,Target J12 Pinion for 25 mm Wood 1,25 mm,,,PC,,45.0,INR,False,,2026-02-01,Pricelist -2026/HAFELE PRICELIST_MRP revision Eff 1st Feb 2026 (1).pdf,42,262.11.029
hafele,Häfele,262.11.037,False,Cover Cap for Target J12 Plastic White 1,,,,PC,,7.0,INR,False,,2026-02-01,Pricelist -2026/HAFELE PRICELIST_MRP revision Eff 1st Feb 2026 (1).pdf,42,262.11.037
hafele,Häfele,262.11.040,False,Special Allen Key for Target Connector 4.7X180 mm 1,,,,PC,,175.0,INR,False,,2026-02-01,Pricelist -2026/HAFELE PRICELIST_MRP revision Eff 1st Feb 2026 (1).pdf,42,262.11.040
hafele,Häfele,637.97.911,False,Integrato A for Target Connector 1,,,,PC,,210.0,INR,False,,2026-02-01,Pricelist -2026/HAFELE PRICELIST_MRP revision Eff 1st Feb 2026 (1).pdf,42,637.97.911
hafele,Häfele,030.10.868,False,Insert Nut M6X10X10Plain Zinc Plated 1,,,,PC,,15.0,INR,False,,2026-02-01,Pricelist -2026/HAFELE PRICELIST_MRP revision Eff 1st Feb 2026 (1).pdf,42,030.10.868
hafele,Häfele,030.10.862,False,Insert Nut M6X10X13 Plain Zinc Plated 1,,,,PC,,11.0,INR,False,,2026-02-01,Pricelist -2026/HAFELE PRICELIST_MRP revision Eff 1st Feb 2026 (1).pdf,42,030.10.862
hafele,Häfele,030.10.565,False,Insert Nut M6X10X18 Plain Zinc Plated 100,,,,PC,,17.0,INR,False,,2026-02-01,Pricelist -2026/HAFELE PRICELIST_MRP revision Eff 1st Feb 2026 (1).pdf,42,030.10.565
hafele,Häfele,262.35.007,False,Cross Dowel Ø14 for 18mm W/O Flange Zinc Alloy 10,18mm,,,PC,,22.5,INR,False,,2026-02-01,Pricelist -2026/HAFELE PRICELIST_MRP revision Eff 1st Feb 2026 (1).pdf,42,262.35.007
hafele,Häfele,030.00.403,False,Grub Screw Cross Socket M8X10 Zinc Alloy 10,,,,PC,,10.5,INR,False,,2026-02-01,Pricelist -2026/HAFELE PRICELIST_MRP revision Eff 1st Feb 2026 (1).pdf,42,030.00.403
hafele,Häfele,262.35.005,False,Cross Dowel Ø10 for 12mm W/O Flange Steel 10,12mm,,,PC,,36.0,INR,False,,2026-02-01,Pricelist -2026/HAFELE PRICELIST_MRP revision Eff 1st Feb 2026 (1).pdf,43,262.35.005
hafele,Häfele,030.00.305,False,Grub Screw for Cross Dowel M6X9 Steel 10,,,,PC,,13.5,INR,False,,2026-02-01,Pricelist -2026/HAFELE PRICELIST_MRP revision Eff 1st Feb 2026 (1).pdf,43,030.00.305
hafele,Häfele,262.87.110,False,Dowel Ø7 M6 L= 45.5 mm Steel 10,45.5 mm,,,PC,,34.0,INR,False,,2026-02-01,Pricelist -2026/HAFELE PRICELIST_MRP revision Eff 1st Feb 2026 (1).pdf,43,262.87.110
hafele,Häfele,262.87.112,False,Double Ended Dowel Dia 7 mm Cc 82 mm Zk 1,7 mm,,,PC,,65.0,INR,False,,2026-02-01,Pricelist -2026/HAFELE PRICELIST_MRP revision Eff 1st Feb 2026 (1).pdf,43,262.87.112
hafele,Häfele,262.87.111,False,90 Degree Double Ended Dowel L 31mm 25,31mm,,,PC,,185.0,INR,False,,2026-02-01,Pricelist -2026/HAFELE PRICELIST_MRP revision Eff 1st Feb 2026 (1).pdf,43,262.87.111
hafele,Häfele,262.87.151,False,Pivoting Dowel D7 L89 10,,,,PC,,90.0,INR,False,,2026-02-01,Pricelist -2026/HAFELE PRICELIST_MRP revision Eff 1st Feb 2026 (1).pdf,43,262.87.151
hafele,Häfele,045.08.014,False,Cover Cap for Hole 14 mm White 10,14 mm,,,PC,,11.5,INR,False,,2026-02-01,Pricelist -2026/HAFELE PRICELIST_MRP revision Eff 1st Feb 2026 (1).pdf,43,045.08.014
hafele,Häfele,045.08.010,False,Cover Cap for Hole 10  mm White 10,,,,PC,,9.0,INR,False,,2026-02-01,Pricelist -2026/HAFELE PRICELIST_MRP revision Eff 1st Feb 2026 (1).pdf,43,045.08.010
hafele,Häfele,267.24.621,False,Flat Head Connecting Screw M4X22.5 mm 1,5 mm,,,PC,,7.0,INR,False,,2026-02-01,Pricelist -2026/HAFELE PRICELIST_MRP revision Eff 1st Feb 2026 (1).pdf,43,267.24.621
hafele,Häfele,267.24.611,False,Flat Head Sleeve Nut M4X30 mm 1,,,,PC,,14.0,INR,False,,2026-02-01,Pricelist -2026/HAFELE PRICELIST_MRP revision Eff 1st Feb 2026 (1).pdf,43,267.24.611
hafele,Häfele,262.01.051,False,Vis Bed Fitting Connector Kit (Set of 4) 1,,,,SET,,980.0,INR,False,,2026-02-01,Pricelist -2026/HAFELE PRICELIST_MRP revision Eff 1st Feb 2026 (1).pdf,43,262.01.051
hafele,Häfele,283.39.053,False,Concealed Shelf Support Triade Pro 30mm 1,30mm,,,PC,,1270.0,INR,False,,2026-02-01,Pricelist -2026/HAFELE PRICELIST_MRP revision Eff 1st Feb 2026 (1).pdf,43,283.39.053
hafele,Häfele,283.39.019,False,Bracket for Triade Zinc Plated (Order 013.09.008-2 pc/bracket) 1,,,,PC,,605.0,INR,False,,2026-02-01,Pricelist -2026/HAFELE PRICELIST_MRP revision Eff 1st Feb 2026 (1).pdf,43,283.39.019
hafele,Häfele,283.39.051,False,Concealed Shelf Sup.Triade Maxi Pro 40mm 1,40mm,,,PC,,1805.0,INR,False,,2026-02-01,Pricelist -2026/HAFELE PRICELIST_MRP revision Eff 1st Feb 2026 (1).pdf,43,283.39.051
hafele,Häfele,283.39.021,False,Bracket for Triade Maxi Zinc Plated (Order 013.09.008-2 pc/bracket) 1,,,,PC,,790.0,INR,False,,2026-02-01,Pricelist -2026/HAFELE PRICELIST_MRP revision Eff 1st Feb 2026 (1).pdf,43,283.39.021
hafele,Häfele,283.39.015,False,Concealed Shelf Support 76X110 Zk 1,,,,PC,,235.5,INR,False,,2026-02-01,Pricelist -2026/HAFELE PRICELIST_MRP revision Eff 1st Feb 2026 (1).pdf,43,283.39.015
hafele,Häfele,013.09.008,False,Pan Head Metric Screw M5X12 mm 1,,,,PC,,8.0,INR,False,,2026-02-01,Pricelist -2026/HAFELE PRICELIST_MRP revision Eff 1st Feb 2026 (1).pdf,43,013.09.008
hafele,Häfele,284.09.930,False,Shelf Support Kalabrone Mini Silver 2,,,,PC,,515.0,INR,False,,2026-02-01,Pricelist -2026/HAFELE PRICELIST_MRP revision Eff 1st Feb 2026 (1).pdf,43,284.09.930
hafele,Häfele,284.09.230,False,Shelf Support Kalabrone Mini Bright Chrome 2,,,,PC,,650.0,INR,False,,2026-02-01,Pricelist -2026/HAFELE PRICELIST_MRP revision Eff 1st Feb 2026 (1).pdf,43,284.09.230
hafele,Häfele,284.09.030,False,Shelf Support Kalabrone Mini Stainless Steel Brushed 2,,,,PC,,740.0,INR,False,,2026-02-01,Pricelist -2026/HAFELE PRICELIST_MRP revision Eff 1st Feb 2026 (1).pdf,43,284.09.030
hafele,Häfele,284.09.980,False,Shelf Support Kalabrone 8-30 Silver 1,,,,PR,,3265.0,INR,False,,2026-02-01,Pricelist -2026/HAFELE PRICELIST_MRP revision Eff 1st Feb 2026 (1).pdf,43,284.09.980
hafele,Häfele,284.09.280,False,Shelf Support Kalabrone 8-30mm Stainless 1,30mm,,,PR,,4730.0,INR,False,,2026-02-01,Pricelist -2026/HAFELE PRICELIST_MRP revision Eff 1st Feb 2026 (1).pdf,43,284.09.280
hafele,Häfele,284.09.080,False,Shelf Support Kalabrone 8-30mm Bright Chrome 1,30mm,,,PR,,3970.0,INR,False,,2026-02-01,Pricelist -2026/HAFELE PRICELIST_MRP revision Eff 1st Feb 2026 (1).pdf,43,284.09.080
hafele,Häfele,284.84.711,False,Shelf Support K-Line W/1 Pin Ø5 Nk 100,,,,PC,,13.5,INR,False,,2026-02-01,Pricelist -2026/HAFELE PRICELIST_MRP revision Eff 1st Feb 2026 (1).pdf,43,284.84.711
hafele,Häfele,284.84.310,False,SHELF SUPPORT K-LINE W/1 PIN Ø5 BLACK NK 1,,,,PC,,22.0,INR,False,,2026-02-01,Pricelist -2026/HAFELE PRICELIST_MRP revision Eff 1st Feb 2026 (1).pdf,43,284.84.310
hafele,Häfele,284.84.990,False,Rubber Pad for K-Line Shelf Support 1,,,,PC,,10.5,INR,False,,2026-02-01,Pricelist -2026/HAFELE PRICELIST_MRP revision Eff 1st Feb 2026 (1).pdf,43,284.84.990
hafele,Häfele,282.84.910,False,SHELF SUPPORT PIN LADY Ø5X16 L7.5 ZP 1,,,,PC,,3.0,INR,False,,2026-02-01,Pricelist -2026/HAFELE PRICELIST_MRP revision Eff 1st Feb 2026 (1).pdf,44,282.84.910
hafele,Häfele,282.84.920,False,SHELF SUPPORT DUPLO 3/5X16.5 NP 1,,,,PC,,4.0,INR,False,,2026-02-01,Pricelist -2026/HAFELE PRICELIST_MRP revision Eff 1st Feb 2026 (1).pdf,44,282.84.920
hafele,Häfele,263.07.001,False,Shelf Support Flipper 14mm Grey 10,14mm,,,PC,,8.0,INR,False,,2026-02-01,Pricelist -2026/HAFELE PRICELIST_MRP revision Eff 1st Feb 2026 (1).pdf,44,263.07.001
hafele,Häfele,263.07.007,False,Shelf Support Flipper 14mm White 1,14mm,,,PC,,10.5,INR,False,,2026-02-01,Pricelist -2026/HAFELE PRICELIST_MRP revision Eff 1st Feb 2026 (1).pdf,44,263.07.007
hafele,Häfele,263.20.002,False,Euro Dowel for Flipper Ø5Xl8.8 mm Zinc Plated 10,8 mm,,,PC,,8.0,INR,False,,2026-02-01,Pricelist -2026/HAFELE PRICELIST_MRP revision Eff 1st Feb 2026 (1).pdf,44,263.20.002
hafele,Häfele,263.20.004,False,Plain Dowel for Flipper Ø5Xl12.5 Zk 1,,,,PC,,10.5,INR,False,,2026-02-01,Pricelist -2026/HAFELE PRICELIST_MRP revision Eff 1st Feb 2026 (1).pdf,44,263.20.004
hafele,Häfele,262.37.700,False,Shelf Support Unico Ø5 Grey Bright/Nickel Plated 1,,,,PC,,67.5,INR,False,,2026-02-01,Pricelist -2026/HAFELE PRICELIST_MRP revision Eff 1st Feb 2026 (1).pdf,44,262.37.700
hafele,Häfele,263.67.556,False,Support for Pk2 19mm W/Cam Pin Zk Grey 1,19mm,,,PC,,39.5,INR,False,,2026-02-01,Pricelist -2026/HAFELE PRICELIST_MRP revision Eff 1st Feb 2026 (1).pdf,44,263.67.556
hafele,Häfele,263.50.155,False,Bracket Pk2 19mm with Bush+Screw Nickel Plated 1,19mm,,,PC,,50.5,INR,False,,2026-02-01,Pricelist -2026/HAFELE PRICELIST_MRP revision Eff 1st Feb 2026 (1).pdf,44,263.50.155
hafele,Häfele,263.67.574,False,Support for Pk2 25 mm W/Cam Pin Zk Grey 1,25 mm,,,PC,,40.5,INR,False,,2026-02-01,Pricelist -2026/HAFELE PRICELIST_MRP revision Eff 1st Feb 2026 (1).pdf,44,263.67.574
hafele,Häfele,263.50.173,False,Bracket Pk2 25 mm with Bush+Screwnickel Plated 1,25 mm,,,PC,,48.5,INR,False,,2026-02-01,Pricelist -2026/HAFELE PRICELIST_MRP revision Eff 1st Feb 2026 (1).pdf,44,263.50.173
hafele,Häfele,284.04.611,False,Peki Glass Support 4-10mm Ø5 Nickel Plated 2,10mm,,,PC,,140.0,INR,False,,2026-02-01,Pricelist -2026/HAFELE PRICELIST_MRP revision Eff 1st Feb 2026 (1).pdf,44,284.04.611
hafele,Häfele,284.04.699,False,KUBIC GLASS SHELF SUPPORT set 1,,,,,,170.0,INR,False,,2026-02-01,Pricelist -2026/HAFELE PRICELIST_MRP revision Eff 1st Feb 2026 (1).pdf,44,284.04.699
hafele,Häfele,284.03.356,False,Shelf Support Insertion on The Shelf Secret Maxi Sl25 Grey 1,,,,PC,,215.0,INR,False,,2026-02-01,Pricelist -2026/HAFELE PRICELIST_MRP revision Eff 1st Feb 2026 (1).pdf,44,284.03.356
hafele,Häfele,284.03.357,False,Secret Maxi Side Bush Grey 1,,,,PC,,40.0,INR,False,,2026-02-01,Pricelist -2026/HAFELE PRICELIST_MRP revision Eff 1st Feb 2026 (1).pdf,44,284.03.357
hafele,Häfele,637.67.992,False,INTEGRATO TECH G leveller adj H 12mm 1,12mm,,,PC,,230.0,INR,False,,2026-02-01,Pricelist -2026/HAFELE PRICELIST_MRP revision Eff 1st Feb 2026 (1).pdf,44,637.67.992
hafele,Häfele,020.90.914,False,Euro Bolt Ø10 for Plinth Clip Steel 1,,,,PC,,60.0,INR,False,,2026-02-01,Pricelist -2026/HAFELE PRICELIST_MRP revision Eff 1st Feb 2026 (1).pdf,44,020.90.914
hafele,Häfele,356.21.420,False,8 mm Dia Door Buffer 1.6 mm (Order in MOQ of 50 PCS) 50,8 mm,,,PC,,10.5,INR,False,,2026-02-01,Pricelist -2026/HAFELE PRICELIST_MRP revision Eff 1st Feb 2026 (1).pdf,44,356.21.420
hafele,Häfele,356.20.423,False,"Door Stop Hole Ø5, Transparent 1",,,,PC,,11.5,INR,False,,2026-02-01,Pricelist -2026/HAFELE PRICELIST_MRP revision Eff 1st Feb 2026 (1).pdf,44,356.20.423
hafele,Häfele,356.20.521,False,Door Buffer Soft Transparent Dia 10 mm 10,10 mm,,,PC,,10.0,INR,False,,2026-02-01,Pricelist -2026/HAFELE PRICELIST_MRP revision Eff 1st Feb 2026 (1).pdf,44,356.20.521
hafele,Häfele,373.86.742,False,Kraby Friction 244 mm/60N+Accessories+Guide (1 Set) 1,244 mm,,,PC,,3220.0,INR,False,,2026-02-01,Pricelist -2026/HAFELE PRICELIST_MRP revision Eff 1st Feb 2026 (1).pdf,44,373.86.742
hafele,Häfele,373.86.743,False,Kraby Friction 244 mm/90N+Accessories+Guide (1 Set) 1,244 mm,,,PC,,2875.0,INR,False,,2026-02-01,Pricelist -2026/HAFELE PRICELIST_MRP revision Eff 1st Feb 2026 (1).pdf,44,373.86.743
hafele,Häfele,372.00.702,False,Kraby Automatic 244 mm/80N+Accessories+Guide (1 Set) 1,244 mm,,,PC,,2865.0,INR,False,,2026-02-01,Pricelist -2026/HAFELE PRICELIST_MRP revision Eff 1st Feb 2026 (1).pdf,44,372.00.702
hafele,Häfele,372.00.703,False,Kraby Automatic 244 mm/100N+Accessories+Guide (1 Set) 1,244 mm,,,PC,,2555.0,INR,False,,2026-02-01,Pricelist -2026/HAFELE PRICELIST_MRP revision Eff 1st Feb 2026 (1).pdf,44,372.00.703
hafele,Häfele,372.00.707,False,Kit Kraby Aut355/120N+Accessories+Guide 1,,,,PC,,3490.0,INR,False,,2026-02-01,Pricelist -2026/HAFELE PRICELIST_MRP revision Eff 1st Feb 2026 (1).pdf,44,372.00.707
hafele,Häfele,365.65.700,False,"Kraby Drop Down, 244 mm +Acc.+Guide (1 Set) 1",244 mm,,,PC,,4115.0,INR,False,,2026-02-01,Pricelist -2026/HAFELE PRICELIST_MRP revision Eff 1st Feb 2026 (1).pdf,44,365.65.700
hafele,Häfele,365.60.700,False,K12 Drop Down New244+Acc.+Guide 1,,,,PC,,3860.0,INR,False,,2026-02-01,Pricelist -2026/HAFELE PRICELIST_MRP revision Eff 1st Feb 2026 (1).pdf,44,365.60.700
hafele,Häfele,274.50.951,False,K12 Drop Down New355+Acc.+Guide 1,,,,PC,,4875.0,INR,False,,2026-02-01,Pricelist -2026/HAFELE PRICELIST_MRP revision Eff 1st Feb 2026 (1).pdf,44,274.50.951
hafele,Häfele,356.47.111,False,Kiaro Flap Down Set for Gun Metal Finish Kit 1,,,,,,6855.0,INR,False,,2026-02-01,Pricelist -2026/HAFELE PRICELIST_MRP revision Eff 1st Feb 2026 (1).pdf,45,356.47.111
hafele,Häfele,356.47.110,False,Kiaro Flap Down Set for T- Met (Np) Kit 1,,,,,,6855.0,INR,False,,2026-02-01,Pricelist -2026/HAFELE PRICELIST_MRP revision Eff 1st Feb 2026 (1).pdf,45,356.47.110
hafele,Häfele,342.73.610,False,"Kimana Hinge Kit, Nickel Plated 1",,,,PC,,1020.0,INR,False,,2026-02-01,Pricelist -2026/HAFELE PRICELIST_MRP revision Eff 1st Feb 2026 (1).pdf,45,342.73.610
hafele,Häfele,342.73.310,False,Black Nickel Kimana Flap Hinge 1,,,,PC,,1045.0,INR,False,,2026-02-01,Pricelist -2026/HAFELE PRICELIST_MRP revision Eff 1st Feb 2026 (1).pdf,45,342.73.310
hafele,Häfele,290.41.750,False,Libra H1 + Accessories + Fitting Guide 1,,,,SET,,880.0,INR,False,,2026-02-01,Pricelist -2026/HAFELE PRICELIST_MRP revision Eff 1st Feb 2026 (1).pdf,45,290.41.750
hafele,Häfele,290.41.754,False,Libra H7+ Screw Fix with Peg Joint & Mounting Accessories 1,,,,SET,,4025.0,INR,False,,2026-02-01,Pricelist -2026/HAFELE PRICELIST_MRP revision Eff 1st Feb 2026 (1).pdf,45,290.41.754
hafele,Häfele,290.36.750,False,Libra H7 Rhs Cover Cap 1,,,,PC,,135.0,INR,False,,2026-02-01,Pricelist -2026/HAFELE PRICELIST_MRP revision Eff 1st Feb 2026 (1).pdf,45,290.36.750
hafele,Häfele,290.36.751,False,Libra H7 Lhs Cover Cap 1,,,,PC,,135.0,INR,False,,2026-02-01,Pricelist -2026/HAFELE PRICELIST_MRP revision Eff 1st Feb 2026 (1).pdf,45,290.36.751
hafele,Häfele,290.01.050,False,Aluminium Profile H.40mm L=2500mm 1,40mm,,,PC,,5170.0,INR,False,,2026-02-01,Pricelist -2026/HAFELE PRICELIST_MRP revision Eff 1st Feb 2026 (1).pdf,45,290.01.050
hafele,Häfele,290.01.090,False,Aluminium Profile H.80mm L=2500mm 1,80mm,,,PC,,7935.0,INR,False,,2026-02-01,Pricelist -2026/HAFELE PRICELIST_MRP revision Eff 1st Feb 2026 (1).pdf,45,290.01.090
hafele,Häfele,290.21.941,False,Cover Cap Niko D.5mm Iron Nickel Finish 10,5mm,,,PC,,8.0,INR,False,,2026-02-01,Pricelist -2026/HAFELE PRICELIST_MRP revision Eff 1st Feb 2026 (1).pdf,45,290.21.941
hafele,Häfele,290.05.750,False,"Visible Hanging Brackets,Loading Capacity: Up To 65 Kg, Rhs 1",,,,PC,,180.0,INR,False,,2026-02-01,Pricelist -2026/HAFELE PRICELIST_MRP revision Eff 1st Feb 2026 (1).pdf,45,290.05.750
hafele,Häfele,290.05.751,False,"Visible Hanging Brackets,Loading Capacity: Up To 65 Kg, Lhs 1",,,,PC,,180.0,INR,False,,2026-02-01,Pricelist -2026/HAFELE PRICELIST_MRP revision Eff 1st Feb 2026 (1).pdf,45,290.05.751
hafele,Häfele,290.05.680,False,"Steel Cover for Hanging Bracket, Brushed Nickel, Right 1",,,,PC,,73.0,INR,False,,2026-02-01,Pricelist -2026/HAFELE PRICELIST_MRP revision Eff 1st Feb 2026 (1).pdf,45,290.05.680
hafele,Häfele,290.05.681,False,"Steel Cover for Hanging Bracket, Brushed Nickel, Left 1",,,,PC,,73.0,INR,False,,2026-02-01,Pricelist -2026/HAFELE PRICELIST_MRP revision Eff 1st Feb 2026 (1).pdf,45,290.05.681
hafele,Häfele,290.05.682,False,"Plastic Cover for Hanging Bracket, White, Right Hand 1",,,,PC,,39.5,INR,False,,2026-02-01,Pricelist -2026/HAFELE PRICELIST_MRP revision Eff 1st Feb 2026 (1).pdf,45,290.05.682
hafele,Häfele,290.05.683,False,"Plastic Cover for Hanging Bracket, White, Left Hand 1",,,,PC,,39.5,INR,False,,2026-02-01,Pricelist -2026/HAFELE PRICELIST_MRP revision Eff 1st Feb 2026 (1).pdf,45,290.05.683
hafele,Häfele,290.37.900,False,"Concealed Hanger with 10mm Dowels  Horizontal Adjustment: Up To 25 mm, Vertical Adjustment: Up To 28 mm, Loading Capacity: Up To 65 Kg. Fixing System: Screw-Fix, Dowel-Fix Diameter mm Ø8 And Diameter mm Ø10, Right Hand 1",10mm,,,PC,,260.0,INR,False,,2026-02-01,Pricelist -2026/HAFELE PRICELIST_MRP revision Eff 1st Feb 2026 (1).pdf,45,290.37.900
hafele,Häfele,290.37.901,False,"Concealed Hanger with 10mm Dowels  Horizontal Adjustment: Up To 25 mm, Vertical Adjustment: Up To 28 mm, Loading Capacity: Up To 65 Kg. Fixing System: Screw-Fix, Dowel-Fix Diameter mm Ø8 And Diameter mm Ø10, Left Hand 1",10mm,,,PC,,260.0,INR,False,,2026-02-01,Pricelist -2026/HAFELE PRICELIST_MRP revision Eff 1st Feb 2026 (1).pdf,45,290.37.901
hafele,Häfele,290.10.901,False,"Wall Plate in Steel 26 X 60mm, Loading Capacity: Up To 200 Kg 1",60mm,,,PC,,48.5,INR,False,,2026-02-01,Pricelist -2026/HAFELE PRICELIST_MRP revision Eff 1st Feb 2026 (1).pdf,45,290.10.901
hafele,Häfele,290.37.790,False,White Plastic Cap (Dia. 10mm) for Concealed Hangers 1,10mm,,,PC,,16.0,INR,False,,2026-02-01,Pricelist -2026/HAFELE PRICELIST_MRP revision Eff 1st Feb 2026 (1).pdf,45,290.37.790
hafele,Häfele,937.91.500,False,Door Bufffer Self Adhesive Pl White 60mm 1,60mm,,,PC,,143.0,INR,False,,2026-02-01,Pricelist -2026/HAFELE PRICELIST_MRP revision Eff 1st Feb 2026 (1).pdf,45,937.91.500
hafele,Häfele,937.91.400,False,Door Bufffer Self Adhesive Pl White 40mm 1,40mm,,,PC,,134.0,INR,False,,2026-02-01,Pricelist -2026/HAFELE PRICELIST_MRP revision Eff 1st Feb 2026 (1).pdf,45,937.91.400
hafele,Häfele,022.35.305,False,"Flat Head Combination Cross Slot Screw,M4X30 mmsteel, Galvanised 100",,,,PC,,3.0,INR,False,,2026-02-01,Pricelist -2026/HAFELE PRICELIST_MRP revision Eff 1st Feb 2026 (1).pdf,46,022.35.305
hafele,Häfele,015.35.637,False,"Hospa Chipboard Countersunk Screw Fully Threaded, Nickel Plated, 3.5 X 15 mm 1000",15 mm,,,PC,,2.0,INR,False,,2026-02-01,Pricelist -2026/HAFELE PRICELIST_MRP revision Eff 1st Feb 2026 (1).pdf,46,015.35.637
hafele,Häfele,015.35.824,False,"Hospa Chipboard Countersunk Screw Fully Threaded, Nickel Plated, 4.0 X 15 mm 1000",15 mm,,,PC,,2.0,INR,False,,2026-02-01,Pricelist -2026/HAFELE PRICELIST_MRP revision Eff 1st Feb 2026 (1).pdf,46,015.35.824
hafele,Häfele,015.35.833,False,"Hospa Chipboard Countersunk Screw Fully Threaded, Nickel Plated, 4.0 X 17 mm 1000",17 mm,,,PC,,2.0,INR,False,,2026-02-01,Pricelist -2026/HAFELE PRICELIST_MRP revision Eff 1st Feb 2026 (1).pdf,46,015.35.833
hafele,Häfele,015.35.842,False,"Hospa Chipboard Countersunk Screw Fully Threaded, Nickel Plated, 4.0 X 20 mm 1000",20 mm,,,PC,,2.0,INR,False,,2026-02-01,Pricelist -2026/HAFELE PRICELIST_MRP revision Eff 1st Feb 2026 (1).pdf,46,015.35.842
hafele,Häfele,015.31.255,False,"Hospa Chipboard Countersunk Screw Fully Threaded, Galvanized, 2.5 X 16 mm 1000",16 mm,,,PC,,2.0,INR,False,,2026-02-01,Pricelist -2026/HAFELE PRICELIST_MRP revision Eff 1st Feb 2026 (1).pdf,46,015.31.255
hafele,Häfele,015.31.620,False,"Hospa Chipboard Countersunk Screw Fully Threaded, Galvanized, 3.5 X 13 mm 1000",13 mm,,,PC,,2.0,INR,False,,2026-02-01,Pricelist -2026/HAFELE PRICELIST_MRP revision Eff 1st Feb 2026 (1).pdf,46,015.31.620
hafele,Häfele,015.31.639,False,"Hospa Chipboard Countersunk Screw Fully Threaded, Galvanized, 3.5 X 15 mm 1000",15 mm,,,PC,,2.0,INR,False,,2026-02-01,Pricelist -2026/HAFELE PRICELIST_MRP revision Eff 1st Feb 2026 (1).pdf,46,015.31.639
hafele,Häfele,015.31.648,False,"Hospa Chipboard Countersunk Screw Fully Threaded, Galvanized,3.5 X 17 mm 1000",17 mm,,,PC,,2.0,INR,False,,2026-02-01,Pricelist -2026/HAFELE PRICELIST_MRP revision Eff 1st Feb 2026 (1).pdf,46,015.31.648
hafele,Häfele,015.31.657,False,"Hospa Chipboard Countersunk Screw Fully Threaded, Galvanized, 3.5 X 20 mm 1000",20 mm,,,PC,,2.0,INR,False,,2026-02-01,Pricelist -2026/HAFELE PRICELIST_MRP revision Eff 1st Feb 2026 (1).pdf,46,015.31.657
hafele,Häfele,015.31.684,False,"Hospa Chipboard Countersunk Screw Fully Threaded, Galvanized, 3.5 X 30 mm 1000",30 mm,,,PC,,2.0,INR,False,,2026-02-01,Pricelist -2026/HAFELE PRICELIST_MRP revision Eff 1st Feb 2026 (1).pdf,46,015.31.684
hafele,Häfele,015.31.853,False,"Hospa Chipboard Countersunk Screw Fully Threaded, Galvanized, 4.0 X 25 mm 1000",25 mm,,,PC,,3.0,INR,False,,2026-02-01,Pricelist -2026/HAFELE PRICELIST_MRP revision Eff 1st Feb 2026 (1).pdf,46,015.31.853
hafele,Häfele,015.31.871,False,"Hospa Chipboard Countersunk Screw Fully Threaded, Galvanized, 4.0 X 35 mm 500",35 mm,,,PC,,3.0,INR,False,,2026-02-01,Pricelist -2026/HAFELE PRICELIST_MRP revision Eff 1st Feb 2026 (1).pdf,46,015.31.871
hafele,Häfele,015.31.942,False,"Hospa Chipboard Countersunk Screw Fully Threaded, Galvanized, 4.5 X 30 mm 1000",30 mm,,,PC,,4.0,INR,False,,2026-02-01,Pricelist -2026/HAFELE PRICELIST_MRP revision Eff 1st Feb 2026 (1).pdf,46,015.31.942
hafele,Häfele,017.31.951,False,"Hospa Chipboard Countersunk Screw Fully Threaded, Galvanized, 4.5 X 35 mm 3000",35 mm,,,PC,,4.0,INR,False,,2026-02-01,Pricelist -2026/HAFELE PRICELIST_MRP revision Eff 1st Feb 2026 (1).pdf,46,017.31.951
hafele,Häfele,015.41.886,False,"Hospa Chipboard Countersunk Screw Half Threaded, Galvanized, 4.0 X 40 mm 500",40 mm,,,PC,,4.0,INR,False,,2026-02-01,Pricelist -2026/HAFELE PRICELIST_MRP revision Eff 1st Feb 2026 (1).pdf,46,015.41.886
hafele,Häfele,017.01.944,False,"Hospa Chipboard Countersunk Screw Half Threaded, Galvanized, 4.5 X 30 mm 5000",30 mm,,,PC,,4.0,INR,False,,2026-02-01,Pricelist -2026/HAFELE PRICELIST_MRP revision Eff 1st Feb 2026 (1).pdf,46,017.01.944
hafele,Häfele,015.41.966,False,"Hospa Chipboard Countersunk Screw  Half Threaded, Galvanized, 4.5 X 40 mm 500",40 mm,,,PC,,5.0,INR,False,,2026-02-01,Pricelist -2026/HAFELE PRICELIST_MRP revision Eff 1st Feb 2026 (1).pdf,46,015.41.966
hafele,Häfele,017.01.971,False,"Hospa Chipboard Countersunk Screw Half Threaded, Galvanized,  4.5 X 45 mm 3000",45 mm,,,PC,,6.0,INR,False,,2026-02-01,Pricelist -2026/HAFELE PRICELIST_MRP revision Eff 1st Feb 2026 (1).pdf,46,017.01.971
hafele,Häfele,015.31.740,False,"Chipboard Screw,3.5x12 mm,CSK,Galvanised 1000",,,,PC,,0.59,INR,False,,2026-02-01,Pricelist -2026/HAFELE PRICELIST_MRP revision Eff 1st Feb 2026 (1).pdf,46,015.31.740
hafele,Häfele,015.31.741,False,"Chipboard Screw,3.5x16 mm,CSK,Galvanised 1000",,,,PC,,0.61,INR,False,,2026-02-01,Pricelist -2026/HAFELE PRICELIST_MRP revision Eff 1st Feb 2026 (1).pdf,46,015.31.741
hafele,Häfele,015.31.742,False,"Chipboard Screw,3.5x20 mm,CSK,Galvanised 800",,,,PC,,0.7,INR,False,,2026-02-01,Pricelist -2026/HAFELE PRICELIST_MRP revision Eff 1st Feb 2026 (1).pdf,46,015.31.742
hafele,Häfele,015.31.743,False,"Chipboard Screw,3.5x25 mm,CSK,Galvanised 600",,,,PC,,0.79,INR,False,,2026-02-01,Pricelist -2026/HAFELE PRICELIST_MRP revision Eff 1st Feb 2026 (1).pdf,46,015.31.743
hafele,Häfele,015.31.744,False,"Chipboard Screw,3.5x30 mm,CSK,Galvanised 600",,,,PC,,0.91,INR,False,,2026-02-01,Pricelist -2026/HAFELE PRICELIST_MRP revision Eff 1st Feb 2026 (1).pdf,46,015.31.744
hafele,Häfele,015.31.745,False,"Chipboard Screw,3.5x35 mm,CSK,Galvanised 500",,,,PC,,0.99,INR,False,,2026-02-01,Pricelist -2026/HAFELE PRICELIST_MRP revision Eff 1st Feb 2026 (1).pdf,46,015.31.745
hafele,Häfele,015.31.750,False,"Chipboard Screw,4x16 mm,CSK,Galvanised 1000",,,,PC,,0.7,INR,False,,2026-02-01,Pricelist -2026/HAFELE PRICELIST_MRP revision Eff 1st Feb 2026 (1).pdf,46,015.31.750
hafele,Häfele,015.31.751,False,"Chipboard Screw,4x20 mm,CSK,Galvanised 800",,,,PC,,0.78,INR,False,,2026-02-01,Pricelist -2026/HAFELE PRICELIST_MRP revision Eff 1st Feb 2026 (1).pdf,46,015.31.751
hafele,Häfele,015.31.752,False,"Chipboard Screw,4x25 mm,CSK,Galvanised 600",,,,PC,,0.87,INR,False,,2026-02-01,Pricelist -2026/HAFELE PRICELIST_MRP revision Eff 1st Feb 2026 (1).pdf,46,015.31.752
hafele,Häfele,015.31.753,False,"Chipboard Screw,4x30 mm,CSK,Galvanised 500",,,,PC,,0.99,INR,False,,2026-02-01,Pricelist -2026/HAFELE PRICELIST_MRP revision Eff 1st Feb 2026 (1).pdf,46,015.31.753
hafele,Häfele,015.31.756,False,"Chipboard Screw,4x35 mm,CSK,Galvanised 400",,,,PC,,1.2,INR,False,,2026-02-01,Pricelist -2026/HAFELE PRICELIST_MRP revision Eff 1st Feb 2026 (1).pdf,46,015.31.756
hafele,Häfele,015.31.754,False,"Chipboard Screw,4x40 mm,CSK,Galvanised 300",,,,PC,,1.37,INR,False,,2026-02-01,Pricelist -2026/HAFELE PRICELIST_MRP revision Eff 1st Feb 2026 (1).pdf,46,015.31.754
hafele,Häfele,015.31.755,False,"Chipboard Screw,4x50 mm,CSK,Galvanised 250",,,,PC,,1.74,INR,False,,2026-02-01,Pricelist -2026/HAFELE PRICELIST_MRP revision Eff 1st Feb 2026 (1).pdf,46,015.31.755
hafele,Häfele,015.31.760,False,"Chipboard Screw,5x50 mm,CSK,Galvanised 150",,,,PC,,2.74,INR,False,,2026-02-01,Pricelist -2026/HAFELE PRICELIST_MRP revision Eff 1st Feb 2026 (1).pdf,46,015.31.760
hafele,Häfele,015.31.761,False,"Chipboard Screw,5x60 mm,CSK,Galvanised 150",,,,PC,,3.8,INR,False,,2026-02-01,Pricelist -2026/HAFELE PRICELIST_MRP revision Eff 1st Feb 2026 (1).pdf,46,015.31.761
hafele,Häfele,015.31.762,False,"Chipboard Screw,5x70 mm,CSK,Galvanised 100",,,,PC,,4.15,INR,False,,2026-02-01,Pricelist -2026/HAFELE PRICELIST_MRP revision Eff 1st Feb 2026 (1).pdf,46,015.31.762
hafele,Häfele,015.31.765,False,"Chipboard Screw,5x100 mm,CSK,Galvanised 75",,,,PC,,7.55,INR,False,,2026-02-01,Pricelist -2026/HAFELE PRICELIST_MRP revision Eff 1st Feb 2026 (1).pdf,46,015.31.765
hafele,Häfele,001.25.000,False,Unitool Multi Drilling Jig for Ø 35mm 1,35mm,,,KIT,,32572.0,INR,False,,2026-02-01,Pricelist -2026/HAFELE PRICELIST_MRP revision Eff 1st Feb 2026 (1).pdf,46,001.25.000
hafele,Häfele,001.25.031,False,Replaceable Drilling Jig for Ø35mm (Concealed Hinge) 1,,,,PC,,3368.0,INR,False,,2026-02-01,Pricelist -2026/HAFELE PRICELIST_MRP revision Eff 1st Feb 2026 (1).pdf,46,001.25.031
hafele,Häfele,001.25.023,False,"Minifix 15, Inset Distance 34 mm 1",34 mm,,,PC,,2759.0,INR,False,,2026-02-01,Pricelist -2026/HAFELE PRICELIST_MRP revision Eff 1st Feb 2026 (1).pdf,46,001.25.023
hafele,Häfele,001.28.129,False,Depth Gauge 1,,,,PC,,8931.0,INR,False,,2026-02-01,Pricelist -2026/HAFELE PRICELIST_MRP revision Eff 1st Feb 2026 (1).pdf,46,001.28.129
hafele,Häfele,637.24.016,False,REKORD TECH DIA 12 MM FOR H- 52 MM 1,12 MM,,,PC,,390.0,INR,False,,2026-02-01,Pricelist -2026/HAFELE PRICELIST_MRP revision Eff 1st Feb 2026 (1).pdf,47,637.24.016
hafele,Häfele,637.42.902,False,REKORD TECH DIA 12MM FOR H-120MM 1,12MM,,,PC,,605.0,INR,False,,2026-02-01,Pricelist -2026/HAFELE PRICELIST_MRP revision Eff 1st Feb 2026 (1).pdf,47,637.42.902
hafele,Häfele,651.16.302,False,INTEGRATO TECH Z LEVELLER Ø30 H.10MM 1,10MM,,,PC,,180.0,INR,False,,2026-02-01,Pricelist -2026/HAFELE PRICELIST_MRP revision Eff 1st Feb 2026 (1).pdf,47,651.16.302
hafele,Häfele,637.23.900,False,Leveller Atacama J Adj.25mm Zamak Grey 1,25mm,,,PC,,790.0,INR,False,,2026-02-01,Pricelist -2026/HAFELE PRICELIST_MRP revision Eff 1st Feb 2026 (1).pdf,47,637.23.900
hafele,Häfele,045.08.008,False,"Cover Cap for 8 mm Dia, Plastic White 1",8 mm,,,PC,,11.0,INR,False,,2026-02-01,Pricelist -2026/HAFELE PRICELIST_MRP revision Eff 1st Feb 2026 (1).pdf,47,045.08.008
hafele,Häfele,008.28.290,False,Special Allen Wrench 160X60 Hex. 6 mm 1,6 mm,,,PC,,310.0,INR,False,,2026-02-01,Pricelist -2026/HAFELE PRICELIST_MRP revision Eff 1st Feb 2026 (1).pdf,47,008.28.290
hafele,Häfele,283.64.918,False,"Plinth Clip 37mm, Harmonic Steel 1",37mm,,,PC,,125.0,INR,False,,2026-02-01,Pricelist -2026/HAFELE PRICELIST_MRP revision Eff 1st Feb 2026 (1).pdf,47,283.64.918
hafele,Häfele,356.01.550,False,K-Lock Catch W/Magnet Grey 1,,,,PC,,350.0,INR,False,,2026-02-01,Pricelist -2026/HAFELE PRICELIST_MRP revision Eff 1st Feb 2026 (1).pdf,47,356.01.550
hafele,Häfele,356.01.700,False,"Mounting Plate & Shell for K-Lock, Light Grey 1",,,,SET,,165.0,INR,False,,2026-02-01,Pricelist -2026/HAFELE PRICELIST_MRP revision Eff 1st Feb 2026 (1).pdf,47,356.01.700
hafele,Häfele,246.01.555,False,K-Push Round Plate Ø10 W/Pin Ø3mm Nk 1,,,,PC,,23.0,INR,False,,2026-02-01,Pricelist -2026/HAFELE PRICELIST_MRP revision Eff 1st Feb 2026 (1).pdf,47,246.01.555
hafele,Häfele,246.03.910,False,K-Push Round Plate Ø10 L14 for Screwing Nickel Plated 1,,,,PC,,23.0,INR,False,,2026-02-01,Pricelist -2026/HAFELE PRICELIST_MRP revision Eff 1st Feb 2026 (1).pdf,47,246.03.910
hafele,Häfele,546.80.315,False,"Larder unit 1900-2200mm, 5 solid base, Anthracite basket, cabinet width 300mm 1",2200mm,,,SET,,56450.0,INR,False,,2026-02-01,Pricelist -2026/HAFELE PRICELIST_MRP revision Eff 1st Feb 2026 (1).pdf,49,546.80.315
hafele,Häfele,546.80.335,False,"Larder unit 1900-2200mm, 5 solid base, Anthracite basket, cabinet width 400mm 1",2200mm,,,SET,,60565.0,INR,False,,2026-02-01,Pricelist -2026/HAFELE PRICELIST_MRP revision Eff 1st Feb 2026 (1).pdf,49,546.80.335
hafele,Häfele,546.80.345,False,"Pantry Unit, 1900-2200mm, 5 sets solid base, Anthracite baskets, cabinet width 450mm 1",2200mm,,,SET,,86605.0,INR,False,,2026-02-01,Pricelist -2026/HAFELE PRICELIST_MRP revision Eff 1st Feb 2026 (1).pdf,49,546.80.345
hafele,Häfele,546.81.353,False,"Pantry Unit, 1900-2200mm, 5 sets solid base, Anthracite baskets, cabinet width 600mm 1",2200mm,,,SET,,90240.0,INR,False,,2026-02-01,Pricelist -2026/HAFELE PRICELIST_MRP revision Eff 1st Feb 2026 (1).pdf,49,546.81.353
hafele,Häfele,549.37.300,False,"Bottle Pullout 150mm door width, solid base, Anthracite basket 1",150mm,,,SET,,12720.0,INR,False,,2026-02-01,Pricelist -2026/HAFELE PRICELIST_MRP revision Eff 1st Feb 2026 (1).pdf,49,549.37.300
hafele,Häfele,549.37.310,False,"Towel Pullout 150mm door width, solid base, Anthracite basket 1",150mm,,,SET,,12115.0,INR,False,,2026-02-01,Pricelist -2026/HAFELE PRICELIST_MRP revision Eff 1st Feb 2026 (1).pdf,49,549.37.310
hafele,Häfele,542.00.308,False,"Corner Unit 450mm door width, solid base Anthracite baskets, Left hand 1",450mm,,,SET,,57750.0,INR,False,,2026-02-01,Pricelist -2026/HAFELE PRICELIST_MRP revision Eff 1st Feb 2026 (1).pdf,49,542.00.308
hafele,Häfele,542.00.303,False,"Corner Unit 450mm door width, solid base Anthracite baskets, Right hand 1",450mm,,,SET,,57750.0,INR,False,,2026-02-01,Pricelist -2026/HAFELE PRICELIST_MRP revision Eff 1st Feb 2026 (1).pdf,49,542.00.303
hafele,Häfele,549.09.313,False,"Side pullout, 300mm, solid base, Anthracite basket 1",300mm,,,SET,,21760.0,INR,False,,2026-02-01,Pricelist -2026/HAFELE PRICELIST_MRP revision Eff 1st Feb 2026 (1).pdf,49,549.09.313
hafele,Häfele,546.80.715,False,"Larder unit 1900-2200mm, 5 solid base, Chrome basket, cabinet width 300mm 1",2200mm,,,SET,,56450.0,INR,False,,2026-02-01,Pricelist -2026/HAFELE PRICELIST_MRP revision Eff 1st Feb 2026 (1).pdf,50,546.80.715
hafele,Häfele,546.80.125,False,"Larder unit 1900-2200mm, 5 solid base, Chrome basket, cabinet width 400mm 1",2200mm,,,SET,,60565.0,INR,False,,2026-02-01,Pricelist -2026/HAFELE PRICELIST_MRP revision Eff 1st Feb 2026 (1).pdf,50,546.80.125
hafele,Häfele,546.81.123,False,"Pantry Unit, 1900-2200mm, 5 sets of solid base, Chrome baskets, cabinet width 450mm 1",2200mm,,,SET,,86605.0,INR,False,,2026-02-01,Pricelist -2026/HAFELE PRICELIST_MRP revision Eff 1st Feb 2026 (1).pdf,50,546.81.123
hafele,Häfele,546.81.753,False,"Pantry Unit, 1900-2200mm, 5 sets of solid base, Chrome baskets, cabinet width 600mm 1",2200mm,,,SET,,90240.0,INR,False,,2026-02-01,Pricelist -2026/HAFELE PRICELIST_MRP revision Eff 1st Feb 2026 (1).pdf,50,546.81.753
hafele,Häfele,549.37.700,False,"Bottle Pullout 150mm door width, solid base, Chrome basket, right side mounting 1",150mm,,,SET,,12720.0,INR,False,,2026-02-01,Pricelist -2026/HAFELE PRICELIST_MRP revision Eff 1st Feb 2026 (1).pdf,50,549.37.700
hafele,Häfele,549.37.710,False,"Towel Pullout 150mm door width, solid base, Chrome basket, right side mounting 1",150mm,,,SET,,12115.0,INR,False,,2026-02-01,Pricelist -2026/HAFELE PRICELIST_MRP revision Eff 1st Feb 2026 (1).pdf,50,549.37.710
hafele,Häfele,542.00.704,False,"Corner Unit 450mm door width, solid base Chrome baskets, Left hand 1",450mm,,,SET,,57750.0,INR,False,,2026-02-01,Pricelist -2026/HAFELE PRICELIST_MRP revision Eff 1st Feb 2026 (1).pdf,50,542.00.704
hafele,Häfele,542.00.703,False,"Corner Unit 450mm door width, solid base Chrome baskets, Right hand 1",450mm,,,SET,,57750.0,INR,False,,2026-02-01,Pricelist -2026/HAFELE PRICELIST_MRP revision Eff 1st Feb 2026 (1).pdf,50,542.00.703
hafele,Häfele,549.09.713,False,"Side pullout, 300mm, solid base, Chrome basket 1",300mm,,,SET,,21760.0,INR,False,,2026-02-01,Pricelist -2026/HAFELE PRICELIST_MRP revision Eff 1st Feb 2026 (1).pdf,50,549.09.713
hafele,Häfele,542.72.300,False,"Qanto Corner Solution, 580mm x 580mm 1",580mm,,,SET,,328335.0,INR,False,,2026-02-01,Pricelist -2026/HAFELE PRICELIST_MRP revision Eff 1st Feb 2026 (1).pdf,51,542.72.300
hafele,Häfele,546.38.494,False,"VS-Sub Side, Planero Lava Grey, 300mm 1",300mm,,,SET,,57600.0,INR,False,,2026-02-01,Pricelist -2026/HAFELE PRICELIST_MRP revision Eff 1st Feb 2026 (1).pdf,51,546.38.494
hafele,Häfele,548.13.387,False,"VS-Cor Fold, Planero Lava Grey, Left 1",,,,SET,,133465.0,INR,False,,2026-02-01,Pricelist -2026/HAFELE PRICELIST_MRP revision Eff 1st Feb 2026 (1).pdf,51,548.13.387
hafele,Häfele,548.13.386,False,"VS-Cor Fold, Planero Lava Grey, Right 1",,,,SET,,133935.0,INR,False,,2026-02-01,Pricelist -2026/HAFELE PRICELIST_MRP revision Eff 1st Feb 2026 (1).pdf,51,548.13.386
hafele,Häfele,548.29.343,False,"VS-Cor Flex, Planero Lava Grey, Universal 1",,,,SET,,140750.0,INR,False,,2026-02-01,Pricelist -2026/HAFELE PRICELIST_MRP revision Eff 1st Feb 2026 (1).pdf,51,548.29.343
hafele,Häfele,542.02.492,False,"VS Cornerstone Maxx, Curve, Lava Grey, 450mm Door, Right 1",450mm,,,SET,,138200.0,INR,False,,2026-02-01,Pricelist -2026/HAFELE PRICELIST_MRP revision Eff 1st Feb 2026 (1).pdf,52,542.02.492
hafele,Häfele,542.02.493,False,"VS Cornerstone Maxx, Curve, Lava Grey, 450mm Door, Left 1",450mm,,,SET,,137220.0,INR,False,,2026-02-01,Pricelist -2026/HAFELE PRICELIST_MRP revision Eff 1st Feb 2026 (1).pdf,52,542.02.493
hafele,Häfele,542.02.496,False,"VS Cornerstone Maxx, Curve, Lava Grey, 600mm Door, Right 1",600mm,,,SET,,151220.0,INR,False,,2026-02-01,Pricelist -2026/HAFELE PRICELIST_MRP revision Eff 1st Feb 2026 (1).pdf,52,542.02.496
hafele,Häfele,542.02.497,False,"VS Cornerstone Maxx, Curve, Lava Grey, 600mm Door, Left 1",600mm,,,SET,,144715.0,INR,False,,2026-02-01,Pricelist -2026/HAFELE PRICELIST_MRP revision Eff 1st Feb 2026 (1).pdf,52,542.02.497
hafele,Häfele,547.27.005,False,"VS Tal Gate Pro, Planero, Lava Grey 450mm (Cabinet Height 1900-2150mm) 1",450mm,,,SET,,238425.0,INR,False,,2026-02-01,Pricelist -2026/HAFELE PRICELIST_MRP revision Eff 1st Feb 2026 (1).pdf,52,547.27.005
hafele,Häfele,547.27.025,False,"VS Tal Gate Pro, Planero, Lava Grey 600mm (Cabinet Height 1900-2150mm) 1",600mm,,,SET,,275110.0,INR,False,,2026-02-01,Pricelist -2026/HAFELE PRICELIST_MRP revision Eff 1st Feb 2026 (1).pdf,52,547.27.025
hafele,Häfele,549.58.224,False,"VS Tal Gate, Planero, Lava Grey 450mm (Cabinet Height 1900-2150mm) 1",450mm,,,SET,,150060.0,INR,False,,2026-02-01,Pricelist -2026/HAFELE PRICELIST_MRP revision Eff 1st Feb 2026 (1).pdf,52,549.58.224
hafele,Häfele,549.58.244,False,"VS Tal Gate, Planero, Lava Grey 600mm (Cabinet Height 1900-2150mm) 1",600mm,,,SET,,132195.0,INR,False,,2026-02-01,Pricelist -2026/HAFELE PRICELIST_MRP revision Eff 1st Feb 2026 (1).pdf,52,549.58.244
hafele,Häfele,549.58.214,False,"VS Tal Gate-N, Planero, Lava Grey 400mm (Cabinet Height 1900-2150mm) 1",400mm,,,SET,,167955.0,INR,False,,2026-02-01,Pricelist -2026/HAFELE PRICELIST_MRP revision Eff 1st Feb 2026 (1).pdf,52,549.58.214
hafele,Häfele,547.49.415,False,"VS Tal Larder, Planero, Lava Grey (Hsa), 300mm (Cabinet Height 1900-2150mm) 1",300mm,,,SET,,149045.0,INR,False,,2026-02-01,Pricelist -2026/HAFELE PRICELIST_MRP revision Eff 1st Feb 2026 (1).pdf,52,547.49.415
hafele,Häfele,547.49.435,False,"VS Tal Larder, Planero, Lava Grey (Hsa), 400mm (Cabinet Height 1900-2150mm) 1",400mm,,,SET,,159265.0,INR,False,,2026-02-01,Pricelist -2026/HAFELE PRICELIST_MRP revision Eff 1st Feb 2026 (1).pdf,52,547.49.435
hafele,Häfele,547.46.405,False,"VS Tal Larder, Planero, Lava Grey (Hsa-Rotary), 300mm (Cabinet Height 1990-2230mm) 1",300mm,,,SET,,211640.0,INR,False,,2026-02-01,Pricelist -2026/HAFELE PRICELIST_MRP revision Eff 1st Feb 2026 (1).pdf,53,547.46.405
hafele,Häfele,547.46.425,False,"VS Tal Larder, Planero, Lava Grey (Hsa-Rotary), 400mm (Cabinet Height 1990-2230mm) 1",400mm,,,SET,,215585.0,INR,False,,2026-02-01,Pricelist -2026/HAFELE PRICELIST_MRP revision Eff 1st Feb 2026 (1).pdf,53,547.46.425
hafele,Häfele,548.08.320,False,"VS Sub Slim, Planero, Lava Grey, 150mm 1",150mm,,,SET,,51385.0,INR,False,,2026-02-01,Pricelist -2026/HAFELE PRICELIST_MRP revision Eff 1st Feb 2026 (1).pdf,53,548.08.320
hafele,Häfele,548.08.340,False,"VS Sub Slim, Towel and Detergent Pullout, Lava Grey, 150mm 1",150mm,,,SET,,22315.0,INR,False,,2026-02-01,Pricelist -2026/HAFELE PRICELIST_MRP revision Eff 1st Feb 2026 (1).pdf,53,548.08.340
hafele,Häfele,549.85.343,False,"VS Tal Broom Pullout, Lava Grey, 150mm (Cabinet Height 1900-2150mm) Right Hand Access 1",150mm,,,SET,,55350.0,INR,False,,2026-02-01,Pricelist -2026/HAFELE PRICELIST_MRP revision Eff 1st Feb 2026 (1).pdf,53,549.85.343
hafele,Häfele,549.85.503,False,"VS Tal Wiro Bottle Pullout, Lava Grey, 150mm (Cabinet Height 1900-2150mm) 1",150mm,,,SET,,59035.0,INR,False,,2026-02-01,Pricelist -2026/HAFELE PRICELIST_MRP revision Eff 1st Feb 2026 (1).pdf,53,549.85.503
hafele,Häfele,545.12.961,False,Spice & Oil Bottle Pull Out for Cabinet Width 150mm Silver Grey 1,150mm,,,PC,,19280.0,INR,False,,2026-02-01,Pricelist -2026/HAFELE PRICELIST_MRP revision Eff 1st Feb 2026 (1).pdf,53,545.12.961
hafele,Häfele,545.12.991,False,Bottle Divider for Base Cabinet Pull-Out 96mm Ral9006 1,96mm,,,PC,,1180.0,INR,False,,2026-02-01,Pricelist -2026/HAFELE PRICELIST_MRP revision Eff 1st Feb 2026 (1).pdf,53,545.12.991
hafele,Häfele,545.12.911,False,Towel & Detergents Pull Out for Cabinet Width 150mm Silver Grey 1,150mm,,,PC,,20130.0,INR,False,,2026-02-01,Pricelist -2026/HAFELE PRICELIST_MRP revision Eff 1st Feb 2026 (1).pdf,53,545.12.911
hafele,Häfele,548.18.981,False,Set Pull Out Wari Corner Left Hand Premea Grey 1,,,,SET,,94240.0,INR,False,,2026-02-01,Pricelist -2026/HAFELE PRICELIST_MRP revision Eff 1st Feb 2026 (1).pdf,54,548.18.981
hafele,Häfele,548.18.980,False,Set Pull Out Wari Corner Right Hand Premea Grey 1,,,,SET,,95375.0,INR,False,,2026-02-01,Pricelist -2026/HAFELE PRICELIST_MRP revision Eff 1st Feb 2026 (1).pdf,54,548.18.980
hafele,Häfele,548.18.230,False,Set Pull Out Wari Corner Left Hand Artline Chrome Basket 1,,,,SET,,117665.0,INR,False,,2026-02-01,Pricelist -2026/HAFELE PRICELIST_MRP revision Eff 1st Feb 2026 (1).pdf,54,548.18.230
hafele,Häfele,548.18.231,False,Set Pull Out Wari Corner Right Hand Artline Chrome Basket 1,,,,SET,,118260.0,INR,False,,2026-02-01,Pricelist -2026/HAFELE PRICELIST_MRP revision Eff 1st Feb 2026 (1).pdf,54,548.18.231
hafele,Häfele,542.62.522,False,"Re Corner Maxx – No Post in The Centre of The Cabinet 3/4, K900 mm, Premea Grey 1",,,,SET,,66690.0,INR,False,,2026-02-01,Pricelist -2026/HAFELE PRICELIST_MRP revision Eff 1st Feb 2026 (1).pdf,54,542.62.522
hafele,Häfele,542.62.742,False,"Re Corner Maxx – No Post in The Centre of The Cabinet 3/4, K900 mm, Smart Chrome 1",,,,SET,,71280.0,INR,False,,2026-02-01,Pricelist -2026/HAFELE PRICELIST_MRP revision Eff 1st Feb 2026 (1).pdf,54,542.62.742
hafele,Häfele,541.55.440,False,Corner Eco Pro (Arc Right Alu Grey 900 mm) 1,900 mm,,,SET,,57980.0,INR,False,,2026-02-01,Pricelist -2026/HAFELE PRICELIST_MRP revision Eff 1st Feb 2026 (1).pdf,54,541.55.440
hafele,Häfele,541.55.441,False,Corner Eco Pro (Arc Left Alu Grey 900 mm) 1,900 mm,,,SET,,57980.0,INR,False,,2026-02-01,Pricelist -2026/HAFELE PRICELIST_MRP revision Eff 1st Feb 2026 (1).pdf,54,541.55.441
hafele,Häfele,542.13.971,False,Cornerstone Swing Universal Silver Grey 450mm 1,450mm,,,SET,,69250.0,INR,False,,2026-02-01,Pricelist -2026/HAFELE PRICELIST_MRP revision Eff 1st Feb 2026 (1).pdf,54,542.13.971
hafele,Häfele,548.29.283,False,Flex Corner Premea Grey 900 mm 1,900 mm,,,SET,,109390.0,INR,False,,2026-02-01,Pricelist -2026/HAFELE PRICELIST_MRP revision Eff 1st Feb 2026 (1).pdf,54,548.29.283
hafele,Häfele,542.85.560,False,Carousel Tray 810 mm Dia for 900mm x 900mm Corner Cabinet with Cut Out Suitable for Folding Mechanism and Brake Fitting Set Top Version Premium Carousel Tray Top End with Rubber Coated Trays for Better Grip (Pro Arc Version)Grey 1,810 mm,,,SET,,44100.0,INR,False,,2026-02-01,Pricelist -2026/HAFELE PRICELIST_MRP revision Eff 1st Feb 2026 (1).pdf,54,542.85.560
hafele,Häfele,546.38.964,False,DSA W 300 mm Premea - Grey 1,300 mm,,,SET,,38620.0,INR,False,,2026-02-01,Pricelist -2026/HAFELE PRICELIST_MRP revision Eff 1st Feb 2026 (1).pdf,54,546.38.964
hafele,Häfele,546.38.234,False,DSA W 300 mm Artline- Chrome 1,300 mm,,,SET,,50260.0,INR,False,,2026-02-01,Pricelist -2026/HAFELE PRICELIST_MRP revision Eff 1st Feb 2026 (1).pdf,54,546.38.234
hafele,Häfele,547.49.915,False,"Pullout HSA 6(1,900 - 2,140 mm) Premea Grey 300mm 1",140 mm,,,SET,,91850.0,INR,False,,2026-02-01,Pricelist -2026/HAFELE PRICELIST_MRP revision Eff 1st Feb 2026 (1).pdf,55,547.49.915
hafele,Häfele,547.49.935,False,"Pullout HSA 6(1,900 - 2,140 mm) Premea Grey 400mm 1",140 mm,,,SET,,102720.0,INR,False,,2026-02-01,Pricelist -2026/HAFELE PRICELIST_MRP revision Eff 1st Feb 2026 (1).pdf,55,547.49.935
hafele,Häfele,547.49.715,False,"Pullout HSA 6(1,900 - 2,140 mm) Artline Chrome 300mm 1",140 mm,,,SET,,136335.0,INR,False,,2026-02-01,Pricelist -2026/HAFELE PRICELIST_MRP revision Eff 1st Feb 2026 (1).pdf,55,547.49.715
hafele,Häfele,547.49.735,False,"Pullout HSA 6(1,900 - 2,140 mm) Artline Chrome 400mm 1",140 mm,,,SET,,148985.0,INR,False,,2026-02-01,Pricelist -2026/HAFELE PRICELIST_MRP revision Eff 1st Feb 2026 (1).pdf,55,547.49.735
hafele,Häfele,547.46.905,False,"HSA R 6 (1,990 - 2,230 mm) 6 Set Premea Grey 300mm 1",230 mm,,,SET,,176605.0,INR,False,,2026-02-01,Pricelist -2026/HAFELE PRICELIST_MRP revision Eff 1st Feb 2026 (1).pdf,55,547.46.905
hafele,Häfele,547.46.925,False,"HSA R 6 (1,990 - 2,230 mm) 6 Set Premea Grey 400mm 1",230 mm,,,SET,,179325.0,INR,False,,2026-02-01,Pricelist -2026/HAFELE PRICELIST_MRP revision Eff 1st Feb 2026 (1).pdf,55,547.46.925
hafele,Häfele,547.46.305,False,"HSA R 6 (1,990 - 2,230 mm) 6 Artline Chrome 300mm 1",230 mm,,,SET,,206950.0,INR,False,,2026-02-01,Pricelist -2026/HAFELE PRICELIST_MRP revision Eff 1st Feb 2026 (1).pdf,55,547.46.305
hafele,Häfele,547.46.325,False,"HSA R 6 (1,990 - 2,230 mm) 6 Artline Chrome 400mm 1",230 mm,,,SET,,220505.0,INR,False,,2026-02-01,Pricelist -2026/HAFELE PRICELIST_MRP revision Eff 1st Feb 2026 (1).pdf,55,547.46.325
hafele,Häfele,547.27.505,False,DUSA 6 (1900 - 2150 mm) Premea Grey 450mm 1,2150 mm,,,SET,,141110.0,INR,False,,2026-02-01,Pricelist -2026/HAFELE PRICELIST_MRP revision Eff 1st Feb 2026 (1).pdf,55,547.27.505
hafele,Häfele,547.27.525,False,DUSA 6 (1900 - 2150 mm) Premea Grey 600mm 1,2150 mm,,,SET,,161715.0,INR,False,,2026-02-01,Pricelist -2026/HAFELE PRICELIST_MRP revision Eff 1st Feb 2026 (1).pdf,55,547.27.525
hafele,Häfele,547.27.405,False,DUSA 6 (1900 - 2150 mm) Artline Chrome 450mm 1,2150 mm,,,SET,,165240.0,INR,False,,2026-02-01,Pricelist -2026/HAFELE PRICELIST_MRP revision Eff 1st Feb 2026 (1).pdf,55,547.27.405
hafele,Häfele,547.27.425,False,DUSA 6 (1900 - 2150 mm) Artline Chrome 600mm 1,2150 mm,,,SET,,183315.0,INR,False,,2026-02-01,Pricelist -2026/HAFELE PRICELIST_MRP revision Eff 1st Feb 2026 (1).pdf,55,547.27.425
hafele,Häfele,549.58.521,False,"VSA 3 (1,200 - 1,450 mm) PREMEA GREY 450MM 1",450 mm,,,SET,,84351.0,INR,False,,2026-02-01,Pricelist -2026/HAFELE PRICELIST_MRP revision Eff 1st Feb 2026 (1).pdf,55,549.58.521
hafele,Häfele,549.58.541,False,"VSA 3 (1,200 - 1,450 mm) PREMEA GREY 600MM 1",450 mm,,,SET,,110430.0,INR,False,,2026-02-01,Pricelist -2026/HAFELE PRICELIST_MRP revision Eff 1st Feb 2026 (1).pdf,55,549.58.541
hafele,Häfele,549.58.524,False,"VSA 6 (1,900 - 2,150 mm) PREMEA GREY 450MM 1",150 mm,,,SET,,112960.0,INR,False,,2026-02-01,Pricelist -2026/HAFELE PRICELIST_MRP revision Eff 1st Feb 2026 (1).pdf,55,549.58.524
hafele,Häfele,549.58.544,False,"VSA 6 (1,900 - 2,150 mm) PREMEA GREY 600MM 1",150 mm,,,SET,,107080.0,INR,False,,2026-02-01,Pricelist -2026/HAFELE PRICELIST_MRP revision Eff 1st Feb 2026 (1).pdf,55,549.58.544
hafele,Häfele,549.58.421,False,"VSA 3 (1,200 - 1,450 mm) Artline Chrome 450mm 1",450 mm,,,SET,,122460.0,INR,False,,2026-02-01,Pricelist -2026/HAFELE PRICELIST_MRP revision Eff 1st Feb 2026 (1).pdf,55,549.58.421
hafele,Häfele,549.58.441,False,"VSA 3 (1,200 - 1,450 mm) Artline Chrome 600mm 1",450 mm,,,SET,,136215.0,INR,False,,2026-02-01,Pricelist -2026/HAFELE PRICELIST_MRP revision Eff 1st Feb 2026 (1).pdf,55,549.58.441
hafele,Häfele,549.58.424,False,"VSA 6 (1,900 - 2,150 mm) Artline Chrome 450mm 1",150 mm,,,SET,,143890.0,INR,False,,2026-02-01,Pricelist -2026/HAFELE PRICELIST_MRP revision Eff 1st Feb 2026 (1).pdf,55,549.58.424
hafele,Häfele,549.58.444,False,"VSA 6 (1,900 - 2,150 mm) Artline Chrome 600mm 1",150 mm,,,SET,,163380.0,INR,False,,2026-02-01,Pricelist -2026/HAFELE PRICELIST_MRP revision Eff 1st Feb 2026 (1).pdf,55,549.58.444
hafele,Häfele,549.85.931,False,Wine Rack 16 Bottle Silver Grey 150mm 1,150mm,,,SET,,45505.0,INR,False,,2026-02-01,Pricelist -2026/HAFELE PRICELIST_MRP revision Eff 1st Feb 2026 (1).pdf,56,549.85.931
hafele,Häfele,549.94.900,False,Tall Broom Pull Out K150 Silver Grey Left Hand Access 1,,,,SET,,52845.0,INR,False,,2026-02-01,Pricelist -2026/HAFELE PRICELIST_MRP revision Eff 1st Feb 2026 (1).pdf,56,549.94.900
hafele,Häfele,546.97.206,False,"Chef'S Pantry Pull-Out 900 Width, Height 1900-2200 mm 1",2200 mm,,,SET,,237290.0,INR,False,,2026-02-01,Pricelist -2026/HAFELE PRICELIST_MRP revision Eff 1st Feb 2026 (1).pdf,56,546.97.206
hafele,Häfele,546.97.202,False,Tall Unit Chef Pantry Jr Chrome 900mm 1,900mm,,,SET,,140325.0,INR,False,,2026-02-01,Pricelist -2026/HAFELE PRICELIST_MRP revision Eff 1st Feb 2026 (1).pdf,56,546.97.202
hafele,Häfele,540.57.052,False,Wicker Basket with Handle 450mm 1,450mm,,,PC,,13390.0,INR,False,,2026-02-01,Pricelist -2026/HAFELE PRICELIST_MRP revision Eff 1st Feb 2026 (1).pdf,56,540.57.052
hafele,Häfele,540.57.055,False,Wicker Basket with Handle 600mm 1,600mm,,,PC,,15180.0,INR,False,,2026-02-01,Pricelist -2026/HAFELE PRICELIST_MRP revision Eff 1st Feb 2026 (1).pdf,56,540.57.055
hafele,Häfele,563.95.905,False,"Aluminium Profile Silver Finish, 3000mm,Glass Thickness 3-5mm 1",3000mm,,,PC,,6470.0,INR,False,,2026-02-01,Pricelist -2026/HAFELE PRICELIST_MRP revision Eff 1st Feb 2026 (1).pdf,56,563.95.905
hafele,Häfele,563.95.915,False,"Aluminium Profile with Handle Silver Finish, 3000mm,Glass Thickness 3-5mm 1",3000mm,,,PC,,6615.0,INR,False,,2026-02-01,Pricelist -2026/HAFELE PRICELIST_MRP revision Eff 1st Feb 2026 (1).pdf,56,563.95.915
hafele,Häfele,563.95.303,False,"Aluminium Profile Black Epoxy Finish, 3000mm, Glass Thickness 3- 5mm 1",3000mm,,,PC,,8940.0,INR,False,,2026-02-01,Pricelist -2026/HAFELE PRICELIST_MRP revision Eff 1st Feb 2026 (1).pdf,56,563.95.303
hafele,Häfele,563.95.312,False,"Aluminium Profile with Handle Black Epoxy Finish , 3000mm, Glass Thickness 3-5mm 1",3000mm,,,PC,,8295.0,INR,False,,2026-02-01,Pricelist -2026/HAFELE PRICELIST_MRP revision Eff 1st Feb 2026 (1).pdf,56,563.95.312
hafele,Häfele,563.47.991,False,"Corner Connector, Zinc Plated Steel (4 Connectors & 16 M6x10 mm Machine Screws) 1",,,,SET,,420.0,INR,False,,2026-02-01,Pricelist -2026/HAFELE PRICELIST_MRP revision Eff 1st Feb 2026 (1).pdf,56,563.47.991
hafele,Häfele,563.97.913,False,"Profin - Rail Door, 56mm Thick Profile, Silver 3000mm, Usable Length 2800mm 1",56mm,,,PC,,11305.0,INR,False,,2026-02-01,Pricelist -2026/HAFELE PRICELIST_MRP revision Eff 1st Feb 2026 (1).pdf,57,563.97.913
hafele,Häfele,563.97.313,False,"Profin - Rail Door, 56mm Thick Profile. Graphite 3000mm, Usable Length 2800mm 1",56mm,,,PC,,11305.0,INR,False,,2026-02-01,Pricelist -2026/HAFELE PRICELIST_MRP revision Eff 1st Feb 2026 (1).pdf,57,563.97.313
hafele,Häfele,563.97.513,False,"Profin - Rail Door, 56mm Thick Profile, Gold 3000mm, Usable Length 2800mm 1",56mm,,,PC,,16205.0,INR,False,,2026-02-01,Pricelist -2026/HAFELE PRICELIST_MRP revision Eff 1st Feb 2026 (1).pdf,57,563.97.513
hafele,Häfele,563.97.413,False,"Profin - Rail Door, 56mm Thick Profile, Rose Gold 3000mm, Usable Length 2800mm 1",56mm,,,PC,,18150.0,INR,False,,2026-02-01,Pricelist -2026/HAFELE PRICELIST_MRP revision Eff 1st Feb 2026 (1).pdf,57,563.97.413
hafele,Häfele,563.96.303,False,"Profin - Rail Door, 56mm Thick Profile, Matt Black 3000mm, Usable Length 2800mm PCE 1",56mm,,,,,18150.0,INR,False,,2026-02-01,Pricelist -2026/HAFELE PRICELIST_MRP revision Eff 1st Feb 2026 (1).pdf,57,563.96.303
hafele,Häfele,563.97.113,False,"Profin - Rail Door, 56mm Thick Profile, Dark Bronze 3000mm, Usable Length 2800mm 1",56mm,,,PC,,18150.0,INR,False,,2026-02-01,Pricelist -2026/HAFELE PRICELIST_MRP revision Eff 1st Feb 2026 (1).pdf,57,563.97.113
hafele,Häfele,563.97.915,False,"Profin - Rail Door, 22mm Thin Profile, Silver 448mm for 450mm Cabinet Width 1",22mm,,,PC,,6240.0,INR,False,,2026-02-01,Pricelist -2026/HAFELE PRICELIST_MRP revision Eff 1st Feb 2026 (1).pdf,57,563.97.915
hafele,Häfele,563.97.916,False,"Profin - Rail Door, 22mm Thin Profile, Silver 598mm for 600mm Cabinet Width 1",22mm,,,PC,,6175.0,INR,False,,2026-02-01,Pricelist -2026/HAFELE PRICELIST_MRP revision Eff 1st Feb 2026 (1).pdf,57,563.97.916
hafele,Häfele,563.97.917,False,"Profin - Rail Door, 22mm Thin Profile, Silver 898mm for 900mm Cabinet Width 1",22mm,,,PC,,6615.0,INR,False,,2026-02-01,Pricelist -2026/HAFELE PRICELIST_MRP revision Eff 1st Feb 2026 (1).pdf,57,563.97.917
hafele,Häfele,563.97.918,False,"Profin - Rail Door, 22mm Thin Profile, Silver 1198mm for 1200mm Cabinet Width 1",22mm,,,PC,,6615.0,INR,False,,2026-02-01,Pricelist -2026/HAFELE PRICELIST_MRP revision Eff 1st Feb 2026 (1).pdf,57,563.97.918
hafele,Häfele,563.97.315,False,"Profin - Rail Door, 22mm Thin Profile, Graphite 448mm for 450mm Cabinet Width 1",22mm,,,PC,,6240.0,INR,False,,2026-02-01,Pricelist -2026/HAFELE PRICELIST_MRP revision Eff 1st Feb 2026 (1).pdf,57,563.97.315
hafele,Häfele,563.97.316,False,"Profin - Rail Door, 22mm Thin Profile, Graphite 598mm for 600mm Cabinet Width 1",22mm,,,PC,,6920.0,INR,False,,2026-02-01,Pricelist -2026/HAFELE PRICELIST_MRP revision Eff 1st Feb 2026 (1).pdf,57,563.97.316
hafele,Häfele,563.97.317,False,"Profin - Rail Door, 22mm Thin Profile, Graphite 898mm for 900mm Cabinet Width 1",22mm,,,PC,,7410.0,INR,False,,2026-02-01,Pricelist -2026/HAFELE PRICELIST_MRP revision Eff 1st Feb 2026 (1).pdf,57,563.97.317
hafele,Häfele,563.97.318,False,"Profin - Rail Door, 22mm Thin Profile, Graphite 1198mm for 1200mm Cabinet Width 1",22mm,,,PC,,6615.0,INR,False,,2026-02-01,Pricelist -2026/HAFELE PRICELIST_MRP revision Eff 1st Feb 2026 (1).pdf,57,563.97.318
hafele,Häfele,563.97.515,False,"Profin - Rail Door, 22mm Thin Profile, Gold 448mm for 450mm Cabinet Width 1",22mm,,,PC,,8380.0,INR,False,,2026-02-01,Pricelist -2026/HAFELE PRICELIST_MRP revision Eff 1st Feb 2026 (1).pdf,57,563.97.515
hafele,Häfele,563.97.516,False,"Profin - Rail Door, 22mm Thin Profile, Gold 598mm for 600mm Cabinet Width 1",22mm,,,PC,,9760.0,INR,False,,2026-02-01,Pricelist -2026/HAFELE PRICELIST_MRP revision Eff 1st Feb 2026 (1).pdf,57,563.97.516
hafele,Häfele,563.97.517,False,"Profin - Rail Door, 22mm Thin Profile, Gold 898mm for 900mm Cabinet Width 1",22mm,,,PC,,10090.0,INR,False,,2026-02-01,Pricelist -2026/HAFELE PRICELIST_MRP revision Eff 1st Feb 2026 (1).pdf,57,563.97.517
hafele,Häfele,563.97.518,False,"Profin - Rail Door, 22mm Thin Profile, Gold 1198mm for 1200mm Cabinet Width 1",22mm,,,PC,,10695.0,INR,False,,2026-02-01,Pricelist -2026/HAFELE PRICELIST_MRP revision Eff 1st Feb 2026 (1).pdf,57,563.97.518
hafele,Häfele,563.97.415,False,"Profin - Rail Door, 22mm Thin Profile, Rose Gold 448mm for 450mm Cabinet Width 1",22mm,,,PC,,9390.0,INR,False,,2026-02-01,Pricelist -2026/HAFELE PRICELIST_MRP revision Eff 1st Feb 2026 (1).pdf,57,563.97.415
hafele,Häfele,563.97.416,False,"Profin - Rail Door, 22mm Thin Profile, Rose Gold 598mm for 600mm Cabinet Width 1",22mm,,,PC,,10935.0,INR,False,,2026-02-01,Pricelist -2026/HAFELE PRICELIST_MRP revision Eff 1st Feb 2026 (1).pdf,57,563.97.416
hafele,Häfele,563.97.417,False,"Profin - Rail Door, 22mm Thin Profile, Rose Gold 898mm for 900mm Cabinet Width 1",22mm,,,PC,,10090.0,INR,False,,2026-02-01,Pricelist -2026/HAFELE PRICELIST_MRP revision Eff 1st Feb 2026 (1).pdf,57,563.97.417
hafele,Häfele,563.97.418,False,"Profin - Rail Door, 22mm Thin Profile, Rose Gold 1198mm for 1200mm Cabinet Width 1",22mm,,,PC,,10695.0,INR,False,,2026-02-01,Pricelist -2026/HAFELE PRICELIST_MRP revision Eff 1st Feb 2026 (1).pdf,57,563.97.418
hafele,Häfele,563.96.316,False,"Profin - Rail Door, 22mm Thin Profile, Matt Black 448mm for 450mm Cabinet Width PCE 1",22mm,,,,,9390.0,INR,False,,2026-02-01,Pricelist -2026/HAFELE PRICELIST_MRP revision Eff 1st Feb 2026 (1).pdf,58,563.96.316
hafele,Häfele,563.96.317,False,"Profin - Rail Door, 22mm Thin Profile, Matt Black 598mm for 600mm Cabinet Width PCE 1",22mm,,,,,10940.0,INR,False,,2026-02-01,Pricelist -2026/HAFELE PRICELIST_MRP revision Eff 1st Feb 2026 (1).pdf,58,563.96.317
hafele,Häfele,563.96.318,False,"Profin - Rail Door, 22mm Thin Profile, Matt Black 898mm for 900mm Cabinet Width PCE 1",22mm,,,,,11310.0,INR,False,,2026-02-01,Pricelist -2026/HAFELE PRICELIST_MRP revision Eff 1st Feb 2026 (1).pdf,58,563.96.318
hafele,Häfele,563.96.319,False,"Profin - Rail Door, 22mm Thin Profile, Matt Black 1198mm for 1200mm Cabinet Width PCE 1",22mm,,,,,11980.0,INR,False,,2026-02-01,Pricelist -2026/HAFELE PRICELIST_MRP revision Eff 1st Feb 2026 (1).pdf,58,563.96.319
hafele,Häfele,563.97.115,False,"Profin - Rail Door, 22mm Thin Profile, Dark Bronze 448mm for 450mm Cabinet Width 1",22mm,,,PC,,9390.0,INR,False,,2026-02-01,Pricelist -2026/HAFELE PRICELIST_MRP revision Eff 1st Feb 2026 (1).pdf,58,563.97.115
hafele,Häfele,563.97.116,False,"Profin - Rail Door, 22mm Thin Profile, Dark Bronze 598mm for 600mm Cabinet Width 1",22mm,,,PC,,10935.0,INR,False,,2026-02-01,Pricelist -2026/HAFELE PRICELIST_MRP revision Eff 1st Feb 2026 (1).pdf,58,563.97.116
hafele,Häfele,563.97.117,False,"Profin - Rail Door, 22mm Thin Profile, Dark Bronze 898mm for 900mm Cabinet Width 1",22mm,,,PC,,11305.0,INR,False,,2026-02-01,Pricelist -2026/HAFELE PRICELIST_MRP revision Eff 1st Feb 2026 (1).pdf,58,563.97.117
hafele,Häfele,563.97.118,False,"Profin - Rail Door, 22mm Thin Profile, Dark Bronze 1198mm for 1200mm Cabinet Width 1",22mm,,,PC,,11980.0,INR,False,,2026-02-01,Pricelist -2026/HAFELE PRICELIST_MRP revision Eff 1st Feb 2026 (1).pdf,58,563.97.118
hafele,Häfele,563.97.991,False,"Profin - Rail Door, 90⁰ Connecting Screw, Zinc Plated (8 pcs Per Door) 1",,,,PC,,14.0,INR,False,,2026-02-01,Pricelist -2026/HAFELE PRICELIST_MRP revision Eff 1st Feb 2026 (1).pdf,58,563.97.991
hafele,Häfele,563.97.992,False,"Profin - Rail Door, 90⁰ Connecting Screw, Darkened (8 pcs Per Door) 1",,,,PC,,15.0,INR,False,,2026-02-01,Pricelist -2026/HAFELE PRICELIST_MRP revision Eff 1st Feb 2026 (1).pdf,58,563.97.992
hafele,Häfele,563.97.921,False,"Profin - Rail Door, Handle 120mm, Silver 1",120mm,,,PC,,2535.0,INR,False,,2026-02-01,Pricelist -2026/HAFELE PRICELIST_MRP revision Eff 1st Feb 2026 (1).pdf,58,563.97.921
hafele,Häfele,563.97.931,False,"Profin - Rail Door, Handle 1200mm, Silver 1",1200mm,,,PC,,5190.0,INR,False,,2026-02-01,Pricelist -2026/HAFELE PRICELIST_MRP revision Eff 1st Feb 2026 (1).pdf,58,563.97.931
hafele,Häfele,563.97.321,False,"Profin - Rail Door, Handle 120mm, Graphite 1",120mm,,,PC,,2535.0,INR,False,,2026-02-01,Pricelist -2026/HAFELE PRICELIST_MRP revision Eff 1st Feb 2026 (1).pdf,58,563.97.321
hafele,Häfele,563.97.331,False,"Profin - Rail Door, Handle 1200mm, Graphite 1",1200mm,,,PC,,5190.0,INR,False,,2026-02-01,Pricelist -2026/HAFELE PRICELIST_MRP revision Eff 1st Feb 2026 (1).pdf,58,563.97.331
hafele,Häfele,563.97.521,False,"Profin - Rail Door, Handle 120mm, Gold 1",120mm,,,PC,,3365.0,INR,False,,2026-02-01,Pricelist -2026/HAFELE PRICELIST_MRP revision Eff 1st Feb 2026 (1).pdf,58,563.97.521
hafele,Häfele,563.97.531,False,"Profin - Rail Door, Handle 1200mm, Gold 1",1200mm,,,PC,,6835.0,INR,False,,2026-02-01,Pricelist -2026/HAFELE PRICELIST_MRP revision Eff 1st Feb 2026 (1).pdf,58,563.97.531
hafele,Häfele,563.97.421,False,"Profin - Rail Door, Handle 120mm, Rose Gold 1",120mm,,,PC,,3770.0,INR,False,,2026-02-01,Pricelist -2026/HAFELE PRICELIST_MRP revision Eff 1st Feb 2026 (1).pdf,58,563.97.421
hafele,Häfele,563.97.431,False,"Profin - Rail Door, Handle 1200mm, Rose Gold 1",1200mm,,,PC,,7660.0,INR,False,,2026-02-01,Pricelist -2026/HAFELE PRICELIST_MRP revision Eff 1st Feb 2026 (1).pdf,58,563.97.431
hafele,Häfele,563.96.391,False,"Profin - Rail Door, Handle 120mm, Matt Black PCE 1",120mm,,,,,3770.0,INR,False,,2026-02-01,Pricelist -2026/HAFELE PRICELIST_MRP revision Eff 1st Feb 2026 (1).pdf,58,563.96.391
hafele,Häfele,563.96.390,False,"Profin - Rail Door, Handle 1200mm, Matt Black PCE 1",1200mm,,,,,7660.0,INR,False,,2026-02-01,Pricelist -2026/HAFELE PRICELIST_MRP revision Eff 1st Feb 2026 (1).pdf,58,563.96.390
hafele,Häfele,563.97.121,False,"Profin - Rail Door, Handle 120mm, Dark Bronze 1",120mm,,,PC,,3770.0,INR,False,,2026-02-01,Pricelist -2026/HAFELE PRICELIST_MRP revision Eff 1st Feb 2026 (1).pdf,58,563.97.121
hafele,Häfele,563.97.131,False,"Profin - Rail Door, Handle 1200mm, Dark Bronze 1",1200mm,,,PC,,7660.0,INR,False,,2026-02-01,Pricelist -2026/HAFELE PRICELIST_MRP revision Eff 1st Feb 2026 (1).pdf,58,563.97.131
hafele,Häfele,563.97.995,False,"Profin - Rail Door, Handle Screw, Zinc Plated 1",,,,PC,,16.0,INR,False,,2026-02-01,Pricelist -2026/HAFELE PRICELIST_MRP revision Eff 1st Feb 2026 (1).pdf,58,563.97.995
hafele,Häfele,563.97.996,False,"Profin - Rail Door, Handle Screw, Darkened 1",,,,PC,,16.0,INR,False,,2026-02-01,Pricelist -2026/HAFELE PRICELIST_MRP revision Eff 1st Feb 2026 (1).pdf,58,563.97.996
hafele,Häfele,563.97.997,False,"Profin - Rail Door 45⁰ Corner Connector for Thick Profile, Steel ( 4 Per Door) 1",,,,PC,,196.0,INR,False,,2026-02-01,Pricelist -2026/HAFELE PRICELIST_MRP revision Eff 1st Feb 2026 (1).pdf,58,563.97.997
hafele,Häfele,563.97.993,False,"Profin - Rail Door 45⁰ Corner Connection Screw, Zinc Plated, (16 Per Door) 1",,,,PC,,8.0,INR,False,,2026-02-01,Pricelist -2026/HAFELE PRICELIST_MRP revision Eff 1st Feb 2026 (1).pdf,58,563.97.993
hafele,Häfele,563.97.994,False,"Profin - Rail Door 45⁰ Corner Connection Screw, Darkened, (16 Per Door) 1",,,,PC,,9.0,INR,False,,2026-02-01,Pricelist -2026/HAFELE PRICELIST_MRP revision Eff 1st Feb 2026 (1).pdf,58,563.97.994
hafele,Häfele,793.10.902,False,"Profin - Stack Modular - Vertical Profile, Silver, 21mm x 21mm x 2450mm 1",21mm,,,PC,,7665.0,INR,False,,2026-02-01,Pricelist -2026/HAFELE PRICELIST_MRP revision Eff 1st Feb 2026 (1).pdf,59,793.10.902
hafele,Häfele,793.10.302,False,"Profin - Stack Modular - Vertical Profile, Graphite, 21mm x 21mm x 2450mm 1",21mm,,,PC,,8585.0,INR,False,,2026-02-01,Pricelist -2026/HAFELE PRICELIST_MRP revision Eff 1st Feb 2026 (1).pdf,59,793.10.302
hafele,Häfele,793.10.502,False,"Profin - Stack Modular - Vertical Profile, Gold, 21mm x 21mm x 2450mm 1",21mm,,,PC,,10805.0,INR,False,,2026-02-01,Pricelist -2026/HAFELE PRICELIST_MRP revision Eff 1st Feb 2026 (1).pdf,59,793.10.502
hafele,Häfele,793.10.402,False,"Profin - Stack Modular - Vertical Profile, Rose Gold, 21mm x 21mm x 2450mm 1",21mm,,,PC,,12105.0,INR,False,,2026-02-01,Pricelist -2026/HAFELE PRICELIST_MRP revision Eff 1st Feb 2026 (1).pdf,59,793.10.402
hafele,Häfele,793.11.202,False,"Profin - Stack Modular - Vertical Profile, Matt Black, 21mm x 21mm x 2450mm PCE 1",21mm,,,,,12110.0,INR,False,,2026-02-01,Pricelist -2026/HAFELE PRICELIST_MRP revision Eff 1st Feb 2026 (1).pdf,59,793.11.202
hafele,Häfele,793.10.102,False,"Profin - Stack Modular - Vertical Profile, Dark Bronze, 21mm x 21mm x 2450mm 1",21mm,,,PC,,12105.0,INR,False,,2026-02-01,Pricelist -2026/HAFELE PRICELIST_MRP revision Eff 1st Feb 2026 (1).pdf,59,793.10.102
hafele,Häfele,793.10.912,False,"Profin - Stack Modular - Lateral Profile, Silver, 20mm x 20mm x 2450mm 1",20mm,,,PC,,5460.0,INR,False,,2026-02-01,Pricelist -2026/HAFELE PRICELIST_MRP revision Eff 1st Feb 2026 (1).pdf,59,793.10.912
hafele,Häfele,793.10.312,False,"Profin - Stack Modular - Lateral Profile, Graphite, 20mm x 20mm x 2450mm 1",20mm,,,PC,,6120.0,INR,False,,2026-02-01,Pricelist -2026/HAFELE PRICELIST_MRP revision Eff 1st Feb 2026 (1).pdf,59,793.10.312
hafele,Häfele,793.10.512,False,"Profin - Stack Modular - Lateral Profile, Gold, 20mm x 20mm x 2450mm 1",20mm,,,PC,,7995.0,INR,False,,2026-02-01,Pricelist -2026/HAFELE PRICELIST_MRP revision Eff 1st Feb 2026 (1).pdf,59,793.10.512
hafele,Häfele,793.10.412,False,"Profin - Stack Modular - Lateral Profile, Rose Gold, 20mm x 20mm x 2450mm 1",20mm,,,PC,,8955.0,INR,False,,2026-02-01,Pricelist -2026/HAFELE PRICELIST_MRP revision Eff 1st Feb 2026 (1).pdf,59,793.10.412
hafele,Häfele,793.11.212,False,"Profin - Stack Modular - Lateral Profile, Matt Black, 20mm x 20mm x 2450mm PCE 1",20mm,,,,,8960.0,INR,False,,2026-02-01,Pricelist -2026/HAFELE PRICELIST_MRP revision Eff 1st Feb 2026 (1).pdf,59,793.11.212
hafele,Häfele,793.10.112,False,"Profin - Stack Modular - Lateral Profile, Dark Bronze, 20mm x 20mm x 2450mm 1",20mm,,,PC,,8955.0,INR,False,,2026-02-01,Pricelist -2026/HAFELE PRICELIST_MRP revision Eff 1st Feb 2026 (1).pdf,59,793.10.112
hafele,Häfele,793.10.922,False,"Profin - Stack Modular - Universal Profile, Silver, 20mm x 20mm x 2450mm 1",20mm,,,PC,,5460.0,INR,False,,2026-02-01,Pricelist -2026/HAFELE PRICELIST_MRP revision Eff 1st Feb 2026 (1).pdf,60,793.10.922
hafele,Häfele,793.10.322,False,"Profin - Stack Modular - Universal Profile, Graphite, 20mm x 20mm x 2450mm 1",20mm,,,PC,,6120.0,INR,False,,2026-02-01,Pricelist -2026/HAFELE PRICELIST_MRP revision Eff 1st Feb 2026 (1).pdf,60,793.10.322
hafele,Häfele,793.10.522,False,"Profin - Stack Modular - Universal Profile, Gold, 20mm x 20mm x 2450mm 1",20mm,,,PC,,7995.0,INR,False,,2026-02-01,Pricelist -2026/HAFELE PRICELIST_MRP revision Eff 1st Feb 2026 (1).pdf,60,793.10.522
hafele,Häfele,793.10.422,False,"Profin - Stack Modular - Universal Profile, Rose Gold, 20mm x 20mm x 2450mm 1",20mm,,,PC,,8955.0,INR,False,,2026-02-01,Pricelist -2026/HAFELE PRICELIST_MRP revision Eff 1st Feb 2026 (1).pdf,60,793.10.422
hafele,Häfele,793.11.222,False,"Profin - Stack Modular - Universal Profile, Matt Black, 20mm x 20mm x 2450mm PCE 1",20mm,,,,,8960.0,INR,False,,2026-02-01,Pricelist -2026/HAFELE PRICELIST_MRP revision Eff 1st Feb 2026 (1).pdf,60,793.11.222
hafele,Häfele,793.10.122,False,"Profin - Stack Modular - Universal Profile, Dark Bronze, 20mm x 20mm x 2450mm 1",20mm,,,PC,,8955.0,INR,False,,2026-02-01,Pricelist -2026/HAFELE PRICELIST_MRP revision Eff 1st Feb 2026 (1).pdf,60,793.10.122
hafele,Häfele,793.10.996,False,Profin - Stack Modular - Drilling Template Nickel Plated 1,,,,PC,,2595.0,INR,False,,2026-02-01,Pricelist -2026/HAFELE PRICELIST_MRP revision Eff 1st Feb 2026 (1).pdf,60,793.10.996
hafele,Häfele,793.10.991,False,Profin - Stack Modular - Joining Block Alu. Die Cast ( 16 pcs Per Structure) 1,,,,PC,,525.0,INR,False,,2026-02-01,Pricelist -2026/HAFELE PRICELIST_MRP revision Eff 1st Feb 2026 (1).pdf,60,793.10.991
hafele,Häfele,793.10.992,False,"Profin - Stack Modular- Universal Screw, Darkened 1",,,,PC,,22.0,INR,False,,2026-02-01,Pricelist -2026/HAFELE PRICELIST_MRP revision Eff 1st Feb 2026 (1).pdf,60,793.10.992
hafele,Häfele,793.10.993,False,"Profin - Stack Modular- Universal Screw, Nickel Plated 1",,,,PC,,19.0,INR,False,,2026-02-01,Pricelist -2026/HAFELE PRICELIST_MRP revision Eff 1st Feb 2026 (1).pdf,60,793.10.993
hafele,Häfele,793.10.994,False,"Profin - Stack Modular- Universal Screw, Zick Plated 1",,,,PC,,22.0,INR,False,,2026-02-01,Pricelist -2026/HAFELE PRICELIST_MRP revision Eff 1st Feb 2026 (1).pdf,60,793.10.994
hafele,Häfele,793.10.995,False,"Profin - Stack Modular- Leveler M10, Steel Nickel Plated 1",,,,PC,,2150.0,INR,False,,2026-02-01,Pricelist -2026/HAFELE PRICELIST_MRP revision Eff 1st Feb 2026 (1).pdf,60,793.10.995
hafele,Häfele,793.10.990,False,"Profin - Stack Modular - Cover Cap, Silver 1",,,,PC,,520.0,INR,False,,2026-02-01,Pricelist -2026/HAFELE PRICELIST_MRP revision Eff 1st Feb 2026 (1).pdf,60,793.10.990
hafele,Häfele,793.10.390,False,"Profin - Stack Modular - Cover Cap, Graphite 1",,,,PC,,520.0,INR,False,,2026-02-01,Pricelist -2026/HAFELE PRICELIST_MRP revision Eff 1st Feb 2026 (1).pdf,60,793.10.390
hafele,Häfele,793.10.590,False,"Profin - Stack Modular - Cover Cap, Gold 1",,,,PC,,640.0,INR,False,,2026-02-01,Pricelist -2026/HAFELE PRICELIST_MRP revision Eff 1st Feb 2026 (1).pdf,60,793.10.590
hafele,Häfele,793.10.490,False,"Profin - Stack Modular - Cover Cap, Rose Gold 1",,,,PC,,640.0,INR,False,,2026-02-01,Pricelist -2026/HAFELE PRICELIST_MRP revision Eff 1st Feb 2026 (1).pdf,60,793.10.490
hafele,Häfele,793.10.190,False,"Profin - Stack Modular - Cover Cap, Dark Bronze 1",,,,PC,,720.0,INR,False,,2026-02-01,Pricelist -2026/HAFELE PRICELIST_MRP revision Eff 1st Feb 2026 (1).pdf,60,793.10.190
hafele,Häfele,793.10.980,False,Profin - Stack Modular - Gasket for 4mm Glass Shelf 1,4mm,,,MTR,,410.0,INR,False,,2026-02-01,Pricelist -2026/HAFELE PRICELIST_MRP revision Eff 1st Feb 2026 (1).pdf,60,793.10.980
hafele,Häfele,793.10.981,False,Profin - Stack Modular - Gasket for 6mm Glass Shelf 1,6mm,,,MTR,,410.0,INR,False,,2026-02-01,Pricelist -2026/HAFELE PRICELIST_MRP revision Eff 1st Feb 2026 (1).pdf,60,793.10.981
hafele,Häfele,126.37.902,False,"Profin - Gola Profile, J -2800mm - Silver 1",2800mm,,,PC,,4940.0,INR,False,,2026-02-01,Pricelist -2026/HAFELE PRICELIST_MRP revision Eff 1st Feb 2026 (1).pdf,61,126.37.902
hafele,Häfele,126.37.903,False,"Profin - Gola Profile, J -2800mm -Graphite 1",2800mm,,,PC,,5740.0,INR,False,,2026-02-01,Pricelist -2026/HAFELE PRICELIST_MRP revision Eff 1st Feb 2026 (1).pdf,61,126.37.903
hafele,Häfele,126.37.904,False,"Profin - Gola Profile, J -2800mm - Gold 1",2800mm,,,PC,,9980.0,INR,False,,2026-02-01,Pricelist -2026/HAFELE PRICELIST_MRP revision Eff 1st Feb 2026 (1).pdf,61,126.37.904
hafele,Häfele,126.37.906,False,"Profin - Gola Profile, J -2800mm - Rose Gold 1",2800mm,,,PC,,9980.0,INR,False,,2026-02-01,Pricelist -2026/HAFELE PRICELIST_MRP revision Eff 1st Feb 2026 (1).pdf,61,126.37.906
hafele,Häfele,126.36.236,False,"Profin - Gola Profile, J -2800mm - Matt Black PCE 1",2800mm,,,,,11180.0,INR,False,,2026-02-01,Pricelist -2026/HAFELE PRICELIST_MRP revision Eff 1st Feb 2026 (1).pdf,61,126.36.236
hafele,Häfele,126.37.909,False,"Profin - Gola Profile, J -2800mm - Dark Bronze 1",2800mm,,,PC,,11180.0,INR,False,,2026-02-01,Pricelist -2026/HAFELE PRICELIST_MRP revision Eff 1st Feb 2026 (1).pdf,61,126.37.909
hafele,Häfele,126.36.946,False,"Profin - 90⁰ Gola Profile Internal Connector, J, Silver 1",,,,PC,,5620.0,INR,False,,2026-02-01,Pricelist -2026/HAFELE PRICELIST_MRP revision Eff 1st Feb 2026 (1).pdf,61,126.36.946
hafele,Häfele,126.36.781,False,"Profin - 90⁰ Gola Profile Internal Connector, J, Graphite 1",,,,PC,,5620.0,INR,False,,2026-02-01,Pricelist -2026/HAFELE PRICELIST_MRP revision Eff 1st Feb 2026 (1).pdf,61,126.36.781
hafele,Häfele,126.36.581,False,"Profin - 90⁰ Gola Profile Internal Connector, J, Gold 1",,,,PC,,7040.0,INR,False,,2026-02-01,Pricelist -2026/HAFELE PRICELIST_MRP revision Eff 1st Feb 2026 (1).pdf,61,126.36.581
hafele,Häfele,126.36.881,False,"Profin - 90⁰ Gola Profile Internal Connector, J , Rose Gold 1",,,,PC,,7040.0,INR,False,,2026-02-01,Pricelist -2026/HAFELE PRICELIST_MRP revision Eff 1st Feb 2026 (1).pdf,61,126.36.881
hafele,Häfele,126.36.235,False,"Profin - 90⁰ Gola Profile Internal Connector, J , Matt Black PCE 1",,,,,,7040.0,INR,False,,2026-02-01,Pricelist -2026/HAFELE PRICELIST_MRP revision Eff 1st Feb 2026 (1).pdf,61,126.36.235
hafele,Häfele,126.36.181,False,"Profin - 90⁰ Gola Profile Internal Connector, J , Dark Bronze 1",,,,PC,,7040.0,INR,False,,2026-02-01,Pricelist -2026/HAFELE PRICELIST_MRP revision Eff 1st Feb 2026 (1).pdf,61,126.36.181
hafele,Häfele,126.36.945,False,"Profin - 90⁰ Gola Profile External Connector, J, Silver 1",,,,PC,,5015.0,INR,False,,2026-02-01,Pricelist -2026/HAFELE PRICELIST_MRP revision Eff 1st Feb 2026 (1).pdf,61,126.36.945
hafele,Häfele,126.36.782,False,"Profin - 90⁰ Gola Profile External Connector, J, Graphite 1",,,,PC,,5620.0,INR,False,,2026-02-01,Pricelist -2026/HAFELE PRICELIST_MRP revision Eff 1st Feb 2026 (1).pdf,61,126.36.782
hafele,Häfele,126.36.582,False,"Profin - 90⁰ Gola Profile External Connector, J, Gold 1",,,,PC,,6285.0,INR,False,,2026-02-01,Pricelist -2026/HAFELE PRICELIST_MRP revision Eff 1st Feb 2026 (1).pdf,61,126.36.582
hafele,Häfele,126.36.882,False,"Profin - 90⁰ Gola Profile External Connector, J , Rose Gold 1",,,,PC,,6285.0,INR,False,,2026-02-01,Pricelist -2026/HAFELE PRICELIST_MRP revision Eff 1st Feb 2026 (1).pdf,61,126.36.882
hafele,Häfele,126.36.234,False,"Profin - 90⁰ Gola Profile External Connector, J , Matt Black PCE 1",,,,,,7040.0,INR,False,,2026-02-01,Pricelist -2026/HAFELE PRICELIST_MRP revision Eff 1st Feb 2026 (1).pdf,61,126.36.234
hafele,Häfele,126.36.182,False,"Profin - 90⁰ Gola Profile External Connector, J , Dark Bronze 1",,,,PC,,7040.0,INR,False,,2026-02-01,Pricelist -2026/HAFELE PRICELIST_MRP revision Eff 1st Feb 2026 (1).pdf,61,126.36.182
hafele,Häfele,126.37.716,False,"Profin - 90˚ J Gola Profile Internal External Connector, Silver 1",,,,PC,,870.0,INR,False,,2026-02-01,Pricelist -2026/HAFELE PRICELIST_MRP revision Eff 1st Feb 2026 (1).pdf,62,126.37.716
hafele,Häfele,126.37.717,False,"Profin - 90˚ J Gola Profile Internal External Connector, Graphite 1",,,,PC,,975.0,INR,False,,2026-02-01,Pricelist -2026/HAFELE PRICELIST_MRP revision Eff 1st Feb 2026 (1).pdf,62,126.37.717
hafele,Häfele,126.37.718,False,"Profin - 90˚ J Gola Profile Internal External Connector, Gold 1",,,,PC,,1050.0,INR,False,,2026-02-01,Pricelist -2026/HAFELE PRICELIST_MRP revision Eff 1st Feb 2026 (1).pdf,62,126.37.718
hafele,Häfele,126.37.719,False,"Profin - 90˚ Gola Profile Internal External Connector, Rose Gold 1",,,,PC,,1050.0,INR,False,,2026-02-01,Pricelist -2026/HAFELE PRICELIST_MRP revision Eff 1st Feb 2026 (1).pdf,62,126.37.719
hafele,Häfele,126.37.720,False,"Profin - 90˚ Gola Profile Internal External Connector, Matt Black 1",,,,PR,,1176.0,INR,False,,2026-02-01,Pricelist -2026/HAFELE PRICELIST_MRP revision Eff 1st Feb 2026 (1).pdf,62,126.37.720
hafele,Häfele,126.37.715,False,"Profin - 90˚ Gola Profile Internal External Connector, Dark Bronze 1",,,,PC,,1180.0,INR,False,,2026-02-01,Pricelist -2026/HAFELE PRICELIST_MRP revision Eff 1st Feb 2026 (1).pdf,62,126.37.715
hafele,Häfele,126.36.947,False,"Profin - Trim Cap Gola Profile, J, Silver 1",,,,PC,,4325.0,INR,False,,2026-02-01,Pricelist -2026/HAFELE PRICELIST_MRP revision Eff 1st Feb 2026 (1).pdf,62,126.36.947
hafele,Häfele,126.36.780,False,"Profin - Trim Cap Gola Profile, J, Graphite 1",,,,PC,,4325.0,INR,False,,2026-02-01,Pricelist -2026/HAFELE PRICELIST_MRP revision Eff 1st Feb 2026 (1).pdf,62,126.36.780
hafele,Häfele,126.36.580,False,"Profin - Trim Cap Gola Profile, J, Gold 1",,,,PC,,4905.0,INR,False,,2026-02-01,Pricelist -2026/HAFELE PRICELIST_MRP revision Eff 1st Feb 2026 (1).pdf,62,126.36.580
hafele,Häfele,126.36.880,False,"Profin - Trim Cap Gola Profile, J, Rose Gold 1",,,,PC,,5495.0,INR,False,,2026-02-01,Pricelist -2026/HAFELE PRICELIST_MRP revision Eff 1st Feb 2026 (1).pdf,62,126.36.880
hafele,Häfele,126.36.237,False,"Profin - Trim Cap Gola Profile, J, Matt Black 1",,,,PR,,5494.0,INR,False,,2026-02-01,Pricelist -2026/HAFELE PRICELIST_MRP revision Eff 1st Feb 2026 (1).pdf,62,126.36.237
hafele,Häfele,126.36.180,False,"Profin - Trim Cap Gola Profile, J, Dark Bronze 1",,,,PC,,5495.0,INR,False,,2026-02-01,Pricelist -2026/HAFELE PRICELIST_MRP revision Eff 1st Feb 2026 (1).pdf,62,126.36.180
hafele,Häfele,126.37.926,False,"Profin - Gola Profile, C -2800mm - Silver 1",2800mm,,,PC,,5995.0,INR,False,,2026-02-01,Pricelist -2026/HAFELE PRICELIST_MRP revision Eff 1st Feb 2026 (1).pdf,62,126.37.926
hafele,Häfele,126.37.927,False,"Profin - Gola Profile, C -2800mm -Graphite 1",2800mm,,,PC,,7165.0,INR,False,,2026-02-01,Pricelist -2026/HAFELE PRICELIST_MRP revision Eff 1st Feb 2026 (1).pdf,62,126.37.927
hafele,Häfele,126.37.928,False,"Profin - Gola Profile, C -2800mm - Gold 1",2800mm,,,PC,,12350.0,INR,False,,2026-02-01,Pricelist -2026/HAFELE PRICELIST_MRP revision Eff 1st Feb 2026 (1).pdf,62,126.37.928
hafele,Häfele,126.37.929,False,"Profin - Gola Profile, C -2800mm - Rose Gold 1",2800mm,,,PC,,12350.0,INR,False,,2026-02-01,Pricelist -2026/HAFELE PRICELIST_MRP revision Eff 1st Feb 2026 (1).pdf,62,126.37.929
hafele,Häfele,126.36.232,False,"Profin - Gola Profile, C -2800mm - Matt Black PCE 1",2800mm,,,,,13832.0,INR,False,,2026-02-01,Pricelist -2026/HAFELE PRICELIST_MRP revision Eff 1st Feb 2026 (1).pdf,62,126.36.232
hafele,Häfele,126.37.925,False,"Profin - Gola Profile, C -2800mm - Dark Bronze 1",2800mm,,,PC,,13835.0,INR,False,,2026-02-01,Pricelist -2026/HAFELE PRICELIST_MRP revision Eff 1st Feb 2026 (1).pdf,62,126.37.925
hafele,Häfele,126.36.985,False,"Profin - 90⁰ Gola Profile Internal Connector, C, Silver 1",,,,PC,,6120.0,INR,False,,2026-02-01,Pricelist -2026/HAFELE PRICELIST_MRP revision Eff 1st Feb 2026 (1).pdf,62,126.36.985
hafele,Häfele,126.36.784,False,"Profin - 90⁰ Gola Profile Internal Connector, C, Graphite 1",,,,PC,,5460.0,INR,False,,2026-02-01,Pricelist -2026/HAFELE PRICELIST_MRP revision Eff 1st Feb 2026 (1).pdf,62,126.36.784
hafele,Häfele,126.36.584,False,"Profin - 90⁰ Gola Profile Internal Connector, C, Gold 1",,,,PC,,6945.0,INR,False,,2026-02-01,Pricelist -2026/HAFELE PRICELIST_MRP revision Eff 1st Feb 2026 (1).pdf,62,126.36.584
hafele,Häfele,126.36.884,False,"Profin - 90⁰ Gola Profile Internal Connector, C , Rose Gold 1",,,,PC,,7780.0,INR,False,,2026-02-01,Pricelist -2026/HAFELE PRICELIST_MRP revision Eff 1st Feb 2026 (1).pdf,62,126.36.884
hafele,Häfele,126.36.231,False,"Profin - 90⁰ Gola Profile Internal Connector, C , Matt Black PCE 1",,,,,,7780.0,INR,False,,2026-02-01,Pricelist -2026/HAFELE PRICELIST_MRP revision Eff 1st Feb 2026 (1).pdf,62,126.36.231
hafele,Häfele,126.36.184,False,"Profin - 90⁰ Gola Profile Internal Connector, C , Dark Bronze 1",,,,PC,,7780.0,INR,False,,2026-02-01,Pricelist -2026/HAFELE PRICELIST_MRP revision Eff 1st Feb 2026 (1).pdf,62,126.36.184
hafele,Häfele,126.37.916,False,"Profin - 90⁰ Gola Profile External Connector, C, Silver 1",,,,PC,,5460.0,INR,False,,2026-02-01,Pricelist -2026/HAFELE PRICELIST_MRP revision Eff 1st Feb 2026 (1).pdf,63,126.37.916
hafele,Häfele,126.37.917,False,"Profin - 90⁰ Gola Profile External Connector, C, Graphite 1",,,,PC,,6120.0,INR,False,,2026-02-01,Pricelist -2026/HAFELE PRICELIST_MRP revision Eff 1st Feb 2026 (1).pdf,63,126.37.917
hafele,Häfele,126.37.918,False,"Profin - 90⁰ Gola Profile External Connector, C, Gold 1",,,,PC,,6945.0,INR,False,,2026-02-01,Pricelist -2026/HAFELE PRICELIST_MRP revision Eff 1st Feb 2026 (1).pdf,63,126.37.918
hafele,Häfele,126.37.919,False,"Profin - 90⁰ Gola Profile External Connector, C , Rose Gold 1",,,,PC,,6945.0,INR,False,,2026-02-01,Pricelist -2026/HAFELE PRICELIST_MRP revision Eff 1st Feb 2026 (1).pdf,63,126.37.919
hafele,Häfele,126.36.230,False,"Profin - 90⁰ Gola Profile External Connector, C , Matt Black PCE 1",,,,,,7780.0,INR,False,,2026-02-01,Pricelist -2026/HAFELE PRICELIST_MRP revision Eff 1st Feb 2026 (1).pdf,63,126.36.230
hafele,Häfele,126.37.915,False,"Profin - 90⁰ Gola Profile External Connector, C , Dark Bronze 1",,,,PC,,7780.0,INR,False,,2026-02-01,Pricelist -2026/HAFELE PRICELIST_MRP revision Eff 1st Feb 2026 (1).pdf,63,126.37.915
hafele,Häfele,126.37.726,False,"Profin - 90˚ C Gola Profile Internal External Connector, Silver 1",,,,PC,,870.0,INR,False,,2026-02-01,Pricelist -2026/HAFELE PRICELIST_MRP revision Eff 1st Feb 2026 (1).pdf,63,126.37.726
hafele,Häfele,126.37.727,False,"Profin - 90˚ C Gola Profile Internal External Connector,Graphite 1",,,,PC,,975.0,INR,False,,2026-02-01,Pricelist -2026/HAFELE PRICELIST_MRP revision Eff 1st Feb 2026 (1).pdf,63,126.37.727
hafele,Häfele,126.37.728,False,"Profin - 90˚ C Gola Profile Internal External Connector, Gold 1",,,,PC,,1180.0,INR,False,,2026-02-01,Pricelist -2026/HAFELE PRICELIST_MRP revision Eff 1st Feb 2026 (1).pdf,63,126.37.728
hafele,Häfele,126.37.729,False,"Profin - 90˚ C Gola Profile Internal External Connector,Rose Gold 1",,,,PC,,1050.0,INR,False,,2026-02-01,Pricelist -2026/HAFELE PRICELIST_MRP revision Eff 1st Feb 2026 (1).pdf,63,126.37.729
hafele,Häfele,126.37.732,False,"Profin - 90˚ C Gola Profile Internal External Connector,Matt Black 1",,,,PR,,1176.0,INR,False,,2026-02-01,Pricelist -2026/HAFELE PRICELIST_MRP revision Eff 1st Feb 2026 (1).pdf,63,126.37.732
hafele,Häfele,126.37.725,False,"Profin - 90˚ C Gola Profile Internal External Connector,Dark Bronze 1",,,,PC,,1180.0,INR,False,,2026-02-01,Pricelist -2026/HAFELE PRICELIST_MRP revision Eff 1st Feb 2026 (1).pdf,63,126.37.725
hafele,Häfele,126.36.986,False,"Profin - Trim Cap Gola Profile, C, Silver 1",,,,PR,,4325.0,INR,False,,2026-02-01,Pricelist -2026/HAFELE PRICELIST_MRP revision Eff 1st Feb 2026 (1).pdf,63,126.36.986
hafele,Häfele,126.36.783,False,"Profin - Trim Cap Gola Profile, C, Graphite 1",,,,PR,,4325.0,INR,False,,2026-02-01,Pricelist -2026/HAFELE PRICELIST_MRP revision Eff 1st Feb 2026 (1).pdf,63,126.36.783
hafele,Häfele,126.36.583,False,"Profin - Trim Cap Gola Profile, C, Gold 1",,,,PR,,4905.0,INR,False,,2026-02-01,Pricelist -2026/HAFELE PRICELIST_MRP revision Eff 1st Feb 2026 (1).pdf,63,126.36.583
hafele,Häfele,126.36.883,False,"Profin - Trim Cap Gola Profile, C, Rose Gold 1",,,,PR,,5495.0,INR,False,,2026-02-01,Pricelist -2026/HAFELE PRICELIST_MRP revision Eff 1st Feb 2026 (1).pdf,63,126.36.883
hafele,Häfele,126.36.233,False,"Profin - Trim Cap Gola Profile, C, Matt Black 1",,,,PR,,5494.0,INR,False,,2026-02-01,Pricelist -2026/HAFELE PRICELIST_MRP revision Eff 1st Feb 2026 (1).pdf,63,126.36.233
hafele,Häfele,126.36.183,False,"Profin - Trim Cap Gola Profile, C, Dark Bronze 1",,,,PR,,5495.0,INR,False,,2026-02-01,Pricelist -2026/HAFELE PRICELIST_MRP revision Eff 1st Feb 2026 (1).pdf,63,126.36.183
hafele,Häfele,712.63.511,False,"Profin - Horizontal Gola Profile Connector, Screw On 1",,,,PC,,395.0,INR,False,,2026-02-01,Pricelist -2026/HAFELE PRICELIST_MRP revision Eff 1st Feb 2026 (1).pdf,63,712.63.511
hafele,Häfele,712.63.521,False,"Profin - Horizontal Gola Profile Connector, Dowel 1",,,,PC,,395.0,INR,False,,2026-02-01,Pricelist -2026/HAFELE PRICELIST_MRP revision Eff 1st Feb 2026 (1).pdf,63,712.63.521
hafele,Häfele,126.37.736,False,"Profin - Wall Unit Gola Profile, Silver, 2800mm 1",2800mm,,,PC,,3395.0,INR,False,,2026-02-01,Pricelist -2026/HAFELE PRICELIST_MRP revision Eff 1st Feb 2026 (1).pdf,63,126.37.736
hafele,Häfele,126.37.737,False,"Profin - Wall Unit Gola Profile, Graphite, 2800mm 1",2800mm,,,PC,,3770.0,INR,False,,2026-02-01,Pricelist -2026/HAFELE PRICELIST_MRP revision Eff 1st Feb 2026 (1).pdf,63,126.37.737
hafele,Häfele,126.37.738,False,"Profin - Wall Unit Gola Profile, Gold, 2800mm 1",2800mm,,,PC,,6065.0,INR,False,,2026-02-01,Pricelist -2026/HAFELE PRICELIST_MRP revision Eff 1st Feb 2026 (1).pdf,63,126.37.738
hafele,Häfele,126.37.739,False,"Profin - Wall Unit Gola Profile, Rose Gold, 2800mm 1",2800mm,,,PC,,6065.0,INR,False,,2026-02-01,Pricelist -2026/HAFELE PRICELIST_MRP revision Eff 1st Feb 2026 (1).pdf,63,126.37.739
hafele,Häfele,126.36.238,False,"Profin - Wall Unit Gola Profile, Matt Black, 2800mm PCE 1",2800mm,,,,,6800.0,INR,False,,2026-02-01,Pricelist -2026/HAFELE PRICELIST_MRP revision Eff 1st Feb 2026 (1).pdf,63,126.36.238
hafele,Häfele,126.37.735,False,"Profin - Wall Unit Gola Profile, Dark Bronze, 2800mm 1",2800mm,,,PC,,6795.0,INR,False,,2026-02-01,Pricelist -2026/HAFELE PRICELIST_MRP revision Eff 1st Feb 2026 (1).pdf,63,126.37.735
hafele,Häfele,126.37.971,False,"Profin - Single / Side Gola Profile, 2400mm, Silver 1",2400mm,,,PC,,6485.0,INR,False,,2026-02-01,Pricelist -2026/HAFELE PRICELIST_MRP revision Eff 1st Feb 2026 (1).pdf,64,126.37.971
hafele,Häfele,126.37.972,False,"Profin - Single / Side Gola Profile, 2400mm, Graphite 1",2400mm,,,PC,,6485.0,INR,False,,2026-02-01,Pricelist -2026/HAFELE PRICELIST_MRP revision Eff 1st Feb 2026 (1).pdf,64,126.37.972
hafele,Häfele,126.37.973,False,"Profin - Single / Side Gola Profile, 2400mm, Gold 1",2400mm,,,PC,,9645.0,INR,False,,2026-02-01,Pricelist -2026/HAFELE PRICELIST_MRP revision Eff 1st Feb 2026 (1).pdf,64,126.37.973
hafele,Häfele,126.37.974,False,"Profin - Single / Side Gola Profile, 2400mm, Rose Gold 1",2400mm,,,PC,,9645.0,INR,False,,2026-02-01,Pricelist -2026/HAFELE PRICELIST_MRP revision Eff 1st Feb 2026 (1).pdf,64,126.37.974
hafele,Häfele,126.36.239,False,"Profin - Single / Side Gola Profile, 2400mm, Matt Black PCE 1",2400mm,,,,,10810.0,INR,False,,2026-02-01,Pricelist -2026/HAFELE PRICELIST_MRP revision Eff 1st Feb 2026 (1).pdf,64,126.36.239
hafele,Häfele,126.37.970,False,"Profin - Single / Side Gola Profile, 2400mm, Dark Bronze 1",2400mm,,,PC,,10805.0,INR,False,,2026-02-01,Pricelist -2026/HAFELE PRICELIST_MRP revision Eff 1st Feb 2026 (1).pdf,64,126.37.970
hafele,Häfele,126.37.946,False,"Profin - Double / Intermediate Profile, 2400mm, Silver 1",2400mm,,,PC,,7410.0,INR,False,,2026-02-01,Pricelist -2026/HAFELE PRICELIST_MRP revision Eff 1st Feb 2026 (1).pdf,64,126.37.946
hafele,Häfele,126.37.947,False,"Profin - Double / Intermediate Profile, 2400mm, Graphite 1",2400mm,,,PC,,7410.0,INR,False,,2026-02-01,Pricelist -2026/HAFELE PRICELIST_MRP revision Eff 1st Feb 2026 (1).pdf,64,126.37.947
hafele,Häfele,126.37.948,False,"Profin - Double / Intermediate Profile, 2400mm, Gold 1",2400mm,,,PC,,10585.0,INR,False,,2026-02-01,Pricelist -2026/HAFELE PRICELIST_MRP revision Eff 1st Feb 2026 (1).pdf,64,126.37.948
hafele,Häfele,126.37.949,False,"Profin - Double / Intermediate Profile, 2400mm, Rose Gold 1",2400mm,,,PC,,11860.0,INR,False,,2026-02-01,Pricelist -2026/HAFELE PRICELIST_MRP revision Eff 1st Feb 2026 (1).pdf,64,126.37.949
hafele,Häfele,126.36.240,False,"Profin - Double / Intermediate Profile, 2400mm, Matt Black PCE 1",2400mm,,,,,11860.0,INR,False,,2026-02-01,Pricelist -2026/HAFELE PRICELIST_MRP revision Eff 1st Feb 2026 (1).pdf,64,126.36.240
hafele,Häfele,126.37.945,False,"Profin - Double / Intermediate Profile, 2400mm, Dark Bronze 1",2400mm,,,PC,,11860.0,INR,False,,2026-02-01,Pricelist -2026/HAFELE PRICELIST_MRP revision Eff 1st Feb 2026 (1).pdf,64,126.37.945
hafele,Häfele,126.36.218,False,"Profin - Oven Protector Profile for Vertical Gola Profiles, 580mm, Silver 1",580mm,,,PC,,5460.0,INR,False,,2026-02-01,Pricelist -2026/HAFELE PRICELIST_MRP revision Eff 1st Feb 2026 (1).pdf,64,126.36.218
hafele,Häfele,126.36.219,False,"Profin - Oven Protector Profile for Vertical Gola Profiles, 580mm, Graphite 1",580mm,,,PC,,5460.0,INR,False,,2026-02-01,Pricelist -2026/HAFELE PRICELIST_MRP revision Eff 1st Feb 2026 (1).pdf,64,126.36.219
hafele,Häfele,126.36.220,False,"Profin - Oven Protector Profile for Vertical Gola Profiles, 580mm, Gold 1",580mm,,,PC,,8270.0,INR,False,,2026-02-01,Pricelist -2026/HAFELE PRICELIST_MRP revision Eff 1st Feb 2026 (1).pdf,64,126.36.220
hafele,Häfele,126.36.221,False,"Profin - Oven Protector Profile for Vertical Gola Profiles, 580mm, Rose Gold 1",580mm,,,PC,,8270.0,INR,False,,2026-02-01,Pricelist -2026/HAFELE PRICELIST_MRP revision Eff 1st Feb 2026 (1).pdf,64,126.36.221
hafele,Häfele,126.36.241,False,"Profin - Oven Protector Profile for Vertical Gola Profiles, 580mm, Matt Black PCE 1",580mm,,,,,9270.0,INR,False,,2026-02-01,Pricelist -2026/HAFELE PRICELIST_MRP revision Eff 1st Feb 2026 (1).pdf,64,126.36.241
hafele,Häfele,126.36.217,False,"Profin - Oven Protector Profile for Vertical Gola Profiles, 580mm, Dark Bronze 1",580mm,,,PC,,9265.0,INR,False,,2026-02-01,Pricelist -2026/HAFELE PRICELIST_MRP revision Eff 1st Feb 2026 (1).pdf,64,126.36.217
hafele,Häfele,126.37.965,False,Profin - Snap on Bracket for Double Vertical Gola 1,,,,PC,,585.0,INR,False,,2026-02-01,Pricelist -2026/HAFELE PRICELIST_MRP revision Eff 1st Feb 2026 (1).pdf,64,126.37.965
hafele,Häfele,126.37.966,False,Profin - Snap on Bracket for Single Vertical Gola 1,,,,PC,,585.0,INR,False,,2026-02-01,Pricelist -2026/HAFELE PRICELIST_MRP revision Eff 1st Feb 2026 (1).pdf,64,126.37.966
hafele,Häfele,126.37.967,False,"Profin - Rear Spacer Bracket, Steel Nickel Plated 1",,,,PC,,915.0,INR,False,,2026-02-01,Pricelist -2026/HAFELE PRICELIST_MRP revision Eff 1st Feb 2026 (1).pdf,64,126.37.967
hafele,Häfele,126.36.200,False,"Profin - Strike Front Open Profile, 2050mm, Silver 1",2050mm,,,PC,,4520.0,INR,False,,2026-02-01,Pricelist -2026/HAFELE PRICELIST_MRP revision Eff 1st Feb 2026 (1).pdf,65,126.36.200
hafele,Häfele,126.36.204,False,"Profin - Strike Front Open Profile, 2050mm, Graphite 1",2050mm,,,PC,,5065.0,INR,False,,2026-02-01,Pricelist -2026/HAFELE PRICELIST_MRP revision Eff 1st Feb 2026 (1).pdf,65,126.36.204
hafele,Häfele,126.36.202,False,"Profin - Strike Front Open Profile, 2050mm, Gold 1",2050mm,,,PC,,9150.0,INR,False,,2026-02-01,Pricelist -2026/HAFELE PRICELIST_MRP revision Eff 1st Feb 2026 (1).pdf,65,126.36.202
hafele,Häfele,126.36.203,False,"Profin - Strike Front Open Profile, 2050mm, Rose Gold 1",2050mm,,,PC,,9150.0,INR,False,,2026-02-01,Pricelist -2026/HAFELE PRICELIST_MRP revision Eff 1st Feb 2026 (1).pdf,65,126.36.203
hafele,Häfele,126.36.250,False,"Profin - Strike Front Open Profile, 2050mm, Matt Black PCE 1",2050mm,,,,,10248.0,INR,False,,2026-02-01,Pricelist -2026/HAFELE PRICELIST_MRP revision Eff 1st Feb 2026 (1).pdf,65,126.36.250
hafele,Häfele,126.36.201,False,"Profin - Strike Front Open Profile, 2050mm, Dark Bronze 1",2050mm,,,PC,,10250.0,INR,False,,2026-02-01,Pricelist -2026/HAFELE PRICELIST_MRP revision Eff 1st Feb 2026 (1).pdf,65,126.36.201
hafele,Häfele,126.36.205,False,"Profin - Strike Rear Closed Profile, 2050mm, Silver 1",2050mm,,,PC,,4520.0,INR,False,,2026-02-01,Pricelist -2026/HAFELE PRICELIST_MRP revision Eff 1st Feb 2026 (1).pdf,65,126.36.205
hafele,Häfele,126.36.209,False,"Profin - Strike Rear Closed Profile, 2050mm, Graphite 1",2050mm,,,PC,,5065.0,INR,False,,2026-02-01,Pricelist -2026/HAFELE PRICELIST_MRP revision Eff 1st Feb 2026 (1).pdf,65,126.36.209
hafele,Häfele,126.36.208,False,"Profin - Strike Rear Closed Profile, 2050mm, Rose Gold 1",2050mm,,,PC,,10560.0,INR,False,,2026-02-01,Pricelist -2026/HAFELE PRICELIST_MRP revision Eff 1st Feb 2026 (1).pdf,65,126.36.208
hafele,Häfele,126.36.251,False,"Profin - Strike Rear Closed Profile, 2050mm, Matt Black PCE 1",2050mm,,,,,10556.0,INR,False,,2026-02-01,Pricelist -2026/HAFELE PRICELIST_MRP revision Eff 1st Feb 2026 (1).pdf,65,126.36.251
hafele,Häfele,126.36.206,False,"Profin - Strike Rear Closed Profile, 2050mm, Dark Bronze 1",2050mm,,,PC,,10560.0,INR,False,,2026-02-01,Pricelist -2026/HAFELE PRICELIST_MRP revision Eff 1st Feb 2026 (1).pdf,65,126.36.206
hafele,Häfele,126.36.210,False,"Profin - Strike Lateral Profile, 2050mm, Silver 1",2050mm,,,PC,,4325.0,INR,False,,2026-02-01,Pricelist -2026/HAFELE PRICELIST_MRP revision Eff 1st Feb 2026 (1).pdf,65,126.36.210
hafele,Häfele,126.36.214,False,"Profin - Strike Lateral Profile, 2050mm, Graphite 1",2050mm,,,PC,,4325.0,INR,False,,2026-02-01,Pricelist -2026/HAFELE PRICELIST_MRP revision Eff 1st Feb 2026 (1).pdf,65,126.36.214
hafele,Häfele,126.36.212,False,"Profin - Strike Lateral Profile, 2050mm, Gold 1",2050mm,,,PC,,8710.0,INR,False,,2026-02-01,Pricelist -2026/HAFELE PRICELIST_MRP revision Eff 1st Feb 2026 (1).pdf,65,126.36.212
hafele,Häfele,126.36.213,False,"Profin - Strike Lateral Profile, 2050mm, Rose Gold 1",2050mm,,,PC,,9760.0,INR,False,,2026-02-01,Pricelist -2026/HAFELE PRICELIST_MRP revision Eff 1st Feb 2026 (1).pdf,65,126.36.213
hafele,Häfele,126.36.252,False,"Profin - Strike Lateral Profile, 2050mm, Matt Black PCE 1",2050mm,,,,,9760.0,INR,False,,2026-02-01,Pricelist -2026/HAFELE PRICELIST_MRP revision Eff 1st Feb 2026 (1).pdf,65,126.36.252
hafele,Häfele,126.36.211,False,"Profin - Strike Lateral Profile, 2050mm, Dark Bronze 1",2050mm,,,PC,,9760.0,INR,False,,2026-02-01,Pricelist -2026/HAFELE PRICELIST_MRP revision Eff 1st Feb 2026 (1).pdf,65,126.36.211
hafele,Häfele,126.36.216,False,Profin - Strike Connector Set for Rear Close Profile 1,,,,PC,,585.0,INR,False,,2026-02-01,Pricelist -2026/HAFELE PRICELIST_MRP revision Eff 1st Feb 2026 (1).pdf,65,126.36.216
hafele,Häfele,126.36.215,False,Profin - Strike Connector Set for Rear Open Profile 1,,,,PC,,525.0,INR,False,,2026-02-01,Pricelist -2026/HAFELE PRICELIST_MRP revision Eff 1st Feb 2026 (1).pdf,65,126.36.215
hafele,Häfele,282.43.750,False,Profin - Strike Shelf Support 1,,,,PC,,196.0,INR,False,,2026-02-01,Pricelist -2026/HAFELE PRICELIST_MRP revision Eff 1st Feb 2026 (1).pdf,65,282.43.750
hafele,Häfele,563.93.863,False,Match Door Profile Tall 3000mm Brushed SS 1,3000mm,,,PC,,3098.0,INR,False,,2026-02-01,Pricelist -2026/HAFELE PRICELIST_MRP revision Eff 1st Feb 2026 (1).pdf,66,563.93.863
hafele,Häfele,563.93.363,False,Match Door Profile Tall 3000mm Brushed Black 1,3000mm,,,PC,,3470.0,INR,False,,2026-02-01,Pricelist -2026/HAFELE PRICELIST_MRP revision Eff 1st Feb 2026 (1).pdf,66,563.93.363
hafele,Häfele,563.93.873,False,Match Door Profile Short 3000mm Brushed SS 1,3000mm,,,PC,,2541.0,INR,False,,2026-02-01,Pricelist -2026/HAFELE PRICELIST_MRP revision Eff 1st Feb 2026 (1).pdf,66,563.93.873
hafele,Häfele,563.93.073,False,Match Door Profile Short 3000mm Brushed Black 1,3000mm,,,PC,,3000.0,INR,False,,2026-02-01,Pricelist -2026/HAFELE PRICELIST_MRP revision Eff 1st Feb 2026 (1).pdf,66,563.93.073
hafele,Häfele,563.93.003,False,Plusch Door Main Profile 3000mm Brushed SS 1,3000mm,,,PC,,9175.0,INR,False,,2026-02-01,Pricelist -2026/HAFELE PRICELIST_MRP revision Eff 1st Feb 2026 (1).pdf,66,563.93.003
hafele,Häfele,563.93.303,False,Plusch Door Main Profile 3000mm Brushed Black 1,3000mm,,,PC,,9410.0,INR,False,,2026-02-01,Pricelist -2026/HAFELE PRICELIST_MRP revision Eff 1st Feb 2026 (1).pdf,66,563.93.303
hafele,Häfele,563.94.014,False,Plusch Door Handle Profile 200mm Brushed SS ( Handle Length: 100mm) 1,200mm,,,PC,,1425.0,INR,False,,2026-02-01,Pricelist -2026/HAFELE PRICELIST_MRP revision Eff 1st Feb 2026 (1).pdf,66,563.94.014
hafele,Häfele,563.94.015,False,Plusch Door Handle Profile 500mm Brushed SS ( Handle Length: 200mm) 1,500mm,,,PC,,2541.0,INR,False,,2026-02-01,Pricelist -2026/HAFELE PRICELIST_MRP revision Eff 1st Feb 2026 (1).pdf,66,563.94.015
hafele,Häfele,563.94.011,False,Plusch Door Handle Profile 1000mm Brushed SS ( Handle Length: 500mm) 1,1000mm,,,PC,,5235.0,INR,False,,2026-02-01,Pricelist -2026/HAFELE PRICELIST_MRP revision Eff 1st Feb 2026 (1).pdf,66,563.94.011
hafele,Häfele,563.94.012,False,Plusch Door Handle Profile 1800mm Brushed SS ( Handle Length: 1000mm) 1,1800mm,,,PC,,9880.0,INR,False,,2026-02-01,Pricelist -2026/HAFELE PRICELIST_MRP revision Eff 1st Feb 2026 (1).pdf,66,563.94.012
hafele,Häfele,563.93.013,False,Plusch Door Handle Profile 3200 (L)mm Brushed SS ( Handle Length: 1200mm) 1,1200mm,,,PC,,12180.0,INR,False,,2026-02-01,Pricelist -2026/HAFELE PRICELIST_MRP revision Eff 1st Feb 2026 (1).pdf,66,563.93.013
hafele,Häfele,563.93.023,False,Plusch Door Handle Profile 3200mm (R)Brushed SS ( Handle Length: 1200mm) 1,3200mm,,,PC,,12180.0,INR,False,,2026-02-01,Pricelist -2026/HAFELE PRICELIST_MRP revision Eff 1st Feb 2026 (1).pdf,66,563.93.023
hafele,Häfele,563.94.314,False,Plusch Door Handle Profile 200mm Brushed Black ( Handle Length: 100mm) 1,200mm,,,PC,,1425.0,INR,False,,2026-02-01,Pricelist -2026/HAFELE PRICELIST_MRP revision Eff 1st Feb 2026 (1).pdf,66,563.94.314
hafele,Häfele,563.94.315,False,Plusch Door Handle Profile 500mm Brushed Black ( Handle Length: 200mm) 1,500mm,,,PC,,2850.0,INR,False,,2026-02-01,Pricelist -2026/HAFELE PRICELIST_MRP revision Eff 1st Feb 2026 (1).pdf,66,563.94.315
hafele,Häfele,563.94.311,False,Plusch Door Handle Profile 1000mm Brushed Black ( Handle Length: 500mm) 1,1000mm,,,PC,,5235.0,INR,False,,2026-02-01,Pricelist -2026/HAFELE PRICELIST_MRP revision Eff 1st Feb 2026 (1).pdf,66,563.94.311
hafele,Häfele,563.94.312,False,Plusch Door Handle Profile 1800mm Brushed Black ( Handle Length: 1000mm) 1,1800mm,,,PC,,9880.0,INR,False,,2026-02-01,Pricelist -2026/HAFELE PRICELIST_MRP revision Eff 1st Feb 2026 (1).pdf,66,563.94.312
hafele,Häfele,563.93.313,False,Plusch Door Handle Profile 3200 mm (L) Brushed Black ( Handle Length: 1200mm) 1,3200 mm,,,PC,,13645.0,INR,False,,2026-02-01,Pricelist -2026/HAFELE PRICELIST_MRP revision Eff 1st Feb 2026 (1).pdf,66,563.93.313
hafele,Häfele,563.93.323,False,Plusch Door Handle Profile 3200mm (R) Brushed Black ( Handle Length: 1200mm) 1,3200mm,,,PC,,13645.0,INR,False,,2026-02-01,Pricelist -2026/HAFELE PRICELIST_MRP revision Eff 1st Feb 2026 (1).pdf,66,563.93.323
hafele,Häfele,564.94.995,False,Plusch Kite Connectors for Profile Doors (Kit Consist of 4 Kite Connectors and Fixing Screws) 1,,,,SET,,1050.0,INR,False,,2026-02-01,Pricelist -2026/HAFELE PRICELIST_MRP revision Eff 1st Feb 2026 (1).pdf,66,564.94.995
hafele,Häfele,563.93.033,False,Plusch Wooden Door Lip Profile 3000mm Brushed SS 1,3000mm,,,PC,,1271.0,INR,False,,2026-02-01,Pricelist -2026/HAFELE PRICELIST_MRP revision Eff 1st Feb 2026 (1).pdf,66,563.93.033
hafele,Häfele,563.93.333,False,Plusch Wooden Door Lip Profile 3000mm Brushed Black 1,3000mm,,,PC,,1425.0,INR,False,,2026-02-01,Pricelist -2026/HAFELE PRICELIST_MRP revision Eff 1st Feb 2026 (1).pdf,66,563.93.333
hafele,Häfele,563.94.044,False,Plusch Wooden Door Handle Profile 200mm Brushed SS (Handle Length: 100mm) 1,200mm,,,PC,,998.0,INR,False,,2026-02-01,Pricelist -2026/HAFELE PRICELIST_MRP revision Eff 1st Feb 2026 (1).pdf,67,563.94.044
hafele,Häfele,563.94.042,False,Plusch Wooden Door Handle Profile 1800mm Brushed SS (Handle Length: 1000mm) 1,1800mm,,,PC,,6470.0,INR,False,,2026-02-01,Pricelist -2026/HAFELE PRICELIST_MRP revision Eff 1st Feb 2026 (1).pdf,67,563.94.042
hafele,Häfele,563.93.043,False,Plusch Wooden Door Handle Profile 3200mm (L) Brushed SS (Handle Length: 1200mm) 1,3200mm,,,PC,,7875.0,INR,False,,2026-02-01,Pricelist -2026/HAFELE PRICELIST_MRP revision Eff 1st Feb 2026 (1).pdf,67,563.93.043
hafele,Häfele,563.93.053,False,Plusch Wooden Door Handle Profile 3200mm Brushed SS (Handle Length: 1200mm) 1,3200mm,,,PC,,7875.0,INR,False,,2026-02-01,Pricelist -2026/HAFELE PRICELIST_MRP revision Eff 1st Feb 2026 (1).pdf,67,563.93.053
hafele,Häfele,563.94.344,False,Plusch Wooden Door Handle Profile 200mm Brushed Black (Handle Length: 100mm) 1,200mm,,,PC,,998.0,INR,False,,2026-02-01,Pricelist -2026/HAFELE PRICELIST_MRP revision Eff 1st Feb 2026 (1).pdf,67,563.94.344
hafele,Häfele,563.94.345,False,Plusch Wooden Door Handle Profile 500mm Brushed Black (Handle Length: 200mm) 1,500mm,,,PC,,2000.0,INR,False,,2026-02-01,Pricelist -2026/HAFELE PRICELIST_MRP revision Eff 1st Feb 2026 (1).pdf,67,563.94.345
hafele,Häfele,563.94.341,False,Plusch Wooden Door Handle Profile 1000mm Brushed Black (Handle Length: 500mm) 1,1000mm,,,PC,,3590.0,INR,False,,2026-02-01,Pricelist -2026/HAFELE PRICELIST_MRP revision Eff 1st Feb 2026 (1).pdf,67,563.94.341
hafele,Häfele,563.94.342,False,Plusch Wooden Door Handle Profile 1800mm Brushed Black (Handle Length: 1000mm) 1,1800mm,,,PC,,5775.0,INR,False,,2026-02-01,Pricelist -2026/HAFELE PRICELIST_MRP revision Eff 1st Feb 2026 (1).pdf,67,563.94.342
hafele,Häfele,563.93.343,False,Plusch Wooden Door Handle Profile 3200mm (L) Brushed Black (Handle Length: 1200mm) 1,3200mm,,,PC,,8820.0,INR,False,,2026-02-01,Pricelist -2026/HAFELE PRICELIST_MRP revision Eff 1st Feb 2026 (1).pdf,67,563.93.343
hafele,Häfele,563.93.353,False,Plusch Wooden Door Handle Profile 3200mm (R) Brushed Black (Handle Length: 1200mm) 1,3200mm,,,PC,,7875.0,INR,False,,2026-02-01,Pricelist -2026/HAFELE PRICELIST_MRP revision Eff 1st Feb 2026 (1).pdf,67,563.93.353
hafele,Häfele,563.93.083,False,Klar Glass Door Profile 3000mm Brushed SS 1,3000mm,,,PC,,5040.0,INR,False,,2026-02-01,Pricelist -2026/HAFELE PRICELIST_MRP revision Eff 1st Feb 2026 (1).pdf,67,563.93.083
hafele,Häfele,563.95.343,False,Klar Glass Door Profile 3000mm Brushed Black 1,3000mm,,,PC,,7295.0,INR,False,,2026-02-01,Pricelist -2026/HAFELE PRICELIST_MRP revision Eff 1st Feb 2026 (1).pdf,67,563.95.343
hafele,Häfele,563.93.393,False,Klar Wooden Door Handle Profile 3000mm Brushed Black (Predrilled Holes Are Present Along with Length of The Profile 96mm Apart) 1,3000mm,,,PC,,7295.0,INR,False,,2026-02-01,Pricelist -2026/HAFELE PRICELIST_MRP revision Eff 1st Feb 2026 (1).pdf,67,563.93.393
hafele,Häfele,564.94.996,False,Pair of 45° Corner Connector 1,,,,SET,,555.0,INR,False,,2026-02-01,Pricelist -2026/HAFELE PRICELIST_MRP revision Eff 1st Feb 2026 (1).pdf,67,564.94.996
hafele,Häfele,563.95.391,False,C Shaped Gasket for 5 mm Glass 3000mm 1,5 mm,,,PC,,745.0,INR,False,,2026-02-01,Pricelist -2026/HAFELE PRICELIST_MRP revision Eff 1st Feb 2026 (1).pdf,67,563.95.391
hafele,Häfele,563.95.390,False,Filler Gasket for 4 mm Glass 1000mm (To Be Used Along with 563.95.391) 1,4 mm,,,PC,,160.0,INR,False,,2026-02-01,Pricelist -2026/HAFELE PRICELIST_MRP revision Eff 1st Feb 2026 (1).pdf,67,563.95.390
hafele,Häfele,564.94.003,False,"Wardrobe Rail Profile Brushed SS (L:1500mm, H:30mm, W:18mm) 1",1500mm,,,PC,,4988.0,INR,False,,2026-02-01,Pricelist -2026/HAFELE PRICELIST_MRP revision Eff 1st Feb 2026 (1).pdf,68,564.94.003
hafele,Häfele,564.94.303,False,"Wardrobe Rail Profile Brushed Black (L:1500mm, H:30mm, W:18mm) 1",1500mm,,,PC,,4988.0,INR,False,,2026-02-01,Pricelist -2026/HAFELE PRICELIST_MRP revision Eff 1st Feb 2026 (1).pdf,68,564.94.303
hafele,Häfele,564.94.097,False,Wardrobe Rail Hanging Brackets Top Fixing Brushed SS 1,,,,SET,,2888.0,INR,False,,2026-02-01,Pricelist -2026/HAFELE PRICELIST_MRP revision Eff 1st Feb 2026 (1).pdf,68,564.94.097
hafele,Häfele,564.94.397,False,Wardrobe Rail Hanging Brackets Top Fixing Brushed Black 1,,,,SET,,3235.0,INR,False,,2026-02-01,Pricelist -2026/HAFELE PRICELIST_MRP revision Eff 1st Feb 2026 (1).pdf,68,564.94.397
hafele,Häfele,564.94.391,False,Wardrobe Rail Hanging Brackets Side Fixing Brushed Black 1,,,,SET,,3705.0,INR,False,,2026-02-01,Pricelist -2026/HAFELE PRICELIST_MRP revision Eff 1st Feb 2026 (1).pdf,68,564.94.391
hafele,Häfele,502.91.040,False,Set of 3 Waste Bins & Non Slip Base Plate for Installation in Drawer Boxes for Cabinet Width 450mm 1,450mm,,,SET,,25560.0,INR,False,,2026-02-01,Pricelist -2026/HAFELE PRICELIST_MRP revision Eff 1st Feb 2026 (1).pdf,70,502.91.040
hafele,Häfele,502.91.041,False,Set of 4 Waste Bins & Non Slip Base Plae for Installation in Drawer Boxes for Cabinet Width 600mm 1,600mm,,,SET,,34085.0,INR,False,,2026-02-01,Pricelist -2026/HAFELE PRICELIST_MRP revision Eff 1st Feb 2026 (1).pdf,70,502.91.041
hafele,Häfele,502.91.050,False,Set of 6 Waste Bins & Non Slip Base Plae for Installation in Drawer Boxes for Cabinet Width 900mm 1,900mm,,,SET,,48655.0,INR,False,,2026-02-01,Pricelist -2026/HAFELE PRICELIST_MRP revision Eff 1st Feb 2026 (1).pdf,70,502.91.050
hafele,Häfele,502.79.500,False,Ecocenter – Perfect Recycling -1Bin 1,,,,SET,,17760.0,INR,False,,2026-02-01,Pricelist -2026/HAFELE PRICELIST_MRP revision Eff 1st Feb 2026 (1).pdf,70,502.79.500
hafele,Häfele,502.79.501,False,Ecocenter – Perfect Recycling -2Bin 1,,,,SET,,19995.0,INR,False,,2026-02-01,Pricelist -2026/HAFELE PRICELIST_MRP revision Eff 1st Feb 2026 (1).pdf,70,502.79.501
hafele,Häfele,502.22.502,False,Built-In Sort & Go Mint|Grey (2 x 16 L =32L) 1,,,,SET,,16935.0,INR,False,,2026-02-01,Pricelist -2026/HAFELE PRICELIST_MRP revision Eff 1st Feb 2026 (1).pdf,70,502.22.502
hafele,Häfele,502.94.000,False,"Work Top Waste Bin, Capacity 11Litre. Stainless Steel / Bin Plastic Black 1",,,,PC,,31990.0,INR,False,,2026-02-01,Pricelist -2026/HAFELE PRICELIST_MRP revision Eff 1st Feb 2026 (1).pdf,70,502.94.000
hafele,Häfele,503.78.115,False,Wastebin Deluxe Bright Steel 15L 1,,,,PC,,10765.0,INR,False,,2026-02-01,Pricelist -2026/HAFELE PRICELIST_MRP revision Eff 1st Feb 2026 (1).pdf,70,503.78.115
hafele,Häfele,502.47.991,False,Bioboy 4.2L H170xw227xD172 Grey 1,,,,PC,,2790.0,INR,False,,2026-02-01,Pricelist -2026/HAFELE PRICELIST_MRP revision Eff 1st Feb 2026 (1).pdf,70,502.47.991
hafele,Häfele,503.32.593,False,Head on Extraction Holder(Capacity 15Kg+1Ltr) Plastic Graphite Grey 1,,,,PC,,10530.0,INR,False,,2026-02-01,Pricelist -2026/HAFELE PRICELIST_MRP revision Eff 1st Feb 2026 (1).pdf,70,503.32.593
hafele,Häfele,503.74.504,False,"Wasteboy Dustbin System for 400 mm Cabinet Width ,2x16 Lit,Plastic Dark Grey 1",400 mm,,,SET,,14325.0,INR,False,,2026-02-01,Pricelist -2026/HAFELE PRICELIST_MRP revision Eff 1st Feb 2026 (1).pdf,70,503.74.504
hafele,Häfele,549.30.293,False,Det. Rack Side Mount Chrome 300mm - with Soft Closing Runner 1,300mm,,,PC,,8445.0,INR,False,,2026-02-01,Pricelist -2026/HAFELE PRICELIST_MRP revision Eff 1st Feb 2026 (1).pdf,70,549.30.293
hafele,Häfele,549.35.271,False,"Bottom Mounted Detergent Rack, Suitable for Cabinet Width 400mm Baskets with Wire Bottom 1",400mm,,,SET,,25440.0,INR,False,,2026-02-01,Pricelist -2026/HAFELE PRICELIST_MRP revision Eff 1st Feb 2026 (1).pdf,70,549.35.271
hafele,Häfele,503.04.514,False,"450 mm Öko Liner Maxi, 2 Bins 2x21 Liters 1",450 mm,,,SET,,47630.0,INR,False,,2026-02-01,Pricelist -2026/HAFELE PRICELIST_MRP revision Eff 1st Feb 2026 (1).pdf,70,503.04.514
hafele,Häfele,503.04.508,False,"600 mm Öko Liner, 2 Bins 2x22 Liters 1",600 mm,,,SET,,46690.0,INR,False,,2026-02-01,Pricelist -2026/HAFELE PRICELIST_MRP revision Eff 1st Feb 2026 (1).pdf,70,503.04.508
hafele,Häfele,503.17.502,False,"450 mm Öko Liner xx, 2 Bins 2x35 Liters 1",450 mm,,,SET,,55860.0,INR,False,,2026-02-01,Pricelist -2026/HAFELE PRICELIST_MRP revision Eff 1st Feb 2026 (1).pdf,70,503.17.502
hafele,Häfele,503.04.950,False,VS - Envi Kick Pedal (For Hans Free Application to Be Used with Oko Liner) 1,,,,PC,,6470.0,INR,False,,2026-02-01,Pricelist -2026/HAFELE PRICELIST_MRP revision Eff 1st Feb 2026 (1).pdf,70,503.04.950
hafele,Häfele,502.90.510,False,Waste Bin 220 mm High 5.5 Lit Content Al 1,220 mm,,,PC,,3525.0,INR,False,,2026-02-01,Pricelist -2026/HAFELE PRICELIST_MRP revision Eff 1st Feb 2026 (1).pdf,70,502.90.510
hafele,Häfele,502.90.512,False,Waste Bin 220 mm High 12 Lit Content Alu 1,220 mm,,,PC,,5065.0,INR,False,,2026-02-01,Pricelist -2026/HAFELE PRICELIST_MRP revision Eff 1st Feb 2026 (1).pdf,70,502.90.512
hafele,Häfele,503.83.071,False,Newicon Free Standing Binplatinum 5L 1,,,,PC,,7705.0,INR,False,,2026-02-01,Pricelist -2026/HAFELE PRICELIST_MRP revision Eff 1st Feb 2026 (1).pdf,71,503.83.071
hafele,Häfele,503.83.073,False,Newicon Free Standing Binplatinum 12L 1,,,,PC,,9293.0,INR,False,,2026-02-01,Pricelist -2026/HAFELE PRICELIST_MRP revision Eff 1st Feb 2026 (1).pdf,71,503.83.073
hafele,Häfele,503.83.171,False,Newicon Freestanding Bin SS Finger Print Proof 5L 1,,,,PC,,8820.0,INR,False,,2026-02-01,Pricelist -2026/HAFELE PRICELIST_MRP revision Eff 1st Feb 2026 (1).pdf,71,503.83.171
hafele,Häfele,503.83.173,False,Newicon Freestanding Bin SS Finger Print Proof 12L 1,,,,PC,,13525.0,INR,False,,2026-02-01,Pricelist -2026/HAFELE PRICELIST_MRP revision Eff 1st Feb 2026 (1).pdf,71,503.83.173
hafele,Häfele,503.83.771,False,Newicon Freestanding Bin White 5L 1,,,,PC,,7705.0,INR,False,,2026-02-01,Pricelist -2026/HAFELE PRICELIST_MRP revision Eff 1st Feb 2026 (1).pdf,71,503.83.771
hafele,Häfele,503.83.773,False,Newicon Freestanding Bin White 12L 1,,,,PC,,9293.0,INR,False,,2026-02-01,Pricelist -2026/HAFELE PRICELIST_MRP revision Eff 1st Feb 2026 (1).pdf,71,503.83.773
hafele,Häfele,503.83.971,False,Newicon Freestanding Bin Red 5L 1,,,,PC,,6510.0,INR,False,,2026-02-01,Pricelist -2026/HAFELE PRICELIST_MRP revision Eff 1st Feb 2026 (1).pdf,71,503.83.971
hafele,Häfele,503.83.973,False,Newicon Freestanding Bin Red 12L 1,,,,PC,,10410.0,INR,False,,2026-02-01,Pricelist -2026/HAFELE PRICELIST_MRP revision Eff 1st Feb 2026 (1).pdf,71,503.83.973
hafele,Häfele,503.83.775,False,NewIcon Free Standing 20 L 1,,,,PC,,12940.0,INR,False,,2026-02-01,Pricelist -2026/HAFELE PRICELIST_MRP revision Eff 1st Feb 2026 (1).pdf,71,503.83.775
hafele,Häfele,502.22.090,False,Sort&Go Wastebin Mint 6L 1,,,,PC,,3780.0,INR,False,,2026-02-01,Pricelist -2026/HAFELE PRICELIST_MRP revision Eff 1st Feb 2026 (1).pdf,71,502.22.090
hafele,Häfele,502.22.091,False,Sort&Go Wastebin Mint 12L 1,,,,PC,,4940.0,INR,False,,2026-02-01,Pricelist -2026/HAFELE PRICELIST_MRP revision Eff 1st Feb 2026 (1).pdf,71,502.22.091
hafele,Häfele,502.22.590,False,Sort&Go Wastebin Grey 6L 1,,,,PC,,4235.0,INR,False,,2026-02-01,Pricelist -2026/HAFELE PRICELIST_MRP revision Eff 1st Feb 2026 (1).pdf,71,502.22.590
hafele,Häfele,502.22.591,False,Sort&Go Wastebin Grey 12L 1,,,,PC,,4940.0,INR,False,,2026-02-01,Pricelist -2026/HAFELE PRICELIST_MRP revision Eff 1st Feb 2026 (1).pdf,71,502.22.591
hafele,Häfele,502.22.592,False,Sort&Go Wastebin Grey 16L 1,,,,PC,,6175.0,INR,False,,2026-02-01,Pricelist -2026/HAFELE PRICELIST_MRP revision Eff 1st Feb 2026 (1).pdf,71,502.22.592
hafele,Häfele,503.83.364,False,Bo Bin - 11x23L Matt Black 1,,,,PC,,50805.0,INR,False,,2026-02-01,Pricelist -2026/HAFELE PRICELIST_MRP revision Eff 1st Feb 2026 (1).pdf,72,503.83.364
hafele,Häfele,503.83.864,False,Bo Bin - 11x23L Mineral Golden Beach 1,,,,PC,,43155.0,INR,False,,2026-02-01,Pricelist -2026/HAFELE PRICELIST_MRP revision Eff 1st Feb 2026 (1).pdf,72,503.83.864
hafele,Häfele,544.07.071,False,"Dish Rack for Cabinet Width 450mm, SS and Plastic 1",450mm,,,PC,,23835.0,INR,False,,2026-02-01,Pricelist -2026/HAFELE PRICELIST_MRP revision Eff 1st Feb 2026 (1).pdf,72,544.07.071
hafele,Häfele,544.07.073,False,"Dish Rack for Cabinet Width 600mm, SS and Plastic 1",600mm,,,PC,,25560.0,INR,False,,2026-02-01,Pricelist -2026/HAFELE PRICELIST_MRP revision Eff 1st Feb 2026 (1).pdf,72,544.07.073
hafele,Häfele,544.07.083,False,"Dish Rack for Cabinet Width 600mm, SS and Plastic 1",600mm,,,PC,,17290.0,INR,False,,2026-02-01,Pricelist -2026/HAFELE PRICELIST_MRP revision Eff 1st Feb 2026 (1).pdf,72,544.07.083
hafele,Häfele,544.07.086,False,"Dish Rack for Cabinet Width 900mm, SS and Plastic 1",900mm,,,PC,,19145.0,INR,False,,2026-02-01,Pricelist -2026/HAFELE PRICELIST_MRP revision Eff 1st Feb 2026 (1).pdf,72,544.07.086
hafele,Häfele,544.07.093,False,"Dish Rack for Cabinet Width 600mm, SS and Plastic 1",600mm,,,PC,,14450.0,INR,False,,2026-02-01,Pricelist -2026/HAFELE PRICELIST_MRP revision Eff 1st Feb 2026 (1).pdf,72,544.07.093
hafele,Häfele,544.07.096,False,"Dish Rack for Cabinet Width 900mm, SS and Plastic 1",900mm,,,PC,,18775.0,INR,False,,2026-02-01,Pricelist -2026/HAFELE PRICELIST_MRP revision Eff 1st Feb 2026 (1).pdf,72,544.07.096
hafele,Häfele,544.00.253,False,Wall Unit Plate|Glass Org Chrome 600 mm 1,600 mm,,,SET,,9410.0,INR,False,,2026-02-01,Pricelist -2026/HAFELE PRICELIST_MRP revision Eff 1st Feb 2026 (1).pdf,73,544.00.253
hafele,Häfele,544.00.256,False,Wall Unit Plate|Glass Org Chrome 900 mm 1,900 mm,,,SET,,12940.0,INR,False,,2026-02-01,Pricelist -2026/HAFELE PRICELIST_MRP revision Eff 1st Feb 2026 (1).pdf,73,544.00.256
hafele,Häfele,808.90.091,False,"Self Adhesive Worktop Protector Rod Water Proof, Heat Proof & Detergent Proof, Length 450mm. (6pcs in 1 Set) 1",450mm,,,SET,,9530.0,INR,False,,2026-02-01,Pricelist -2026/HAFELE PRICELIST_MRP revision Eff 1st Feb 2026 (1).pdf,73,808.90.091
hafele,Häfele,521.86.000,False,Wall Hanging Track -Stainless Steel Optic W600xD20xL18 1,,,,PC,,7410.0,INR,False,,2026-02-01,Pricelist -2026/HAFELE PRICELIST_MRP revision Eff 1st Feb 2026 (1).pdf,73,521.86.000
hafele,Häfele,521.86.001,False,Wall Hanging Track Stainless Steel Optic W1200xD20xL18 1,,,,PC,,9645.0,INR,False,,2026-02-01,Pricelist -2026/HAFELE PRICELIST_MRP revision Eff 1st Feb 2026 (1).pdf,73,521.86.001
hafele,Häfele,521.86.002,False,Wall Hanging Track Stainless Steel Optic W1500xD20xL18 1,,,,PC,,11115.0,INR,False,,2026-02-01,Pricelist -2026/HAFELE PRICELIST_MRP revision Eff 1st Feb 2026 (1).pdf,73,521.86.002
hafele,Häfele,521.86.003,False,Wall Hanging Track-Stainless Steel Optic W1800xD20xL18 1,,,,PC,,12350.0,INR,False,,2026-02-01,Pricelist -2026/HAFELE PRICELIST_MRP revision Eff 1st Feb 2026 (1).pdf,73,521.86.003
hafele,Häfele,521.87.000,False,Multi Purpose Rack-Stainless Steel Optic / Acp in White- W485xD80xL90 1,,,,PC,,15525.0,INR,False,,2026-02-01,Pricelist -2026/HAFELE PRICELIST_MRP revision Eff 1st Feb 2026 (1).pdf,73,521.87.000
hafele,Häfele,521.87.091,False,Multi Purpose Rack + 6 Nos. Glass Oil/Vinegar/Sauce Dispeners - Stainless Steel Optic / Acp in White / Glass W485xD80xL90 1,,,,PC,,28110.0,INR,False,,2026-02-01,Pricelist -2026/HAFELE PRICELIST_MRP revision Eff 1st Feb 2026 (1).pdf,73,521.87.091
hafele,Häfele,521.87.420,False,Shelf with Storage Boxes (2 Nos.) - Stainless Steel Optic / Oak W485xD80xL105 1,,,,PC,,42925.0,INR,False,,2026-02-01,Pricelist -2026/HAFELE PRICELIST_MRP revision Eff 1st Feb 2026 (1).pdf,73,521.87.420
hafele,Häfele,521.87.432,False,Paper Towel Holder -Stainless Steel Optic / Oak W390xD80xL90 1,,,,PC,,19405.0,INR,False,,2026-02-01,Pricelist -2026/HAFELE PRICELIST_MRP revision Eff 1st Feb 2026 (1).pdf,73,521.87.432
hafele,Häfele,521.87.050,False,Towel Rail -Stainless Steel Optic- W485xD80xL40 1,,,,PC,,12115.0,INR,False,,2026-02-01,Pricelist -2026/HAFELE PRICELIST_MRP revision Eff 1st Feb 2026 (1).pdf,73,521.87.050
hafele,Häfele,521.87.060,False,Multi Hooks -Stainless Steel Optic W485xD80xL35 1,,,,PC,,9060.0,INR,False,,2026-02-01,Pricelist -2026/HAFELE PRICELIST_MRP revision Eff 1st Feb 2026 (1).pdf,73,521.87.060
hafele,Häfele,521.87.070,False,Hook -Stainless Steel Optic / Oak W30xD40xL20 1,,,,PC,,3885.0,INR,False,,2026-02-01,Pricelist -2026/HAFELE PRICELIST_MRP revision Eff 1st Feb 2026 (1).pdf,73,521.87.070
hafele,Häfele,521.87.090,False,Spice Can Holder -Stainless Steel Optic / Stainless Steel W485xD80xL61.5 1,,,,PC,,30815.0,INR,False,,2026-02-01,Pricelist -2026/HAFELE PRICELIST_MRP revision Eff 1st Feb 2026 (1).pdf,73,521.87.090
hafele,Häfele,521.88.400,False,Cutting Board- Oak/Stainless Steel Optic W360xD30xL240 1,,,,PC,,20345.0,INR,False,,2026-02-01,Pricelist -2026/HAFELE PRICELIST_MRP revision Eff 1st Feb 2026 (1).pdf,73,521.88.400
hafele,Häfele,547.92.779,False,"Skido Line, White, 1000mm x 1440mm x 1.2mm 1",1000mm,,,PC,,4130.0,INR,False,,2026-02-01,Pricelist -2026/HAFELE PRICELIST_MRP revision Eff 1st Feb 2026 (1).pdf,74,547.92.779
hafele,Häfele,547.94.464,False,"Skido Krital, Black, 500mm x 1440mm x 1.2mm 1",500mm,,,PC,,2965.0,INR,False,,2026-02-01,Pricelist -2026/HAFELE PRICELIST_MRP revision Eff 1st Feb 2026 (1).pdf,74,547.94.464
hafele,Häfele,547.94.674,False,"Skido Canvas, Basalt Grey, 500mm x 1440mm x 1.2mm 1",500mm,,,PC,,3395.0,INR,False,,2026-02-01,Pricelist -2026/HAFELE PRICELIST_MRP revision Eff 1st Feb 2026 (1).pdf,74,547.94.674
hafele,Häfele,547.90.284,False,"Skido Tex, Stone Grey, 500mm x 1440mm x 1.1mm 1",500mm,,,PC,,2285.0,INR,False,,2026-02-01,Pricelist -2026/HAFELE PRICELIST_MRP revision Eff 1st Feb 2026 (1).pdf,74,547.90.284
hafele,Häfele,547.92.414,False,"Skido Solid, White , 500mm x 1440mm x 1.3mm 1",500mm,,,PC,,1790.0,INR,False,,2026-02-01,Pricelist -2026/HAFELE PRICELIST_MRP revision Eff 1st Feb 2026 (1).pdf,74,547.92.414
hafele,Häfele,547.97.539,False,"Skido Bubble, Alu Grey, 1550mm x 1.2mm 1",1550mm,,,MTR,,3060.0,INR,False,,2026-02-01,Pricelist -2026/HAFELE PRICELIST_MRP revision Eff 1st Feb 2026 (1).pdf,74,547.97.539
hafele,Häfele,547.94.384,False,"Skido Flock, Anthracite, 500mm x 1440mm x 1.3mm 1",500mm,,,PC,,7660.0,INR,False,,2026-02-01,Pricelist -2026/HAFELE PRICELIST_MRP revision Eff 1st Feb 2026 (1).pdf,74,547.94.384
hafele,Häfele,547.91.003,False,"Aqua-Non Sink Mat Alu Metallic, 2000 x 580 x 2.2mm Sb Material 1",2.2mm,,,PC,,10435.0,INR,False,,2026-02-01,Pricelist -2026/HAFELE PRICELIST_MRP revision Eff 1st Feb 2026 (1).pdf,74,547.91.003
hafele,Häfele,547.91.903,False,"Aqua-Non Mat for Sink Unit with Stainless Steel Foil Alu Metallic, 2000 x 580 x 2.2mm Sb Material 1",2.2mm,,,PC,,10190.0,INR,False,,2026-02-01,Pricelist -2026/HAFELE PRICELIST_MRP revision Eff 1st Feb 2026 (1).pdf,74,547.91.903
hafele,Häfele,547.91.803,False,"Sink Protection Aqua-Non White (2.000 +/-1 x 580 +/-1 x 2,2 mm) 1",2 mm,,,PC,,7660.0,INR,False,,2026-02-01,Pricelist -2026/HAFELE PRICELIST_MRP revision Eff 1st Feb 2026 (1).pdf,74,547.91.803
hafele,Häfele,547.91.008,False,"Aqua Wall Unit Mat, White with SS Foil, 563mm x 300mm x 2.2mm 1",563mm,,,PC,,1670.0,INR,False,,2026-02-01,Pricelist -2026/HAFELE PRICELIST_MRP revision Eff 1st Feb 2026 (1).pdf,74,547.91.008
hafele,Häfele,547.91.009,False,"Aqua Wall Unit Mat, White with SS Foil, 863mm x 300mm x 2.2mm 1",863mm,,,PC,,2535.0,INR,False,,2026-02-01,Pricelist -2026/HAFELE PRICELIST_MRP revision Eff 1st Feb 2026 (1).pdf,74,547.91.009
hafele,Häfele,713.55.323,False,Skirting 100mm Dark Bronze 3000mm 1,100mm,,,PC,,2350.0,INR,False,,2026-02-01,Pricelist -2026/HAFELE PRICELIST_MRP revision Eff 1st Feb 2026 (1).pdf,75,713.55.323
hafele,Häfele,713.57.323,False,Skirting 150mm Dark Bronze 3000mm 1,150mm,,,PC,,3275.0,INR,False,,2026-02-01,Pricelist -2026/HAFELE PRICELIST_MRP revision Eff 1st Feb 2026 (1).pdf,75,713.57.323
hafele,Häfele,713.55.523,False,Skirting 100mm Graphite 3000mm 1,100mm,,,PC,,2535.0,INR,False,,2026-02-01,Pricelist -2026/HAFELE PRICELIST_MRP revision Eff 1st Feb 2026 (1).pdf,75,713.55.523
hafele,Häfele,713.55.423,False,Skirting 100mm Rose Gold 3000mm 1,100mm,,,PC,,2535.0,INR,False,,2026-02-01,Pricelist -2026/HAFELE PRICELIST_MRP revision Eff 1st Feb 2026 (1).pdf,75,713.55.423
hafele,Häfele,713.55.623,False,Skirting 100mm Gold 3000mm 1,100mm,,,PC,,2535.0,INR,False,,2026-02-01,Pricelist -2026/HAFELE PRICELIST_MRP revision Eff 1st Feb 2026 (1).pdf,75,713.55.623
hafele,Häfele,713.55.923,False,Skirting 100mm Silver 3000mm 1,100mm,,,PC,,2535.0,INR,False,,2026-02-01,Pricelist -2026/HAFELE PRICELIST_MRP revision Eff 1st Feb 2026 (1).pdf,75,713.55.923
hafele,Häfele,713.55.823,False,Skirting 100mm Aluminium Mirror 3000mm 1,100mm,,,PC,,4820.0,INR,False,,2026-02-01,Pricelist -2026/HAFELE PRICELIST_MRP revision Eff 1st Feb 2026 (1).pdf,75,713.55.823
hafele,Häfele,713.55.330,False,Adjustable Angle Connector for 100mm Dark Bronze Skirting 1,100mm,,,PC,,660.0,INR,False,,2026-02-01,Pricelist -2026/HAFELE PRICELIST_MRP revision Eff 1st Feb 2026 (1).pdf,75,713.55.330
hafele,Häfele,713.57.330,False,Adjustable Angle Connector for 150mm Dark Bronze Skirting 1,150mm,,,PC,,780.0,INR,False,,2026-02-01,Pricelist -2026/HAFELE PRICELIST_MRP revision Eff 1st Feb 2026 (1).pdf,75,713.57.330
hafele,Häfele,713.55.530,False,Adjustable Angle Connector for 100mm Graphite Skirting 1,100mm,,,PC,,660.0,INR,False,,2026-02-01,Pricelist -2026/HAFELE PRICELIST_MRP revision Eff 1st Feb 2026 (1).pdf,75,713.55.530
hafele,Häfele,713.55.430,False,Adjustable Angle Connector for 100mm Rose Gold Skirting 1,100mm,,,PC,,660.0,INR,False,,2026-02-01,Pricelist -2026/HAFELE PRICELIST_MRP revision Eff 1st Feb 2026 (1).pdf,75,713.55.430
hafele,Häfele,713.55.630,False,Adjustable Angle Connector for 100mm Gold Skirting 1,100mm,,,PC,,660.0,INR,False,,2026-02-01,Pricelist -2026/HAFELE PRICELIST_MRP revision Eff 1st Feb 2026 (1).pdf,75,713.55.630
hafele,Häfele,713.55.230,False,Adjustable Angle Connector for 100mm Silver Skirting 1,100mm,,,PC,,660.0,INR,False,,2026-02-01,Pricelist -2026/HAFELE PRICELIST_MRP revision Eff 1st Feb 2026 (1).pdf,75,713.55.230
hafele,Häfele,713.55.830,False,Adjustable Angle Connector for 100mm Aluminium Mirror Skirting 1,100mm,,,PC,,855.0,INR,False,,2026-02-01,Pricelist -2026/HAFELE PRICELIST_MRP revision Eff 1st Feb 2026 (1).pdf,75,713.55.830
hafele,Häfele,713.55.360,False,90° Two Side Connector for 100mm Dark Bronze Skirting 1,100mm,,,PC,,290.0,INR,False,,2026-02-01,Pricelist -2026/HAFELE PRICELIST_MRP revision Eff 1st Feb 2026 (1).pdf,75,713.55.360
hafele,Häfele,713.57.360,False,90° Two Side Connector for 150mm Dark Bronze Skirting 1,150mm,,,PC,,460.0,INR,False,,2026-02-01,Pricelist -2026/HAFELE PRICELIST_MRP revision Eff 1st Feb 2026 (1).pdf,75,713.57.360
hafele,Häfele,713.55.560,False,90° Two Side Connector for 100mm Graphite Skirting 1,100mm,,,PC,,290.0,INR,False,,2026-02-01,Pricelist -2026/HAFELE PRICELIST_MRP revision Eff 1st Feb 2026 (1).pdf,75,713.55.560
hafele,Häfele,713.55.460,False,90° Two Side Connector for 100mm Rose Gold Skirting 1,100mm,,,PC,,290.0,INR,False,,2026-02-01,Pricelist -2026/HAFELE PRICELIST_MRP revision Eff 1st Feb 2026 (1).pdf,75,713.55.460
hafele,Häfele,713.55.660,False,90° Two Side Connector for 100mm Gold Skirting 1,100mm,,,PC,,290.0,INR,False,,2026-02-01,Pricelist -2026/HAFELE PRICELIST_MRP revision Eff 1st Feb 2026 (1).pdf,75,713.55.660
hafele,Häfele,713.55.960,False,90° Two Side Connector for 100mm Silver Skirting 1,100mm,,,PC,,290.0,INR,False,,2026-02-01,Pricelist -2026/HAFELE PRICELIST_MRP revision Eff 1st Feb 2026 (1).pdf,75,713.55.960
hafele,Häfele,713.55.861,False,90° One Side Connector for 100mm Aluminium Mirror Skirting 1,100mm,,,PC,,320.0,INR,False,,2026-02-01,Pricelist -2026/HAFELE PRICELIST_MRP revision Eff 1st Feb 2026 (1).pdf,75,713.55.861
hafele,Häfele,637.87.322,False,Plinth Leg 100mm for Triangular Base 1,100mm,,,PC,,56.0,INR,False,,2026-02-01,Pricelist -2026/HAFELE PRICELIST_MRP revision Eff 1st Feb 2026 (1).pdf,75,637.87.322
hafele,Häfele,637.87.324,False,Plinth Leg 150mm for Triangular Base 1,150mm,,,PC,,68.0,INR,False,,2026-02-01,Pricelist -2026/HAFELE PRICELIST_MRP revision Eff 1st Feb 2026 (1).pdf,75,637.87.324
hafele,Häfele,637.87.340,False,Triangular Base 1,,,,PC,,62.0,INR,False,,2026-02-01,Pricelist -2026/HAFELE PRICELIST_MRP revision Eff 1st Feb 2026 (1).pdf,75,637.87.340
hafele,Häfele,637.29.751,False,Plinth Leg 100mm with Round Base 1,100mm,,,PC,,62.0,INR,False,,2026-02-01,Pricelist -2026/HAFELE PRICELIST_MRP revision Eff 1st Feb 2026 (1).pdf,75,637.29.751
hafele,Häfele,637.29.730,False,Plinth Leg 150mm with Round Base 1,150mm,,,PC,,68.0,INR,False,,2026-02-01,Pricelist -2026/HAFELE PRICELIST_MRP revision Eff 1st Feb 2026 (1).pdf,75,637.29.730
hafele,Häfele,637.27.384,False,Blink Magnetic Connector 1,,,,PC,,780.0,INR,False,,2026-02-01,Pricelist -2026/HAFELE PRICELIST_MRP revision Eff 1st Feb 2026 (1).pdf,76,637.27.384
hafele,Häfele,637.87.330,False,Standard Clip 1,,,,PC,,21.0,INR,False,,2026-02-01,Pricelist -2026/HAFELE PRICELIST_MRP revision Eff 1st Feb 2026 (1).pdf,76,637.87.330
hafele,Häfele,571.83.100,False,"Ventilation Grill Dark Bronze (W:391mm, H:65mm, T:12.5mm) 1",391mm,,,PC,,1240.0,INR,False,,2026-02-01,Pricelist -2026/HAFELE PRICELIST_MRP revision Eff 1st Feb 2026 (1).pdf,76,571.83.100
hafele,Häfele,571.83.300,False,"Ventilation Grill Graphite (W:391mm, H:65mm, T:12.5mm) 1",391mm,,,PC,,1240.0,INR,False,,2026-02-01,Pricelist -2026/HAFELE PRICELIST_MRP revision Eff 1st Feb 2026 (1).pdf,76,571.83.300
hafele,Häfele,571.83.000,False,"Ventilation Grill Rose Gold (W:391mm, H:65mm, T:12.5mm) 1",391mm,,,PC,,1240.0,INR,False,,2026-02-01,Pricelist -2026/HAFELE PRICELIST_MRP revision Eff 1st Feb 2026 (1).pdf,76,571.83.000
hafele,Häfele,571.83.800,False,"Ventilation Grill Gold (W:391mm, H:65mm, T:12.5mm) 1",391mm,,,PC,,1240.0,INR,False,,2026-02-01,Pricelist -2026/HAFELE PRICELIST_MRP revision Eff 1st Feb 2026 (1).pdf,76,571.83.800
hafele,Häfele,571.83.900,False,"Ventilation Grill Silver (W:391mm, H:65mm, T:12.5mm) 1",391mm,,,PC,,395.0,INR,False,,2026-02-01,Pricelist -2026/HAFELE PRICELIST_MRP revision Eff 1st Feb 2026 (1).pdf,76,571.83.900
hafele,Häfele,442.84.910,False,PVC Roller Shutter 600X1350 mm Silver 1,,,,SET,,26700.0,INR,False,,2026-02-01,Pricelist -2026/HAFELE PRICELIST_MRP revision Eff 1st Feb 2026 (1).pdf,76,442.84.910
hafele,Häfele,442.84.911,False,PVC Roller Shutter 900X1350 mm Silver 1,,,,SET,,33500.0,INR,False,,2026-02-01,Pricelist -2026/HAFELE PRICELIST_MRP revision Eff 1st Feb 2026 (1).pdf,76,442.84.911
hafele,Häfele,442.84.912,False,PVC Roller Shutter 600X1350 mm Metallic Aluminium 1,,,,SET,,34550.0,INR,False,,2026-02-01,Pricelist -2026/HAFELE PRICELIST_MRP revision Eff 1st Feb 2026 (1).pdf,76,442.84.912
hafele,Häfele,442.84.913,False,PVC Roller Shutter 900X1350 mm Metallic Aluminium 1,,,,SET,,45900.0,INR,False,,2026-02-01,Pricelist -2026/HAFELE PRICELIST_MRP revision Eff 1st Feb 2026 (1).pdf,76,442.84.913
hafele,Häfele,443.20.490,False,Roller Shutter Glass Frosted  600X1500 mm 1,,,,SET,,111500.0,INR,False,,2026-02-01,Pricelist -2026/HAFELE PRICELIST_MRP revision Eff 1st Feb 2026 (1).pdf,76,443.20.490
hafele,Häfele,443.20.491,False,Roller Shutter Glass Frosted 900X1500 mm 1,,,,SET,,120800.0,INR,False,,2026-02-01,Pricelist -2026/HAFELE PRICELIST_MRP revision Eff 1st Feb 2026 (1).pdf,76,443.20.491
hafele,Häfele,443.20.492,False,Roller Shutter Glass Black 600X1500mm 1,,,,SET,,111500.0,INR,False,,2026-02-01,Pricelist -2026/HAFELE PRICELIST_MRP revision Eff 1st Feb 2026 (1).pdf,76,443.20.492
hafele,Häfele,443.20.493,False,Roller Shutter Glass Black 900X1500mm 1,,,,SET,,120800.0,INR,False,,2026-02-01,Pricelist -2026/HAFELE PRICELIST_MRP revision Eff 1st Feb 2026 (1).pdf,76,443.20.493
hafele,Häfele,443.20.494,False,Roller Shutter Glass White 600X1500mm 1,,,,SET,,111500.0,INR,False,,2026-02-01,Pricelist -2026/HAFELE PRICELIST_MRP revision Eff 1st Feb 2026 (1).pdf,76,443.20.494
hafele,Häfele,443.20.495,False,Roller Shutter Glass White 900X1500mm 1,,,,SET,,120800.0,INR,False,,2026-02-01,Pricelist -2026/HAFELE PRICELIST_MRP revision Eff 1st Feb 2026 (1).pdf,76,443.20.495
hafele,Häfele,116.10.051,False,"Furniture Handle, Size  8mm / 96mm C/C , Finish SS Matt 1",8mm,,,PC,,145.0,INR,False,,2026-02-01,Pricelist -2026/HAFELE PRICELIST_MRP revision Eff 1st Feb 2026 (1).pdf,77,116.10.051
hafele,Häfele,116.10.052,False,"Furniture Handle, Size  8mm / 128mm C/C , Finish SS Matt 1",8mm,,,PC,,168.0,INR,False,,2026-02-01,Pricelist -2026/HAFELE PRICELIST_MRP revision Eff 1st Feb 2026 (1).pdf,77,116.10.052
hafele,Häfele,116.10.053,False,"Furniture Handle, Size  8mm / 160mm C/C , Finish SS Matt 1",8mm,,,PC,,182.0,INR,False,,2026-02-01,Pricelist -2026/HAFELE PRICELIST_MRP revision Eff 1st Feb 2026 (1).pdf,77,116.10.053
hafele,Häfele,116.10.055,False,"Furniture Handle, Size  8mm / 224mm C/C , Finish SS Matt 1",8mm,,,PC,,250.0,INR,False,,2026-02-01,Pricelist -2026/HAFELE PRICELIST_MRP revision Eff 1st Feb 2026 (1).pdf,77,116.10.055
hafele,Häfele,117.40.051,False,"Furniture Handle, Size  10mm / 96mm C/C , Finish SS Matt 1",10mm,,,PC,,191.0,INR,False,,2026-02-01,Pricelist -2026/HAFELE PRICELIST_MRP revision Eff 1st Feb 2026 (1).pdf,77,117.40.051
hafele,Häfele,117.40.052,False,"Furniture Handle, Size  10mm / 128mm   C/C , Finish SS Matt 1",10mm,,,PC,,228.0,INR,False,,2026-02-01,Pricelist -2026/HAFELE PRICELIST_MRP revision Eff 1st Feb 2026 (1).pdf,77,117.40.052
hafele,Häfele,117.40.053,False,"Furniture Handle, Size  10mm / 160mm C/C , Finish SS Matt 1",10mm,,,PC,,245.0,INR,False,,2026-02-01,Pricelist -2026/HAFELE PRICELIST_MRP revision Eff 1st Feb 2026 (1).pdf,77,117.40.053
hafele,Häfele,117.40.055,False,"Furniture Handle, Size  10mm / 224mm C/C , Finish SS Matt 1",10mm,,,PC,,304.0,INR,False,,2026-02-01,Pricelist -2026/HAFELE PRICELIST_MRP revision Eff 1st Feb 2026 (1).pdf,77,117.40.055
hafele,Häfele,115.77.051,False,"Furniture Handle, Size  10mm / 96mm C/C , Finish SS Matt 1",10mm,,,PC,,312.0,INR,False,,2026-02-01,Pricelist -2026/HAFELE PRICELIST_MRP revision Eff 1st Feb 2026 (1).pdf,77,115.77.051
hafele,Häfele,115.77.053,False,"Furniture Handle, Size  10mm / 160mm C/C , Finish SS Matt 1",10mm,,,PC,,374.0,INR,False,,2026-02-01,Pricelist -2026/HAFELE PRICELIST_MRP revision Eff 1st Feb 2026 (1).pdf,77,115.77.053
hafele,Häfele,115.95.005,False,"Furniture Handle, Size  10Rdx10Sq /224mm C/C , Finish SS Matt 1",224mm,,,PC,,574.0,INR,False,,2026-02-01,Pricelist -2026/HAFELE PRICELIST_MRP revision Eff 1st Feb 2026 (1).pdf,77,115.95.005
hafele,Häfele,115.95.008,False,"Furniture Handle, Size  10Rdx10Sq /320mm C/C , Finish SS Matt 1",320mm,,,PC,,710.0,INR,False,,2026-02-01,Pricelist -2026/HAFELE PRICELIST_MRP revision Eff 1st Feb 2026 (1).pdf,77,115.95.008
hafele,Häfele,115.39.008,False,"Furniture Handle, Size  10X10 / 320mm  C/C , Finish SS Matt 1",320mm,,,PC,,749.0,INR,False,,2026-02-01,Pricelist -2026/HAFELE PRICELIST_MRP revision Eff 1st Feb 2026 (1).pdf,77,115.39.008
hafele,Häfele,100.68.001,False,"Furniture Handle, Size  12X6mm Sq / 96mm C/C , Finish SS Matt 1",96mm,,,PC,,416.0,INR,False,,2026-02-01,Pricelist -2026/HAFELE PRICELIST_MRP revision Eff 1st Feb 2026 (1).pdf,77,100.68.001
hafele,Häfele,100.68.002,False,"Furniture Handle, Size  12X6mm Sq /128mm C/C , Finish SS Matt 1",128mm,,,PC,,467.0,INR,False,,2026-02-01,Pricelist -2026/HAFELE PRICELIST_MRP revision Eff 1st Feb 2026 (1).pdf,77,100.68.002
hafele,Häfele,100.68.003,False,"Furniture Handle, Size  12X6mm Sq /160mm C/C , Finish SS Matt 1",160mm,,,PC,,521.0,INR,False,,2026-02-01,Pricelist -2026/HAFELE PRICELIST_MRP revision Eff 1st Feb 2026 (1).pdf,77,100.68.003
hafele,Häfele,100.68.005,False,"Furniture Handle, Size  12X6mm Sq /224mm C/C , Finish SS Matt 1",224mm,,,PC,,627.0,INR,False,,2026-02-01,Pricelist -2026/HAFELE PRICELIST_MRP revision Eff 1st Feb 2026 (1).pdf,77,100.68.005
hafele,Häfele,100.68.008,False,"Furniture Handle, Size  12X6mm Sq /320mm C/C , Finish SS Matt 1",320mm,,,PC,,785.0,INR,False,,2026-02-01,Pricelist -2026/HAFELE PRICELIST_MRP revision Eff 1st Feb 2026 (1).pdf,77,100.68.008
hafele,Häfele,100.69.001,False,"Furniture Handle, Size  10mm / 96mm  C/C , Finish SS Matt 1",10mm,,,PC,,227.0,INR,False,,2026-02-01,Pricelist -2026/HAFELE PRICELIST_MRP revision Eff 1st Feb 2026 (1).pdf,77,100.69.001
hafele,Häfele,100.69.002,False,"Furniture Handle, Size  10mm / 128mm  C/C , Finish SS Matt 1",10mm,,,PC,,264.0,INR,False,,2026-02-01,Pricelist -2026/HAFELE PRICELIST_MRP revision Eff 1st Feb 2026 (1).pdf,77,100.69.002
hafele,Häfele,100.69.003,False,"Furniture Handle, Size  10mm / 160mm  C/C , Finish SS Matt 1",10mm,,,PC,,320.0,INR,False,,2026-02-01,Pricelist -2026/HAFELE PRICELIST_MRP revision Eff 1st Feb 2026 (1).pdf,77,100.69.003
hafele,Häfele,100.69.005,False,"Furniture Handle, Size  10mm / 224mm  C/C , Finish SS Matt 1",10mm,,,PC,,413.0,INR,False,,2026-02-01,Pricelist -2026/HAFELE PRICELIST_MRP revision Eff 1st Feb 2026 (1).pdf,77,100.69.005
hafele,Häfele,101.20.071,False,"Furniture Handle, Size  10mm / 96mm  C/C , Finish SS Matt 1",10mm,,,PC,,253.0,INR,False,,2026-02-01,Pricelist -2026/HAFELE PRICELIST_MRP revision Eff 1st Feb 2026 (1).pdf,77,101.20.071
hafele,Häfele,101.20.072,False,"Furniture Handle, Size  10mm / 128mm  C/C , Finish SS Matt 1",10mm,,,PC,,284.0,INR,False,,2026-02-01,Pricelist -2026/HAFELE PRICELIST_MRP revision Eff 1st Feb 2026 (1).pdf,77,101.20.072
hafele,Häfele,101.20.073,False,"Furniture Handle, Size  10mm / 160mm  C/C , Finish SS Matt 1",10mm,,,PC,,345.0,INR,False,,2026-02-01,Pricelist -2026/HAFELE PRICELIST_MRP revision Eff 1st Feb 2026 (1).pdf,77,101.20.073
hafele,Häfele,101.20.075,False,"Furniture Handle, Size  10mm / 224mm  C/C , Finish SS Matt 1",10mm,,,PC,,402.0,INR,False,,2026-02-01,Pricelist -2026/HAFELE PRICELIST_MRP revision Eff 1st Feb 2026 (1).pdf,77,101.20.075
hafele,Häfele,101.20.078,False,"Furniture Handle, Size  10mm / 320mm  C/C , Finish SS Matt 1",10mm,,,PC,,571.0,INR,False,,2026-02-01,Pricelist -2026/HAFELE PRICELIST_MRP revision Eff 1st Feb 2026 (1).pdf,77,101.20.078
hafele,Häfele,115.68.004,False,"Furniture Handle, Size  10X10mm, 192mm  C/C , Finish SS Matt 1",192mm,,,PC,,1400.0,INR,False,,2026-02-01,Pricelist -2026/HAFELE PRICELIST_MRP revision Eff 1st Feb 2026 (1).pdf,77,115.68.004
hafele,Häfele,115.68.008,False,"Furniture Handle, Size  10X10mm, 320mm  C/C , Finish SS Matt 1",320mm,,,PC,,1670.0,INR,False,,2026-02-01,Pricelist -2026/HAFELE PRICELIST_MRP revision Eff 1st Feb 2026 (1).pdf,77,115.68.008
hafele,Häfele,115.68.014,False,"Furniture Handle, Size  10X10mm, 640mm  C/C , Finish SS Matt 1",640mm,,,PC,,2364.0,INR,False,,2026-02-01,Pricelist -2026/HAFELE PRICELIST_MRP revision Eff 1st Feb 2026 (1).pdf,77,115.68.014
hafele,Häfele,115.46.002,False,"Furniture Handle, Size  25X12mm, 128mm  C/C , Finish SS Matt 1",128mm,,,PC,,735.0,INR,False,,2026-02-01,Pricelist -2026/HAFELE PRICELIST_MRP revision Eff 1st Feb 2026 (1).pdf,77,115.46.002
hafele,Häfele,115.46.008,False,"Furniture Handle, Size  25X12mm, 320mm  C/C , Finish SS Matt 1",320mm,,,PC,,1260.0,INR,False,,2026-02-01,Pricelist -2026/HAFELE PRICELIST_MRP revision Eff 1st Feb 2026 (1).pdf,77,115.46.008
hafele,Häfele,115.46.014,False,"Furniture Handle, Size  25X12mm, 640mm  C/C , Finish SS Matt 1",640mm,,,PC,,1780.0,INR,False,,2026-02-01,Pricelist -2026/HAFELE PRICELIST_MRP revision Eff 1st Feb 2026 (1).pdf,77,115.46.014
hafele,Häfele,109.85.034,False,"Dia 14 mm, Stainless Steel Matt Hollow Bar Handle, C/C 96 mm, Stainless Steel Matt 1",14 mm,,,PC,,577.0,INR,False,,2026-02-01,Pricelist -2026/HAFELE PRICELIST_MRP revision Eff 1st Feb 2026 (1).pdf,77,109.85.034
hafele,Häfele,109.85.036,False,"Dia 14 mm, Stainless Steel Matt Hollow Bar Handle, C/C 160 mm, Stainless Steel Matt 1",14 mm,,,PC,,630.0,INR,False,,2026-02-01,Pricelist -2026/HAFELE PRICELIST_MRP revision Eff 1st Feb 2026 (1).pdf,77,109.85.036
hafele,Häfele,109.85.038,False,"Dia 14 mm, Stainless Steel Matt Hollow Bar Handle, C/C 224 mm, Stainless Steel Matt 1",14 mm,,,PC,,709.0,INR,False,,2026-02-01,Pricelist -2026/HAFELE PRICELIST_MRP revision Eff 1st Feb 2026 (1).pdf,77,109.85.038
hafele,Häfele,100.05.000,False,Furniture Handle MCH1 96mm Matt Black PCE 1,96mm,,,,,1016.0,INR,False,,2026-02-01,Pricelist -2026/HAFELE PRICELIST_MRP revision Eff 1st Feb 2026 (1).pdf,78,100.05.000
hafele,Häfele,100.05.001,False,Furniture Handle MCH1 160mm Matt Black PCE 1,160mm,,,,,1129.0,INR,False,,2026-02-01,Pricelist -2026/HAFELE PRICELIST_MRP revision Eff 1st Feb 2026 (1).pdf,78,100.05.001
hafele,Häfele,100.05.002,False,Furniture Handle MCH1 320mm Matt Black PCE 1,320mm,,,,,2543.0,INR,False,,2026-02-01,Pricelist -2026/HAFELE PRICELIST_MRP revision Eff 1st Feb 2026 (1).pdf,78,100.05.002
hafele,Häfele,100.05.010,False,Furniture Handle MCH4 96mm Anthracite PCE 1,96mm,,,,,1093.0,INR,False,,2026-02-01,Pricelist -2026/HAFELE PRICELIST_MRP revision Eff 1st Feb 2026 (1).pdf,78,100.05.010
hafele,Häfele,100.05.011,False,Furniture Handle MCH4 160mm Anthracite PCE 1,160mm,,,,,1468.0,INR,False,,2026-02-01,Pricelist -2026/HAFELE PRICELIST_MRP revision Eff 1st Feb 2026 (1).pdf,78,100.05.011
hafele,Häfele,100.05.012,False,Furniture Handle MCH4 320mm Anthracite PCE 1,320mm,,,,,2611.0,INR,False,,2026-02-01,Pricelist -2026/HAFELE PRICELIST_MRP revision Eff 1st Feb 2026 (1).pdf,78,100.05.012
hafele,Häfele,100.05.020,False,Furniture Handle MCH4 96mm Rose Gold PCE 1,96mm,,,,,1274.0,INR,False,,2026-02-01,Pricelist -2026/HAFELE PRICELIST_MRP revision Eff 1st Feb 2026 (1).pdf,78,100.05.020
hafele,Häfele,100.05.021,False,Furniture Handle MCH4 160mm Rose Gold PCE 1,160mm,,,,,1739.0,INR,False,,2026-02-01,Pricelist -2026/HAFELE PRICELIST_MRP revision Eff 1st Feb 2026 (1).pdf,78,100.05.021
hafele,Häfele,100.05.022,False,Furniture Handle MCH4 320mm Rose Gold PCE 1,320mm,,,,,3288.0,INR,False,,2026-02-01,Pricelist -2026/HAFELE PRICELIST_MRP revision Eff 1st Feb 2026 (1).pdf,78,100.05.022
hafele,Häfele,100.05.030,False,Furniture Handle MCH8 96mm Matt Brass PCE 1,96mm,,,,,488.0,INR,False,,2026-02-01,Pricelist -2026/HAFELE PRICELIST_MRP revision Eff 1st Feb 2026 (1).pdf,78,100.05.030
hafele,Häfele,100.05.031,False,Furniture Handle MCH8 160mm Matt Brass PCE 1,160mm,,,,,650.0,INR,False,,2026-02-01,Pricelist -2026/HAFELE PRICELIST_MRP revision Eff 1st Feb 2026 (1).pdf,78,100.05.031
hafele,Häfele,100.05.032,False,Furniture Handle MCH8 288mm Matt Brass PCE 1,288mm,,,,,1247.0,INR,False,,2026-02-01,Pricelist -2026/HAFELE PRICELIST_MRP revision Eff 1st Feb 2026 (1).pdf,78,100.05.032
hafele,Häfele,100.05.040,False,Furniture Handle MCH8 96mm Matt Black PCE 1,96mm,,,,,510.0,INR,False,,2026-02-01,Pricelist -2026/HAFELE PRICELIST_MRP revision Eff 1st Feb 2026 (1).pdf,78,100.05.040
hafele,Häfele,100.05.041,False,Furniture Handle MCH8 160mm Matt Black PCE 1,160mm,,,,,678.0,INR,False,,2026-02-01,Pricelist -2026/HAFELE PRICELIST_MRP revision Eff 1st Feb 2026 (1).pdf,78,100.05.041
hafele,Häfele,100.05.042,False,Furniture Handle MCH8 288mm Matt Black PCE 1,288mm,,,,,1301.0,INR,False,,2026-02-01,Pricelist -2026/HAFELE PRICELIST_MRP revision Eff 1st Feb 2026 (1).pdf,78,100.05.042
hafele,Häfele,100.05.050,False,Furniture Handle MCH12 96mm Rose Gold PCE 1,96mm,,,,,1034.0,INR,False,,2026-02-01,Pricelist -2026/HAFELE PRICELIST_MRP revision Eff 1st Feb 2026 (1).pdf,78,100.05.050
hafele,Häfele,100.05.051,False,Furniture Handle MCH12 160mm Rose Gold PCE 1,160mm,,,,,1283.0,INR,False,,2026-02-01,Pricelist -2026/HAFELE PRICELIST_MRP revision Eff 1st Feb 2026 (1).pdf,78,100.05.051
hafele,Häfele,100.05.052,False,Furniture Handle MCH12 320mm Rose Gold PCE 1,320mm,,,,,2828.0,INR,False,,2026-02-01,Pricelist -2026/HAFELE PRICELIST_MRP revision Eff 1st Feb 2026 (1).pdf,78,100.05.052
hafele,Häfele,100.05.060,False,Furniture Handle MCH12 96mm Matt Black PCE 1,96mm,,,,,881.0,INR,False,,2026-02-01,Pricelist -2026/HAFELE PRICELIST_MRP revision Eff 1st Feb 2026 (1).pdf,78,100.05.060
hafele,Häfele,100.05.061,False,Furniture Handle MCH12 160mm Matt Black PCE 1,160mm,,,,,1048.0,INR,False,,2026-02-01,Pricelist -2026/HAFELE PRICELIST_MRP revision Eff 1st Feb 2026 (1).pdf,78,100.05.061
hafele,Häfele,100.05.062,False,Furniture Handle MCH12 320mm Matt Black PCE 1,320mm,,,,,2227.0,INR,False,,2026-02-01,Pricelist -2026/HAFELE PRICELIST_MRP revision Eff 1st Feb 2026 (1).pdf,78,100.05.062
hafele,Häfele,100.05.070,False,Furniture Handle MCH13 96mm Matt Black PCE 1,96mm,,,,,623.0,INR,False,,2026-02-01,Pricelist -2026/HAFELE PRICELIST_MRP revision Eff 1st Feb 2026 (1).pdf,78,100.05.070
hafele,Häfele,100.05.071,False,Furniture Handle MCH13 160mm Matt Black PCE 1,160mm,,,,,754.0,INR,False,,2026-02-01,Pricelist -2026/HAFELE PRICELIST_MRP revision Eff 1st Feb 2026 (1).pdf,78,100.05.071
hafele,Häfele,100.05.072,False,Furniture Handle MCH13 288mm Matt Black PCE 1,288mm,,,,,1351.0,INR,False,,2026-02-01,Pricelist -2026/HAFELE PRICELIST_MRP revision Eff 1st Feb 2026 (1).pdf,78,100.05.072
hafele,Häfele,100.05.080,False,Furniture Handle MCH13 96mm Gold PCE 1,96mm,,,,,777.0,INR,False,,2026-02-01,Pricelist -2026/HAFELE PRICELIST_MRP revision Eff 1st Feb 2026 (1).pdf,78,100.05.080
hafele,Häfele,100.05.081,False,Furniture Handle MCH13 160mm Gold PCE 1,160mm,,,,,994.0,INR,False,,2026-02-01,Pricelist -2026/HAFELE PRICELIST_MRP revision Eff 1st Feb 2026 (1).pdf,78,100.05.081
hafele,Häfele,100.05.082,False,Furniture Handle MCH13 288mm Gold PCE 1,288mm,,,,,1834.0,INR,False,,2026-02-01,Pricelist -2026/HAFELE PRICELIST_MRP revision Eff 1st Feb 2026 (1).pdf,78,100.05.082
hafele,Häfele,100.05.090,False,Furniture Handle MCH14 600mm Matt Black PCE 1,600mm,,,,,5249.0,INR,False,,2026-02-01,Pricelist -2026/HAFELE PRICELIST_MRP revision Eff 1st Feb 2026 (1).pdf,78,100.05.090
hafele,Häfele,100.05.091,False,Furniture Handle MCH14 900mm Matt Black PCE 1,900mm,,,,,7950.0,INR,False,,2026-02-01,Pricelist -2026/HAFELE PRICELIST_MRP revision Eff 1st Feb 2026 (1).pdf,78,100.05.091
hafele,Häfele,100.05.100,False,Furniture Handle MCH14 600mm Gold PCE 1,600mm,,,,,6319.0,INR,False,,2026-02-01,Pricelist -2026/HAFELE PRICELIST_MRP revision Eff 1st Feb 2026 (1).pdf,78,100.05.100
hafele,Häfele,100.05.101,False,Furniture Handle MCH14 900mm Gold PCE 1,900mm,,,,,9540.0,INR,False,,2026-02-01,Pricelist -2026/HAFELE PRICELIST_MRP revision Eff 1st Feb 2026 (1).pdf,78,100.05.101
hafele,Häfele,100.05.110,False,Furniture Handle MCH15 96mm Rose Gold PCE 1,96mm,,,,,605.0,INR,False,,2026-02-01,Pricelist -2026/HAFELE PRICELIST_MRP revision Eff 1st Feb 2026 (1).pdf,78,100.05.110
hafele,Häfele,100.05.111,False,Furniture Handle MCH15 160mm Rose Gold PCE 1,160mm,,,,,845.0,INR,False,,2026-02-01,Pricelist -2026/HAFELE PRICELIST_MRP revision Eff 1st Feb 2026 (1).pdf,78,100.05.111
hafele,Häfele,100.05.112,False,Furniture Handle MCH15 288mm Rose Gold PCE 1,288mm,,,,,1414.0,INR,False,,2026-02-01,Pricelist -2026/HAFELE PRICELIST_MRP revision Eff 1st Feb 2026 (1).pdf,78,100.05.112
hafele,Häfele,100.05.120,False,Furniture Handle MCH15 96mm Matt Black PCE 1,96mm,,,,,443.0,INR,False,,2026-02-01,Pricelist -2026/HAFELE PRICELIST_MRP revision Eff 1st Feb 2026 (1).pdf,78,100.05.120
hafele,Häfele,100.05.121,False,Furniture Handle MCH15 160mm Matt Black PCE 1,160mm,,,,,596.0,INR,False,,2026-02-01,Pricelist -2026/HAFELE PRICELIST_MRP revision Eff 1st Feb 2026 (1).pdf,78,100.05.121
hafele,Häfele,100.05.122,False,Furniture Handle MCH15 288mm Matt Black PCE 1,288mm,,,,,908.0,INR,False,,2026-02-01,Pricelist -2026/HAFELE PRICELIST_MRP revision Eff 1st Feb 2026 (1).pdf,78,100.05.122
hafele,Häfele,100.05.130,False,Furniture Handle MCH15 96mm Gold PCE 1,96mm,,,,,605.0,INR,False,,2026-02-01,Pricelist -2026/HAFELE PRICELIST_MRP revision Eff 1st Feb 2026 (1).pdf,78,100.05.130
hafele,Häfele,100.05.131,False,Furniture Handle MCH15 160mm Gold PCE 1,160mm,,,,,845.0,INR,False,,2026-02-01,Pricelist -2026/HAFELE PRICELIST_MRP revision Eff 1st Feb 2026 (1).pdf,78,100.05.131
hafele,Häfele,100.05.132,False,Furniture Handle MCH15 288mm Gold PCE 1,288mm,,,,,1414.0,INR,False,,2026-02-01,Pricelist -2026/HAFELE PRICELIST_MRP revision Eff 1st Feb 2026 (1).pdf,78,100.05.132
hafele,Häfele,100.05.140,False,Furniture Knob HCH1 12X75mm Bronze PCE 1,,,,,,398.0,INR,False,,2026-02-01,Pricelist -2026/HAFELE PRICELIST_MRP revision Eff 1st Feb 2026 (1).pdf,78,100.05.140
hafele,Häfele,100.05.141,False,Furniture Handle HCH1 160mm Bronze PCE 1,160mm,,,,,1979.0,INR,False,,2026-02-01,Pricelist -2026/HAFELE PRICELIST_MRP revision Eff 1st Feb 2026 (1).pdf,78,100.05.141
hafele,Häfele,100.05.142,False,Furniture Handle HCH1 320mm Bronze PCE 1,320mm,,,,,2543.0,INR,False,,2026-02-01,Pricelist -2026/HAFELE PRICELIST_MRP revision Eff 1st Feb 2026 (1).pdf,78,100.05.142
hafele,Häfele,100.05.150,False,Furniture Knob HCH1 12X75mm Matt Black PCE 1,,,,,,398.0,INR,False,,2026-02-01,Pricelist -2026/HAFELE PRICELIST_MRP revision Eff 1st Feb 2026 (1).pdf,78,100.05.150
hafele,Häfele,100.05.160,False,Furniture Handle HCH1 160mm Matt Black PCE 1,160mm,,,,,1979.0,INR,False,,2026-02-01,Pricelist -2026/HAFELE PRICELIST_MRP revision Eff 1st Feb 2026 (1).pdf,78,100.05.160
hafele,Häfele,100.05.161,False,Furniture Handle HCH1 320mm Matt Black PCE 1,320mm,,,,,2543.0,INR,False,,2026-02-01,Pricelist -2026/HAFELE PRICELIST_MRP revision Eff 1st Feb 2026 (1).pdf,78,100.05.161
hafele,Häfele,100.05.162,False,Furniture Handle OCH3 600mm Matt Black PCE 1,600mm,,,,,4111.0,INR,False,,2026-02-01,Pricelist -2026/HAFELE PRICELIST_MRP revision Eff 1st Feb 2026 (1).pdf,78,100.05.162
hafele,Häfele,100.05.163,False,Furniture Handle OCH3 900mm Matt Black PCE 1,900mm,,,,,5872.0,INR,False,,2026-02-01,Pricelist -2026/HAFELE PRICELIST_MRP revision Eff 1st Feb 2026 (1).pdf,78,100.05.163
hafele,Häfele,100.05.170,False,Furniture Handle OCH3 600mm Antique Bras PCE 1,600mm,,,,,3953.0,INR,False,,2026-02-01,Pricelist -2026/HAFELE PRICELIST_MRP revision Eff 1st Feb 2026 (1).pdf,78,100.05.170
hafele,Häfele,100.05.171,False,Furniture Handle OCH3 900mm Antique Bras PCE 1,900mm,,,,,5646.0,INR,False,,2026-02-01,Pricelist -2026/HAFELE PRICELIST_MRP revision Eff 1st Feb 2026 (1).pdf,78,100.05.171
hafele,Häfele,100.05.180,False,Furniture Handle HCH4 320mm Bronze PCE 1,320mm,,,,,2746.0,INR,False,,2026-02-01,Pricelist -2026/HAFELE PRICELIST_MRP revision Eff 1st Feb 2026 (1).pdf,78,100.05.180
hafele,Häfele,100.05.181,False,Furniture Handle HCH4 450mm Bronze PCE 1,450mm,,,,,4269.0,INR,False,,2026-02-01,Pricelist -2026/HAFELE PRICELIST_MRP revision Eff 1st Feb 2026 (1).pdf,78,100.05.181
hafele,Häfele,100.05.182,False,Furniture Handle HCH4 900mm Bronze PCE 1,900mm,,,,,6098.0,INR,False,,2026-02-01,Pricelist -2026/HAFELE PRICELIST_MRP revision Eff 1st Feb 2026 (1).pdf,78,100.05.182
hafele,Häfele,100.05.190,False,Furniture Handle HCH4 320mm Matt Black PCE 1,320mm,,,,,2746.0,INR,False,,2026-02-01,Pricelist -2026/HAFELE PRICELIST_MRP revision Eff 1st Feb 2026 (1).pdf,78,100.05.190
hafele,Häfele,100.05.191,False,Furniture Handle HCH4 450mm Matt Black PCE 1,450mm,,,,,4269.0,INR,False,,2026-02-01,Pricelist -2026/HAFELE PRICELIST_MRP revision Eff 1st Feb 2026 (1).pdf,78,100.05.191
hafele,Häfele,100.05.192,False,Furniture Handle HCH4 900mm Matt Black PCE 1,900mm,,,,,6098.0,INR,False,,2026-02-01,Pricelist -2026/HAFELE PRICELIST_MRP revision Eff 1st Feb 2026 (1).pdf,78,100.05.192
hafele,Häfele,100.05.200,False,Furniture Knob MK03B 25mm Black & Rose Gold PCE 1,25mm,,,,,542.0,INR,False,,2026-02-01,Pricelist -2026/HAFELE PRICELIST_MRP revision Eff 1st Feb 2026 (1).pdf,78,100.05.200
hafele,Häfele,100.05.210,False,Furniture Knob MK09 Rose Gold PCE 1,,,,,,492.0,INR,False,,2026-02-01,Pricelist -2026/HAFELE PRICELIST_MRP revision Eff 1st Feb 2026 (1).pdf,78,100.05.210
hafele,Häfele,100.05.211,False,Furniture Knob MK09 Matt Brass PCE 1,,,,,,384.0,INR,False,,2026-02-01,Pricelist -2026/HAFELE PRICELIST_MRP revision Eff 1st Feb 2026 (1).pdf,78,100.05.211
hafele,Häfele,100.05.212,False,Furniture Knob MK09 Matt Black PCE 1,,,,,,399.0,INR,False,,2026-02-01,Pricelist -2026/HAFELE PRICELIST_MRP revision Eff 1st Feb 2026 (1).pdf,78,100.05.212
hafele,Häfele,126.36.470,False,Classic trenzo handle profile grey 600 mm 1,600 mm,,,PC,,4100.0,INR,False,,2026-02-01,Pricelist -2026/HAFELE PRICELIST_MRP revision Eff 1st Feb 2026 (1).pdf,79,126.36.470
hafele,Häfele,126.36.471,False,Classic trenzo handle profile gold 600 mm 1,600 mm,,,PC,,4100.0,INR,False,,2026-02-01,Pricelist -2026/HAFELE PRICELIST_MRP revision Eff 1st Feb 2026 (1).pdf,79,126.36.471
hafele,Häfele,105.94.301,False,Classic trenzo leather strip coffee 600 mm 1,600 mm,,,PC,,700.0,INR,False,,2026-02-01,Pricelist -2026/HAFELE PRICELIST_MRP revision Eff 1st Feb 2026 (1).pdf,79,105.94.301
hafele,Häfele,105.94.302,False,Classic trenzo leather strip beige 600 mm 1,600 mm,,,PC,,700.0,INR,False,,2026-02-01,Pricelist -2026/HAFELE PRICELIST_MRP revision Eff 1st Feb 2026 (1).pdf,79,105.94.302
hafele,Häfele,105.94.303,False,Classic trenzo leather strip grey 600 mm 1,600 mm,,,PC,,700.0,INR,False,,2026-02-01,Pricelist -2026/HAFELE PRICELIST_MRP revision Eff 1st Feb 2026 (1).pdf,79,105.94.303
hafele,Häfele,105.94.304,False,Classic trenzo leather strip marron 600 mm 1,600 mm,,,PC,,700.0,INR,False,,2026-02-01,Pricelist -2026/HAFELE PRICELIST_MRP revision Eff 1st Feb 2026 (1).pdf,79,105.94.304
hafele,Häfele,105.94.305,False,Classic trenzo leather strip orange 600 mm 1,600 mm,,,PC,,700.0,INR,False,,2026-02-01,Pricelist -2026/HAFELE PRICELIST_MRP revision Eff 1st Feb 2026 (1).pdf,79,105.94.305
hafele,Häfele,126.36.474,False,Classic L edge 22 mm door profile grey 2800 mm 1,22 mm,,,PC,,8900.0,INR,False,,2026-02-01,Pricelist -2026/HAFELE PRICELIST_MRP revision Eff 1st Feb 2026 (1).pdf,79,126.36.474
hafele,Häfele,126.36.475,False,Classic L edge 22 mm door profile gold 2800 mm 1,22 mm,,,PC,,8900.0,INR,False,,2026-02-01,Pricelist -2026/HAFELE PRICELIST_MRP revision Eff 1st Feb 2026 (1).pdf,79,126.36.475
hafele,Häfele,126.36.476,False,Classic L edge 18 mm door profile grey 2800 mm 1,18 mm,,,PC,,8300.0,INR,False,,2026-02-01,Pricelist -2026/HAFELE PRICELIST_MRP revision Eff 1st Feb 2026 (1).pdf,79,126.36.476
hafele,Häfele,126.36.477,False,Classic L edge 18 mm door profile gold 2800 mm 1,18 mm,,,PC,,8300.0,INR,False,,2026-02-01,Pricelist -2026/HAFELE PRICELIST_MRP revision Eff 1st Feb 2026 (1).pdf,79,126.36.477
hafele,Häfele,126.36.472,False,Classic silvo back door profile grey 2800 mm 1,2800 mm,,,PC,,15050.0,INR,False,,2026-02-01,Pricelist -2026/HAFELE PRICELIST_MRP revision Eff 1st Feb 2026 (1).pdf,79,126.36.472
hafele,Häfele,126.36.473,False,Classic silvo back door profile gold 2800 mm 1,2800 mm,,,PC,,15050.0,INR,False,,2026-02-01,Pricelist -2026/HAFELE PRICELIST_MRP revision Eff 1st Feb 2026 (1).pdf,79,126.36.473
hafele,Häfele,126.36.191,False,Classic silvo side door handle gold 200 mm 1,200 mm,,,PC,,450.0,INR,False,,2026-02-01,Pricelist -2026/HAFELE PRICELIST_MRP revision Eff 1st Feb 2026 (1).pdf,79,126.36.191
hafele,Häfele,126.36.193,False,Classic silvo side door handle grey 200 mm 1,200 mm,,,PC,,450.0,INR,False,,2026-02-01,Pricelist -2026/HAFELE PRICELIST_MRP revision Eff 1st Feb 2026 (1).pdf,79,126.36.193
hafele,Häfele,126.36.194,False,Classic silvo side door handle grey 1100 mm 1,1100 mm,,,PC,,2050.0,INR,False,,2026-02-01,Pricelist -2026/HAFELE PRICELIST_MRP revision Eff 1st Feb 2026 (1).pdf,79,126.36.194
hafele,Häfele,126.36.478,False,Classic silvo side door handle gold 1100 mm 1,1100 mm,,,PC,,2050.0,INR,False,,2026-02-01,Pricelist -2026/HAFELE PRICELIST_MRP revision Eff 1st Feb 2026 (1).pdf,79,126.36.478
hafele,Häfele,126.36.171,False,Classic linoza 1 handle profile black 1.2m 1,,,,PC,,3700.0,INR,False,,2026-02-01,Pricelist -2026/HAFELE PRICELIST_MRP revision Eff 1st Feb 2026 (1).pdf,80,126.36.171
hafele,Häfele,126.36.242,False,Classic linoza 1 handle profile bronze 1.2m 1,,,,PC,,4000.0,INR,False,,2026-02-01,Pricelist -2026/HAFELE PRICELIST_MRP revision Eff 1st Feb 2026 (1).pdf,80,126.36.242
hafele,Häfele,126.36.173,False,Classic linoza 2 handle profile black 1.2m 1,,,,PC,,5000.0,INR,False,,2026-02-01,Pricelist -2026/HAFELE PRICELIST_MRP revision Eff 1st Feb 2026 (1).pdf,80,126.36.173
hafele,Häfele,126.36.174,False,Classic linoza 2 handle profile grey 1.2m 1,,,,PC,,5150.0,INR,False,,2026-02-01,Pricelist -2026/HAFELE PRICELIST_MRP revision Eff 1st Feb 2026 (1).pdf,80,126.36.174
hafele,Häfele,126.36.175,False,Classic linoza 2 handle profile bronze 1.2m 1,,,,PC,,5450.0,INR,False,,2026-02-01,Pricelist -2026/HAFELE PRICELIST_MRP revision Eff 1st Feb 2026 (1).pdf,80,126.36.175
hafele,Häfele,126.36.176,False,Classic linoza 3 handle profile black 1.2m 1,,,,PC,,6300.0,INR,False,,2026-02-01,Pricelist -2026/HAFELE PRICELIST_MRP revision Eff 1st Feb 2026 (1).pdf,80,126.36.176
hafele,Häfele,126.36.177,False,Classic linoza 3 handle profile grey 1.2m 1,,,,PC,,6450.0,INR,False,,2026-02-01,Pricelist -2026/HAFELE PRICELIST_MRP revision Eff 1st Feb 2026 (1).pdf,80,126.36.177
hafele,Häfele,126.36.178,False,Classic linoza edge profile black 18mm 3m 1,18mm,,,PC,,1750.0,INR,False,,2026-02-01,Pricelist -2026/HAFELE PRICELIST_MRP revision Eff 1st Feb 2026 (1).pdf,80,126.36.178
hafele,Häfele,126.36.179,False,Classic linoza edge profile bronze 18mm 3m 1,18mm,,,PC,,2450.0,INR,False,,2026-02-01,Pricelist -2026/HAFELE PRICELIST_MRP revision Eff 1st Feb 2026 (1).pdf,80,126.36.179
hafele,Häfele,126.36.243,False,Classic linoza edge profile grey 18mm 3m 1,18mm,,,PC,,2050.0,INR,False,,2026-02-01,Pricelist -2026/HAFELE PRICELIST_MRP revision Eff 1st Feb 2026 (1).pdf,80,126.36.243
hafele,Häfele,126.36.245,False,Classic linoza edge profile black 22mm 3m 1,22mm,,,PC,,1900.0,INR,False,,2026-02-01,Pricelist -2026/HAFELE PRICELIST_MRP revision Eff 1st Feb 2026 (1).pdf,80,126.36.245
hafele,Häfele,126.36.246,False,Classic linoza edge profile grey 22mm 3m 1,22mm,,,PC,,2200.0,INR,False,,2026-02-01,Pricelist -2026/HAFELE PRICELIST_MRP revision Eff 1st Feb 2026 (1).pdf,80,126.36.246
hafele,Häfele,793.10.997,False,Classic linoza corner connector black-18 mm 1,18 mm,,,PR,,600.0,INR,False,,2026-02-01,Pricelist -2026/HAFELE PRICELIST_MRP revision Eff 1st Feb 2026 (1).pdf,80,793.10.997
hafele,Häfele,793.10.998,False,Classic linoza corner connector grey-18 mm 1,18 mm,,,PR,,600.0,INR,False,,2026-02-01,Pricelist -2026/HAFELE PRICELIST_MRP revision Eff 1st Feb 2026 (1).pdf,80,793.10.998
hafele,Häfele,793.10.999,False,Classic linoza corner connector bronze-18 mm 1,18 mm,,,PR,,600.0,INR,False,,2026-02-01,Pricelist -2026/HAFELE PRICELIST_MRP revision Eff 1st Feb 2026 (1).pdf,80,793.10.999
hafele,Häfele,793.10.988,False,Classic linoza corner connector black-25 mm 1,25 mm,,,PR,,600.0,INR,False,,2026-02-01,Pricelist -2026/HAFELE PRICELIST_MRP revision Eff 1st Feb 2026 (1).pdf,80,793.10.988
hafele,Häfele,793.10.989,False,Classic linoza corner connector grey-25 mm 1,25 mm,,,PR,,600.0,INR,False,,2026-02-01,Pricelist -2026/HAFELE PRICELIST_MRP revision Eff 1st Feb 2026 (1).pdf,80,793.10.989
hafele,Häfele,126.36.170,False,Design vitrona black door profile 3m 1,,,,PC,,6650.0,INR,False,,2026-02-01,Pricelist -2026/HAFELE PRICELIST_MRP revision Eff 1st Feb 2026 (1).pdf,81,126.36.170
hafele,Häfele,563.97.982,False,Vitrona corner connector set of 4 1,,,,KIT,,1050.0,INR,False,,2026-02-01,Pricelist -2026/HAFELE PRICELIST_MRP revision Eff 1st Feb 2026 (1).pdf,81,563.97.982
hafele,Häfele,563.97.922,False,Design vitrona handle black 1,,,,PC,,1500.0,INR,False,,2026-02-01,Pricelist -2026/HAFELE PRICELIST_MRP revision Eff 1st Feb 2026 (1).pdf,81,563.97.922
hafele,Häfele,126.36.440,False,Design leather outer door profile beige 3m 1,,,,PC,,6850.0,INR,False,,2026-02-01,Pricelist -2026/HAFELE PRICELIST_MRP revision Eff 1st Feb 2026 (1).pdf,81,126.36.440
hafele,Häfele,126.36.442,False,Design leather outer door profile brown 3m 1,,,,PC,,6850.0,INR,False,,2026-02-01,Pricelist -2026/HAFELE PRICELIST_MRP revision Eff 1st Feb 2026 (1).pdf,81,126.36.442
hafele,Häfele,126.36.444,False,Design leather outer door profile tan 3m 1,,,,PC,,6850.0,INR,False,,2026-02-01,Pricelist -2026/HAFELE PRICELIST_MRP revision Eff 1st Feb 2026 (1).pdf,81,126.36.444
hafele,Häfele,126.36.441,False,Design leather inner door profile beige 3m 1,,,,PC,,7850.0,INR,False,,2026-02-01,Pricelist -2026/HAFELE PRICELIST_MRP revision Eff 1st Feb 2026 (1).pdf,81,126.36.441
hafele,Häfele,126.36.443,False,Design leather inner door profile brown 3m 1,,,,PC,,7850.0,INR,False,,2026-02-01,Pricelist -2026/HAFELE PRICELIST_MRP revision Eff 1st Feb 2026 (1).pdf,81,126.36.443
hafele,Häfele,126.36.445,False,Design leather inner door profile tan 3m 1,,,,PC,,7850.0,INR,False,,2026-02-01,Pricelist -2026/HAFELE PRICELIST_MRP revision Eff 1st Feb 2026 (1).pdf,81,126.36.445
hafele,Häfele,564.94.990,False,Design leather outer door profile connector 1,,,,PC,,350.0,INR,False,,2026-02-01,Pricelist -2026/HAFELE PRICELIST_MRP revision Eff 1st Feb 2026 (1).pdf,81,564.94.990
hafele,Häfele,564.94.991,False,Design leather inner door profile connector 1,,,,PC,,350.0,INR,False,,2026-02-01,Pricelist -2026/HAFELE PRICELIST_MRP revision Eff 1st Feb 2026 (1).pdf,81,564.94.991
hafele,Häfele,126.36.446,False,Design leather top bottom door profile 2m 1,,,,PC,,4100.0,INR,False,,2026-02-01,Pricelist -2026/HAFELE PRICELIST_MRP revision Eff 1st Feb 2026 (1).pdf,81,126.36.446
hafele,Häfele,126.36.447,False,Design leather partition profile beige 3m 1,,,,PC,,7500.0,INR,False,,2026-02-01,Pricelist -2026/HAFELE PRICELIST_MRP revision Eff 1st Feb 2026 (1).pdf,81,126.36.447
hafele,Häfele,126.36.448,False,Design leather partition profile brown 3m 1,,,,PC,,7500.0,INR,False,,2026-02-01,Pricelist -2026/HAFELE PRICELIST_MRP revision Eff 1st Feb 2026 (1).pdf,81,126.36.448
hafele,Häfele,126.36.449,False,Design leather partition profile tan 3m 1,,,,PC,,7500.0,INR,False,,2026-02-01,Pricelist -2026/HAFELE PRICELIST_MRP revision Eff 1st Feb 2026 (1).pdf,81,126.36.449
hafele,Häfele,126.36.457,False,Design leather partition profile plug 1,,,,PR,,2750.0,INR,False,,2026-02-01,Pricelist -2026/HAFELE PRICELIST_MRP revision Eff 1st Feb 2026 (1).pdf,81,126.36.457
hafele,Häfele,126.36.450,False,Design leather handle profile beige 3m 1,,,,PC,,3700.0,INR,False,,2026-02-01,Pricelist -2026/HAFELE PRICELIST_MRP revision Eff 1st Feb 2026 (1).pdf,81,126.36.450
hafele,Häfele,126.36.451,False,Design leather handle profile brown 3m 1,,,,PC,,3700.0,INR,False,,2026-02-01,Pricelist -2026/HAFELE PRICELIST_MRP revision Eff 1st Feb 2026 (1).pdf,81,126.36.451
hafele,Häfele,126.36.452,False,Design leather handle profile tan 3m 1,,,,PC,,3700.0,INR,False,,2026-02-01,Pricelist -2026/HAFELE PRICELIST_MRP revision Eff 1st Feb 2026 (1).pdf,81,126.36.452
hafele,Häfele,126.36.453,False,Leather handle profile plug A with screws 1,,,,PC,,2200.0,INR,False,,2026-02-01,Pricelist -2026/HAFELE PRICELIST_MRP revision Eff 1st Feb 2026 (1).pdf,81,126.36.453
hafele,Häfele,126.36.454,False,Leather handle profile plug B1 with screws 1,,,,PC,,1400.0,INR,False,,2026-02-01,Pricelist -2026/HAFELE PRICELIST_MRP revision Eff 1st Feb 2026 (1).pdf,81,126.36.454
hafele,Häfele,126.36.455,False,Leather handle profile plug B2 with screws 1,,,,PC,,900.0,INR,False,,2026-02-01,Pricelist -2026/HAFELE PRICELIST_MRP revision Eff 1st Feb 2026 (1).pdf,81,126.36.455
hafele,Häfele,126.36.456,False,Leather handle profile plug C with screws 1,,,,PC,,1400.0,INR,False,,2026-02-01,Pricelist -2026/HAFELE PRICELIST_MRP revision Eff 1st Feb 2026 (1).pdf,81,126.36.456
hafele,Häfele,126.36.195,False,Design belvia door profile grey 3m 1,,,,PC,,3350.0,INR,False,,2026-02-01,Pricelist -2026/HAFELE PRICELIST_MRP revision Eff 1st Feb 2026 (1).pdf,82,126.36.195
hafele,Häfele,126.36.197,False,Design belvia door profile brown 3m 1,,,,PC,,3350.0,INR,False,,2026-02-01,Pricelist -2026/HAFELE PRICELIST_MRP revision Eff 1st Feb 2026 (1).pdf,82,126.36.197
hafele,Häfele,126.36.199,False,Design belvia door profile black 3m 1,,,,PC,,3150.0,INR,False,,2026-02-01,Pricelist -2026/HAFELE PRICELIST_MRP revision Eff 1st Feb 2026 (1).pdf,82,126.36.199
hafele,Häfele,126.36.196,False,Design belvia door handle grey 1,,,,PC,,1250.0,INR,False,,2026-02-01,Pricelist -2026/HAFELE PRICELIST_MRP revision Eff 1st Feb 2026 (1).pdf,82,126.36.196
hafele,Häfele,126.36.198,False,Design belvia door handle brown 1,,,,PC,,1250.0,INR,False,,2026-02-01,Pricelist -2026/HAFELE PRICELIST_MRP revision Eff 1st Feb 2026 (1).pdf,82,126.36.198
hafele,Häfele,126.36.479,False,Design belvia door handle black 1,,,,PC,,1250.0,INR,False,,2026-02-01,Pricelist -2026/HAFELE PRICELIST_MRP revision Eff 1st Feb 2026 (1).pdf,82,126.36.479
hafele,Häfele,563.97.968,False,Air connector 1 set L+R & 8 grey screws 1,,,,KIT,,1480.0,INR,False,,2026-02-01,Pricelist -2026/HAFELE PRICELIST_MRP revision Eff 1st Feb 2026 (1).pdf,82,563.97.968
hafele,Häfele,563.97.967,False,Air connector 1 set L+R & 8 brown screws 1,,,,KIT,,1480.0,INR,False,,2026-02-01,Pricelist -2026/HAFELE PRICELIST_MRP revision Eff 1st Feb 2026 (1).pdf,82,563.97.967
hafele,Häfele,563.97.966,False,Air connector 1 set L+R & 8 dark grey screws 1,,,,KIT,,1480.0,INR,False,,2026-02-01,Pricelist -2026/HAFELE PRICELIST_MRP revision Eff 1st Feb 2026 (1).pdf,82,563.97.966
hafele,Häfele,126.36.540,False,Design bluvia door profile grey 3m 1,,,,PC,,2750.0,INR,False,,2026-02-01,Pricelist -2026/HAFELE PRICELIST_MRP revision Eff 1st Feb 2026 (1).pdf,82,126.36.540
hafele,Häfele,126.36.542,False,Design bluvia door profile brown 3m 1,,,,PC,,2750.0,INR,False,,2026-02-01,Pricelist -2026/HAFELE PRICELIST_MRP revision Eff 1st Feb 2026 (1).pdf,82,126.36.542
hafele,Häfele,126.36.544,False,Design bluvia door profile black 3m 1,,,,PC,,2400.0,INR,False,,2026-02-01,Pricelist -2026/HAFELE PRICELIST_MRP revision Eff 1st Feb 2026 (1).pdf,82,126.36.544
hafele,Häfele,126.36.541,False,Design bluvia door handle grey 1,,,,PC,,550.0,INR,False,,2026-02-01,Pricelist -2026/HAFELE PRICELIST_MRP revision Eff 1st Feb 2026 (1).pdf,82,126.36.541
hafele,Häfele,126.36.543,False,Design bluvia door handle brown 1,,,,PC,,550.0,INR,False,,2026-02-01,Pricelist -2026/HAFELE PRICELIST_MRP revision Eff 1st Feb 2026 (1).pdf,82,126.36.543
hafele,Häfele,126.36.545,False,Design bluvia door handle black 1,,,,PC,,500.0,INR,False,,2026-02-01,Pricelist -2026/HAFELE PRICELIST_MRP revision Eff 1st Feb 2026 (1).pdf,82,126.36.545
hafele,Häfele,563.97.963,False,765- 4 connector with 16 grey screws 1,,,,KIT,,800.0,INR,False,,2026-02-01,Pricelist -2026/HAFELE PRICELIST_MRP revision Eff 1st Feb 2026 (1).pdf,82,563.97.963
hafele,Häfele,563.97.962,False,765- 4 connector with 16 black screws 1,,,,KIT,,800.0,INR,False,,2026-02-01,Pricelist -2026/HAFELE PRICELIST_MRP revision Eff 1st Feb 2026 (1).pdf,82,563.97.962
hafele,Häfele,563.97.961,False,765- 4 connector with 16 brown screws 1,,,,KIT,,800.0,INR,False,,2026-02-01,Pricelist -2026/HAFELE PRICELIST_MRP revision Eff 1st Feb 2026 (1).pdf,82,563.97.961
hafele,Häfele,126.36.546,False,Design benvio door profile grey 3m 1,,,,PC,,3650.0,INR,False,,2026-02-01,Pricelist -2026/HAFELE PRICELIST_MRP revision Eff 1st Feb 2026 (1).pdf,83,126.36.546
hafele,Häfele,126.36.547,False,Design benvio door profile brown 3m 1,,,,PC,,3650.0,INR,False,,2026-02-01,Pricelist -2026/HAFELE PRICELIST_MRP revision Eff 1st Feb 2026 (1).pdf,83,126.36.547
hafele,Häfele,126.36.548,False,Design benvio door profile black 3m 1,,,,PC,,3150.0,INR,False,,2026-02-01,Pricelist -2026/HAFELE PRICELIST_MRP revision Eff 1st Feb 2026 (1).pdf,83,126.36.548
hafele,Häfele,563.97.960,False,B4- 4 connector with 16 grey screws 1,,,,KIT,,200.0,INR,False,,2026-02-01,Pricelist -2026/HAFELE PRICELIST_MRP revision Eff 1st Feb 2026 (1).pdf,83,563.97.960
hafele,Häfele,563.97.958,False,B4- 4 connector with 16 brown screws 1,,,,KIT,,200.0,INR,False,,2026-02-01,Pricelist -2026/HAFELE PRICELIST_MRP revision Eff 1st Feb 2026 (1).pdf,83,563.97.958
hafele,Häfele,563.97.959,False,B4- 4 connector with 16 black screws 1,,,,KIT,,200.0,INR,False,,2026-02-01,Pricelist -2026/HAFELE PRICELIST_MRP revision Eff 1st Feb 2026 (1).pdf,83,563.97.959
hafele,Häfele,126.36.493,False,Design H grid door profile black 3m 1,,,,PC,,4450.0,INR,False,,2026-02-01,Pricelist -2026/HAFELE PRICELIST_MRP revision Eff 1st Feb 2026 (1).pdf,83,126.36.493
hafele,Häfele,126.36.495,False,Design H grid horizontal profile black 3m 1,,,,PC,,850.0,INR,False,,2026-02-01,Pricelist -2026/HAFELE PRICELIST_MRP revision Eff 1st Feb 2026 (1).pdf,83,126.36.495
hafele,Häfele,563.97.956,False,Design H grid handle black 200 mm 1,200 mm,,,PC,,230.0,INR,False,,2026-02-01,Pricelist -2026/HAFELE PRICELIST_MRP revision Eff 1st Feb 2026 (1).pdf,83,563.97.956
hafele,Häfele,563.97.957,False,H grid 16 qty divider gasket 1,,,,KIT,,800.0,INR,False,,2026-02-01,Pricelist -2026/HAFELE PRICELIST_MRP revision Eff 1st Feb 2026 (1).pdf,83,563.97.957
hafele,Häfele,563.97.965,False,Air connector 1 set L+R & 8 black screws 1,,,,KIT,,1480.0,INR,False,,2026-02-01,Pricelist -2026/HAFELE PRICELIST_MRP revision Eff 1st Feb 2026 (1).pdf,83,563.97.965
hafele,Häfele,126.36.496,False,Design H grid door profile walnut 3m 1,,,,PC,,6400.0,INR,False,,2026-02-01,Pricelist -2026/HAFELE PRICELIST_MRP revision Eff 1st Feb 2026 (1).pdf,83,126.36.496
hafele,Häfele,126.36.498,False,Design H grid horizontal profile walnut 3m 1,,,,PC,,2250.0,INR,False,,2026-02-01,Pricelist -2026/HAFELE PRICELIST_MRP revision Eff 1st Feb 2026 (1).pdf,83,126.36.498
hafele,Häfele,563.97.955,False,Design H grid handle walnut 200 mm 1,200 mm,,,PC,,360.0,INR,False,,2026-02-01,Pricelist -2026/HAFELE PRICELIST_MRP revision Eff 1st Feb 2026 (1).pdf,83,563.97.955
hafele,Häfele,563.97.964,False,Air connector 1 set L+R & 8 walnut screws 1,,,,KIT,,1480.0,INR,False,,2026-02-01,Pricelist -2026/HAFELE PRICELIST_MRP revision Eff 1st Feb 2026 (1).pdf,83,563.97.964
hafele,Häfele,126.36.480,False,Design V grid door profile black 3m 1,,,,PC,,3100.0,INR,False,,2026-02-01,Pricelist -2026/HAFELE PRICELIST_MRP revision Eff 1st Feb 2026 (1).pdf,84,126.36.480
hafele,Häfele,126.36.481,False,Design V grid inner frame profile black 3m 1,,,,PC,,1450.0,INR,False,,2026-02-01,Pricelist -2026/HAFELE PRICELIST_MRP revision Eff 1st Feb 2026 (1).pdf,84,126.36.481
hafele,Häfele,126.36.482,False,Design V grid narrow profile black 3m 1,,,,PC,,1350.0,INR,False,,2026-02-01,Pricelist -2026/HAFELE PRICELIST_MRP revision Eff 1st Feb 2026 (1).pdf,84,126.36.482
hafele,Häfele,126.36.483,False,Design V grid wide profile black 3m 1,,,,PC,,1850.0,INR,False,,2026-02-01,Pricelist -2026/HAFELE PRICELIST_MRP revision Eff 1st Feb 2026 (1).pdf,84,126.36.483
hafele,Häfele,126.36.484,False,Design V grid outer cross profile black 3m 1,,,,PC,,600.0,INR,False,,2026-02-01,Pricelist -2026/HAFELE PRICELIST_MRP revision Eff 1st Feb 2026 (1).pdf,84,126.36.484
hafele,Häfele,126.36.485,False,Design V grid inner cross profile raw 3m 1,,,,PC,,550.0,INR,False,,2026-02-01,Pricelist -2026/HAFELE PRICELIST_MRP revision Eff 1st Feb 2026 (1).pdf,84,126.36.485
hafele,Häfele,126.36.486,False,Design V grid handle black 1,,,,PC,,350.0,INR,False,,2026-02-01,Pricelist -2026/HAFELE PRICELIST_MRP revision Eff 1st Feb 2026 (1).pdf,84,126.36.486
hafele,Häfele,563.97.969,False,V grid 4 corner connector with 8 grub screws 1,,,,KIT,,200.0,INR,False,,2026-02-01,Pricelist -2026/HAFELE PRICELIST_MRP revision Eff 1st Feb 2026 (1).pdf,84,563.97.969
hafele,Häfele,126.36.487,False,Design V grid door profile walnut 3m 1,,,,PC,,3200.0,INR,False,,2026-02-01,Pricelist -2026/HAFELE PRICELIST_MRP revision Eff 1st Feb 2026 (1).pdf,84,126.36.487
hafele,Häfele,126.36.488,False,Design V grid inner frame profile walnut 3m 1,,,,PC,,2800.0,INR,False,,2026-02-01,Pricelist -2026/HAFELE PRICELIST_MRP revision Eff 1st Feb 2026 (1).pdf,84,126.36.488
hafele,Häfele,126.36.489,False,Design V grid narrow profile walnut 3m 1,,,,PC,,2650.0,INR,False,,2026-02-01,Pricelist -2026/HAFELE PRICELIST_MRP revision Eff 1st Feb 2026 (1).pdf,84,126.36.489
hafele,Häfele,126.36.490,False,Design V grid wide profile walnut 3m 1,,,,PC,,3150.0,INR,False,,2026-02-01,Pricelist -2026/HAFELE PRICELIST_MRP revision Eff 1st Feb 2026 (1).pdf,84,126.36.490
hafele,Häfele,126.36.491,False,Design V grid outer cross profile walnut 3m 1,,,,PC,,650.0,INR,False,,2026-02-01,Pricelist -2026/HAFELE PRICELIST_MRP revision Eff 1st Feb 2026 (1).pdf,84,126.36.491
hafele,Häfele,126.36.492,False,Design V grid handle walnut 1,,,,PC,,350.0,INR,False,,2026-02-01,Pricelist -2026/HAFELE PRICELIST_MRP revision Eff 1st Feb 2026 (1).pdf,84,126.36.492
hafele,Häfele,134.28.080,False,"Dia 25X25 mm, Stainless Steel Matt Round Knob 1",,,,PC,,253.0,INR,False,,2026-02-01,Pricelist -2026/HAFELE PRICELIST_MRP revision Eff 1st Feb 2026 (1).pdf,85,134.28.080
hafele,Häfele,134.28.100,False,"Dia 32X26 mm, Stainless Steel Matt 1",,,,PC,,469.0,INR,False,,2026-02-01,Pricelist -2026/HAFELE PRICELIST_MRP revision Eff 1st Feb 2026 (1).pdf,85,134.28.100
hafele,Häfele,134.79.002,False,"Furniture Knob,Size 25mm C/C , Finsh SS Matt 1",25mm,,,PC,,304.0,INR,False,,2026-02-01,Pricelist -2026/HAFELE PRICELIST_MRP revision Eff 1st Feb 2026 (1).pdf,85,134.79.002
hafele,Häfele,134.28.000,False,"Furniture Knob, Size 30mm C/C ,Finsh SS Matt 1",30mm,,,PC,,352.0,INR,False,,2026-02-01,Pricelist -2026/HAFELE PRICELIST_MRP revision Eff 1st Feb 2026 (1).pdf,85,134.28.000
hafele,Häfele,134.81.002,False,"Furniture Knob, Size 25mm C/C ,Finsh SS Matt 1",25mm,,,PC,,264.0,INR,False,,2026-02-01,Pricelist -2026/HAFELE PRICELIST_MRP revision Eff 1st Feb 2026 (1).pdf,85,134.81.002
hafele,Häfele,134.29.004,False,"Furniture Knob, Size 30mm C/C ,Finsh SS Matt 1",30mm,,,PC,,391.0,INR,False,,2026-02-01,Pricelist -2026/HAFELE PRICELIST_MRP revision Eff 1st Feb 2026 (1).pdf,85,134.29.004
hafele,Häfele,110.08.011,False,"Furniture Handle,Delux,C/C 96 mm, Zinc Alloy,Stainless Steel Finish 1",96 mm,,,PC,,109.0,INR,False,,2026-02-01,Pricelist -2026/HAFELE PRICELIST_MRP revision Eff 1st Feb 2026 (1).pdf,85,110.08.011
hafele,Häfele,103.84.061,False,"Furniture Handle,C-Curve,C/C 96 mm, Zinc Alloy,Stainless Steel Finish 1",96 mm,,,PC,,111.0,INR,False,,2026-02-01,Pricelist -2026/HAFELE PRICELIST_MRP revision Eff 1st Feb 2026 (1).pdf,85,103.84.061
hafele,Häfele,110.34.686,False,"Furniture Handle,C/C 160 mm,Zinc Alloy Nickel Plated Brushed 1",160 mm,,,PC,,691.0,INR,False,,2026-02-01,Pricelist -2026/HAFELE PRICELIST_MRP revision Eff 1st Feb 2026 (1).pdf,85,110.34.686
hafele,Häfele,110.35.771,False,"Furniture Knob,Zinc Alloy White Matt 1",,,,PC,,178.0,INR,False,,2026-02-01,Pricelist -2026/HAFELE PRICELIST_MRP revision Eff 1st Feb 2026 (1).pdf,85,110.35.771
hafele,Häfele,110.34.238,False,Furniture Handle C/C 224 mm Zinc Alloy Chrome Plated Polished 1,224 mm,,,PC,,833.0,INR,False,,2026-02-01,Pricelist -2026/HAFELE PRICELIST_MRP revision Eff 1st Feb 2026 (1).pdf,85,110.34.238
hafele,Häfele,106.61.214,False,"Furniture Handle ,C/C 160/192 mm, Chrome Plated 1",192 mm,,,PC,,1029.0,INR,False,,2026-02-01,Pricelist -2026/HAFELE PRICELIST_MRP revision Eff 1st Feb 2026 (1).pdf,85,106.61.214
hafele,Häfele,103.84.100,False,Evolve Furniture Handle Black 160mm C/C 1,160mm,,,PC,,782.0,INR,False,,2026-02-01,Pricelist -2026/HAFELE PRICELIST_MRP revision Eff 1st Feb 2026 (1).pdf,85,103.84.100
hafele,Häfele,103.84.101,False,Evolve Furniture Handle Black 224mm C/C 1,224mm,,,PC,,985.0,INR,False,,2026-02-01,Pricelist -2026/HAFELE PRICELIST_MRP revision Eff 1st Feb 2026 (1).pdf,85,103.84.101
hafele,Häfele,103.84.102,False,Evolve Furniture Handle Black 320mm C/C 1,320mm,,,PC,,1408.0,INR,False,,2026-02-01,Pricelist -2026/HAFELE PRICELIST_MRP revision Eff 1st Feb 2026 (1).pdf,85,103.84.102
hafele,Häfele,151.86.021,False,"Flush Handle Aluminium, Stainless Steel Coloured Size: 136X45mm 1",,,,PC,,2375.0,INR,False,,2026-02-01,Pricelist -2026/HAFELE PRICELIST_MRP revision Eff 1st Feb 2026 (1).pdf,85,151.86.021
hafele,Häfele,151.86.027,False,"Flush Handle Aluminium, Stainless Steel Coloured Size: 330X45mm 1",,,,PC,,3596.0,INR,False,,2026-02-01,Pricelist -2026/HAFELE PRICELIST_MRP revision Eff 1st Feb 2026 (1).pdf,85,151.86.027
hafele,Häfele,152.16.710,False,"Flush Handle Size: 112X87mm, Frosty White Coloured 1",,,,PC,,4436.0,INR,False,,2026-02-01,Pricelist -2026/HAFELE PRICELIST_MRP revision Eff 1st Feb 2026 (1).pdf,85,152.16.710
hafele,Häfele,126.35.945,False,"Aluminium Grip Profile,2500 mm,Aluminium Silver Anodized 1",2500 mm,,,PC,,4832.0,INR,False,,2026-02-01,Pricelist -2026/HAFELE PRICELIST_MRP revision Eff 1st Feb 2026 (1).pdf,85,126.35.945
hafele,Häfele,126.21.902,False,"Profile Grip, Aluminium, Silver Coloured, Anodized E2/Ev1,  Size: 21 X 19.5 X 2500 mm 1",2500 mm,,,PC,,3720.0,INR,False,,2026-02-01,Pricelist -2026/HAFELE PRICELIST_MRP revision Eff 1st Feb 2026 (1).pdf,85,126.21.902
hafele,Häfele,126.07.933,False,Alu Profile G-Shape 3000mm A Silver 1,3000mm,,,PC,,3828.0,INR,False,,2026-02-01,Pricelist -2026/HAFELE PRICELIST_MRP revision Eff 1st Feb 2026 (1).pdf,85,126.07.933
hafele,Häfele,126.07.033,False,Al Profile G-Shape 3000 mm Ss Hairline 1,3000 mm,,,PC,,4649.0,INR,False,,2026-02-01,Pricelist -2026/HAFELE PRICELIST_MRP revision Eff 1st Feb 2026 (1).pdf,85,126.07.033
hafele,Häfele,126.39.925,False,Aluminium Profile Handle 2500 mm Aluminium Silver Anodized 1,2500 mm,,,PC,,4252.0,INR,False,,2026-02-01,Pricelist -2026/HAFELE PRICELIST_MRP revision Eff 1st Feb 2026 (1).pdf,85,126.39.925
hafele,Häfele,126.39.997,False,End Cap for 126.39.925 Rhs Plastic Silver Coloured 1,,,,PC,,370.0,INR,False,,2026-02-01,Pricelist -2026/HAFELE PRICELIST_MRP revision Eff 1st Feb 2026 (1).pdf,85,126.39.997
hafele,Häfele,126.39.998,False,End Cap for 126.39.925 Lhs Plastic Silver Coloured 1,,,,PC,,370.0,INR,False,,2026-02-01,Pricelist -2026/HAFELE PRICELIST_MRP revision Eff 1st Feb 2026 (1).pdf,85,126.39.998
hafele,Häfele,126.34.925,False,"Grip Profile Handle,Aluminium Anodized,2500 mm 1",2500 mm,,,PC,,3220.0,INR,False,,2026-02-01,Pricelist -2026/HAFELE PRICELIST_MRP revision Eff 1st Feb 2026 (1).pdf,85,126.34.925
hafele,Häfele,126.37.700,False,"Grip Profile Handle,L Shape, White,2500 mm 1",2500 mm,,,PC,,4157.0,INR,False,,2026-02-01,Pricelist -2026/HAFELE PRICELIST_MRP revision Eff 1st Feb 2026 (1).pdf,85,126.37.700
hafele,Häfele,126.37.911,False,"Grip Profile Handle,L Shape,Aluminium Anodized,3000 mm 1",3000 mm,,,PC,,2270.0,INR,False,,2026-02-01,Pricelist -2026/HAFELE PRICELIST_MRP revision Eff 1st Feb 2026 (1).pdf,85,126.37.911
hafele,Häfele,126.27.907,False,"Aluminium Grip Profile Handle, Aluminium Silver  Anodised, 3000mm 1",3000mm,,,PC,,2011.0,INR,False,,2026-02-01,Pricelist -2026/HAFELE PRICELIST_MRP revision Eff 1st Feb 2026 (1).pdf,86,126.27.907
hafele,Häfele,126.27.908,False,"Grip Profile Handle,Aluminium Anodized,3000 mm 1",3000 mm,,,PC,,2620.0,INR,False,,2026-02-01,Pricelist -2026/HAFELE PRICELIST_MRP revision Eff 1st Feb 2026 (1).pdf,86,126.27.908
hafele,Häfele,126.37.997,False,"Cover Cap for L Shape Gola Profile, Rhs, Silver 1",,,,PC,,220.0,INR,False,,2026-02-01,Pricelist -2026/HAFELE PRICELIST_MRP revision Eff 1st Feb 2026 (1).pdf,86,126.37.997
hafele,Häfele,126.37.998,False,"Cover Cap for L Shape Gola Profile, Lhs, Silver 1",,,,PC,,195.0,INR,False,,2026-02-01,Pricelist -2026/HAFELE PRICELIST_MRP revision Eff 1st Feb 2026 (1).pdf,86,126.37.998
hafele,Häfele,126.37.977,False,"Cover Cap for L Shape Gola Profile, Rhs, White 1",,,,PC,,195.0,INR,False,,2026-02-01,Pricelist -2026/HAFELE PRICELIST_MRP revision Eff 1st Feb 2026 (1).pdf,86,126.37.977
hafele,Häfele,126.37.978,False,"Cover Cap for L Shape Gola Profile, Lhs, White 1",,,,PC,,195.0,INR,False,,2026-02-01,Pricelist -2026/HAFELE PRICELIST_MRP revision Eff 1st Feb 2026 (1).pdf,86,126.37.978
hafele,Häfele,126.37.937,False,"Cover Cap for L Shape Gola Profile, Rhs, Black 1",,,,PC,,220.0,INR,False,,2026-02-01,Pricelist -2026/HAFELE PRICELIST_MRP revision Eff 1st Feb 2026 (1).pdf,86,126.37.937
hafele,Häfele,126.37.938,False,"Cover Cap for L Shape Gola Profile, Lhs, Black 1",,,,PC,,195.0,INR,False,,2026-02-01,Pricelist -2026/HAFELE PRICELIST_MRP revision Eff 1st Feb 2026 (1).pdf,86,126.37.938
hafele,Häfele,126.36.900,False,"Grip Profile Handle,C Shape,Aluminium Anodized,2500 mm 1",2500 mm,,,PC,,4630.0,INR,False,,2026-02-01,Pricelist -2026/HAFELE PRICELIST_MRP revision Eff 1st Feb 2026 (1).pdf,86,126.36.900
hafele,Häfele,126.36.700,False,"Grip Profile Handle,C Shape,White,2500 mm 1",2500 mm,,,PC,,5155.0,INR,False,,2026-02-01,Pricelist -2026/HAFELE PRICELIST_MRP revision Eff 1st Feb 2026 (1).pdf,86,126.36.700
hafele,Häfele,126.37.996,False,"Cover Cap for C Shape Gola Profile, Silver 1",,,,PC,,195.0,INR,False,,2026-02-01,Pricelist -2026/HAFELE PRICELIST_MRP revision Eff 1st Feb 2026 (1).pdf,86,126.37.996
hafele,Häfele,126.37.976,False,"Cover Cap for C Shape Gola Profile, White 1",,,,PC,,220.0,INR,False,,2026-02-01,Pricelist -2026/HAFELE PRICELIST_MRP revision Eff 1st Feb 2026 (1).pdf,86,126.37.976
hafele,Häfele,126.37.936,False,"Cover Cap for C Shape Gola Profile, Black 1",,,,PC,,195.0,INR,False,,2026-02-01,Pricelist -2026/HAFELE PRICELIST_MRP revision Eff 1st Feb 2026 (1).pdf,86,126.37.936
hafele,Häfele,126.37.988,False,Gola Profile Bracket Ss Polished 1,,,,PC,,216.0,INR,False,,2026-02-01,Pricelist -2026/HAFELE PRICELIST_MRP revision Eff 1st Feb 2026 (1).pdf,86,126.37.988
hafele,Häfele,126.37.990,False,"Fixing Bracket for Gola Profile Handles,Stainless Steel 44X44mm 1",,,,PC,,111.0,INR,False,,2026-02-01,Pricelist -2026/HAFELE PRICELIST_MRP revision Eff 1st Feb 2026 (1).pdf,86,126.37.990
hafele,Häfele,126.37.370,False,Inward Connector C Shape Gola Blk 1,,,,PC,,250.0,INR,False,,2026-02-01,Pricelist -2026/HAFELE PRICELIST_MRP revision Eff 1st Feb 2026 (1).pdf,86,126.37.370
hafele,Häfele,126.37.981,False,Inward Corner for C Shape Gola Silver 1,,,,PC,,221.0,INR,False,,2026-02-01,Pricelist -2026/HAFELE PRICELIST_MRP revision Eff 1st Feb 2026 (1).pdf,86,126.37.981
hafele,Häfele,126.37.986,False,Outward Corner for C Shape Gola Silver 1,,,,PC,,221.0,INR,False,,2026-02-01,Pricelist -2026/HAFELE PRICELIST_MRP revision Eff 1st Feb 2026 (1).pdf,86,126.37.986
hafele,Häfele,126.37.374,False,Inward Connector for L Shape Gola Blk 1,,,,PC,,313.0,INR,False,,2026-02-01,Pricelist -2026/HAFELE PRICELIST_MRP revision Eff 1st Feb 2026 (1).pdf,86,126.37.374
hafele,Häfele,126.37.980,False,Inward Corner for L Shape Gola Silver 1,,,,PC,,315.0,INR,False,,2026-02-01,Pricelist -2026/HAFELE PRICELIST_MRP revision Eff 1st Feb 2026 (1).pdf,86,126.37.980
hafele,Häfele,126.37.375,False,Outward Corner for L Shape Gola Blk 1,,,,PC,,334.0,INR,False,,2026-02-01,Pricelist -2026/HAFELE PRICELIST_MRP revision Eff 1st Feb 2026 (1).pdf,86,126.37.375
hafele,Häfele,126.37.985,False,Outward Corner for L Shape Gola Silver 1,,,,PC,,270.0,INR,False,,2026-02-01,Pricelist -2026/HAFELE PRICELIST_MRP revision Eff 1st Feb 2026 (1).pdf,86,126.37.985
hafele,Häfele,121.50.903,False,Furniture Handle C/C 128mm Zinc Alloy Antique Brass Porselen Black And Gold 1,128mm,,,PC,,1695.0,INR,False,,2026-02-01,Pricelist -2026/HAFELE PRICELIST_MRP revision Eff 1st Feb 2026 (1).pdf,86,121.50.903
hafele,Häfele,121.40.812,False,Furniture Handle C/C 96 mm Zinc Alloy Antique Brass Porselen Crack Finish 1,96 mm,,,PC,,1399.0,INR,False,,2026-02-01,Pricelist -2026/HAFELE PRICELIST_MRP revision Eff 1st Feb 2026 (1).pdf,86,121.40.812
hafele,Häfele,121.40.811,False,Furniture Knob Zinc Alloy Antique Brass Porselen Crack Finish 1,,,,PC,,795.0,INR,False,,2026-02-01,Pricelist -2026/HAFELE PRICELIST_MRP revision Eff 1st Feb 2026 (1).pdf,86,121.40.811
hafele,Häfele,226.30.761,False,"Catch Hook for Screw-Mounting, Nickel Plated, 6 mm (Article No. 226.30.761 Consists of Article Nos. 226.30.763 & 226.30.764) 1",6 mm,,,PR,,248.0,INR,False,,2026-02-01,Pricelist -2026/HAFELE PRICELIST_MRP revision Eff 1st Feb 2026 (1).pdf,87,226.30.761
hafele,Häfele,239.75.761,False,"Screw-On Rod Guide, Nickel Plated, 6 mm 1",6 mm,,,PC,,83.0,INR,False,,2026-02-01,Pricelist -2026/HAFELE PRICELIST_MRP revision Eff 1st Feb 2026 (1).pdf,87,239.75.761
hafele,Häfele,223.64.012,False,"Wardrobe Lock for 25 mm Thick Door, Stainless Steel, 1,00,000 Key Combination 1",25 mm,,,PC,,760.0,INR,False,,2026-02-01,Pricelist -2026/HAFELE PRICELIST_MRP revision Eff 1st Feb 2026 (1).pdf,87,223.64.012
hafele,Häfele,223.64.013,False,"Wardrobe Lock for 30 mm Thick Door, Stainless Steel, 1,00,000 Key Combination 1",30 mm,,,PC,,835.0,INR,False,,2026-02-01,Pricelist -2026/HAFELE PRICELIST_MRP revision Eff 1st Feb 2026 (1).pdf,87,223.64.013
hafele,Häfele,223.64.014,False,"Wardrobe Lock for 35 mm Thick Door, Stainless Steel, 1,00,000 Key Combination 1",35 mm,,,PC,,860.0,INR,False,,2026-02-01,Pricelist -2026/HAFELE PRICELIST_MRP revision Eff 1st Feb 2026 (1).pdf,87,223.64.014
hafele,Häfele,223.64.001,False,"Multipurpose Lock, for 20 mm Thick Drawer, Stainless Steel 1,00,000 Key Combination 1",20 mm,,,PC,,520.0,INR,False,,2026-02-01,Pricelist -2026/HAFELE PRICELIST_MRP revision Eff 1st Feb 2026 (1).pdf,87,223.64.001
hafele,Häfele,223.64.002,False,"Multipurpose Lock, for 25 mm Thick Drawer, Stainless Steel 1,00,000 Key Combination 1",25 mm,,,PC,,560.0,INR,False,,2026-02-01,Pricelist -2026/HAFELE PRICELIST_MRP revision Eff 1st Feb 2026 (1).pdf,87,223.64.002
hafele,Häfele,223.64.003,False,"Multipurpose Lock, for 30 mm Thick Drawer, Stainless Steel 1,00,000 Key Combination 1",30 mm,,,PC,,580.0,INR,False,,2026-02-01,Pricelist -2026/HAFELE PRICELIST_MRP revision Eff 1st Feb 2026 (1).pdf,87,223.64.003
hafele,Häfele,232.38.922,False,"Multipurpose Lock 22 mm Nickel Plated, 960 Key Combination 1",22 mm,,,PC,,390.0,INR,False,,2026-02-01,Pricelist -2026/HAFELE PRICELIST_MRP revision Eff 1st Feb 2026 (1).pdf,87,232.38.922
hafele,Häfele,232.38.921,False,"Multipurpose Lock 32 mm Nickel Plated, 960 Key Combination 1",32 mm,,,PC,,430.0,INR,False,,2026-02-01,Pricelist -2026/HAFELE PRICELIST_MRP revision Eff 1st Feb 2026 (1).pdf,87,232.38.921
hafele,Häfele,234.99.961,False,"Pedestal Front Lock D19X20 mm Nickel Plated, 960 Key Combination 1",,,,PC,,555.0,INR,False,,2026-02-01,Pricelist -2026/HAFELE PRICELIST_MRP revision Eff 1st Feb 2026 (1).pdf,87,234.99.961
hafele,Häfele,225.65.620,False,Espagnolette Lock 22 mm Nicke Plated 1,22 mm,,,PC,,895.0,INR,False,,2026-02-01,Pricelist -2026/HAFELE PRICELIST_MRP revision Eff 1st Feb 2026 (1).pdf,87,225.65.620
hafele,Häfele,225.65.621,False,Espagnolette Lock 32 mm Nicke Plated 1,32 mm,,,PC,,980.0,INR,False,,2026-02-01,Pricelist -2026/HAFELE PRICELIST_MRP revision Eff 1st Feb 2026 (1).pdf,87,225.65.621
hafele,Häfele,225.65.629,False,Rod for Espagnolette Lock 1.5 Meter Nickel Plated 1,,,,PC,,640.0,INR,False,,2026-02-01,Pricelist -2026/HAFELE PRICELIST_MRP revision Eff 1st Feb 2026 (1).pdf,87,225.65.629
hafele,Häfele,209.99.900,False,"Master Key, Brass 1",,,,PC,,42.0,INR,False,,2026-02-01,Pricelist -2026/HAFELE PRICELIST_MRP revision Eff 1st Feb 2026 (1).pdf,87,209.99.900
hafele,Häfele,232.20.206,False,Lock for 2 Door Sliding System for 18 To 28 mm Door Thickness 1,28 mm,,,KIT,,1895.0,INR,False,,2026-02-01,Pricelist -2026/HAFELE PRICELIST_MRP revision Eff 1st Feb 2026 (1).pdf,87,232.20.206
hafele,Häfele,232.20.712,False,"Locking Bracket, Zinc Alloy, Np 1",,,,PC,,180.0,INR,False,,2026-02-01,Pricelist -2026/HAFELE PRICELIST_MRP revision Eff 1st Feb 2026 (1).pdf,87,232.20.712
hafele,Häfele,232.20.207,False,3 Door Sliding Lock 1,,,,KIT,,2655.0,INR,False,,2026-02-01,Pricelist -2026/HAFELE PRICELIST_MRP revision Eff 1st Feb 2026 (1).pdf,87,232.20.207
hafele,Häfele,232.01.777,False,Glass Door Lock  Upto 6 mm Np 1,6 mm,,,PC,,385.0,INR,False,,2026-02-01,Pricelist -2026/HAFELE PRICELIST_MRP revision Eff 1st Feb 2026 (1).pdf,88,232.01.777
hafele,Häfele,245.58.754,False,"Automatic Door Catch, Nickel Plated 1",,,,PC,,355.0,INR,False,,2026-02-01,Pricelist -2026/HAFELE PRICELIST_MRP revision Eff 1st Feb 2026 (1).pdf,88,245.58.754
hafele,Häfele,246.29.105,False,"Magnetic Catch, Plastic Housing (Brown), Steel Counter Piece.  Pull / Adhesive Strength 4 To 5 Kg 1",,,,PC,,133.0,INR,False,,2026-02-01,Pricelist -2026/HAFELE PRICELIST_MRP revision Eff 1st Feb 2026 (1).pdf,88,246.29.105
hafele,Häfele,246.29.301,False,"Magnetic Catch, Plastic Housing (Black), Steel Counter Piece.  Pull / Adhesive Strength 4 To 5 Kg 1",,,,PC,,133.0,INR,False,,2026-02-01,Pricelist -2026/HAFELE PRICELIST_MRP revision Eff 1st Feb 2026 (1).pdf,88,246.29.301
hafele,Häfele,246.29.703,False,"Magnetic Catch, Plastic Housing (White), Steel Counter Piece.  Pull / Adhesive Strength 4 To 5 Kg 1",,,,PC,,133.0,INR,False,,2026-02-01,Pricelist -2026/HAFELE PRICELIST_MRP revision Eff 1st Feb 2026 (1).pdf,88,246.29.703
hafele,Häfele,245.54.701,False,"Automatic Spring Catch, Nickel Plated 1",,,,PC,,325.0,INR,False,,2026-02-01,Pricelist -2026/HAFELE PRICELIST_MRP revision Eff 1st Feb 2026 (1).pdf,88,245.54.701
hafele,Häfele,274.52.070,False,5 mm Bed Fitting Mechanism 34 Inches S S G 1,5 mm,,,PR,,4220.0,INR,False,,2026-02-01,Pricelist -2026/HAFELE PRICELIST_MRP revision Eff 1st Feb 2026 (1).pdf,88,274.52.070
hafele,Häfele,274.52.071,False,5 mm Bed Fitting Mechanism 48 Inches S S G 1,5 mm,,,PR,,5656.0,INR,False,,2026-02-01,Pricelist -2026/HAFELE PRICELIST_MRP revision Eff 1st Feb 2026 (1).pdf,88,274.52.071
hafele,Häfele,274.52.072,False,5 mm Bed Fitting Mechanism 60 Inches S S G 1,5 mm,,,PR,,5818.0,INR,False,,2026-02-01,Pricelist -2026/HAFELE PRICELIST_MRP revision Eff 1st Feb 2026 (1).pdf,88,274.52.072
hafele,Häfele,274.52.037,False,3 mm  Bed Fitting Mechanism 34 Inches S S G 1,3 mm,,,PR,,3956.0,INR,False,,2026-02-01,Pricelist -2026/HAFELE PRICELIST_MRP revision Eff 1st Feb 2026 (1).pdf,88,274.52.037
hafele,Häfele,274.52.038,False,3 mm Bed Fitting Mechanism 48 Inches S S G 1,3 mm,,,PR,,4702.0,INR,False,,2026-02-01,Pricelist -2026/HAFELE PRICELIST_MRP revision Eff 1st Feb 2026 (1).pdf,88,274.52.038
hafele,Häfele,274.52.039,False,3 mm Bed Fitting Mechanism 60 Inches S S G 1,3 mm,,,PR,,5329.0,INR,False,,2026-02-01,Pricelist -2026/HAFELE PRICELIST_MRP revision Eff 1st Feb 2026 (1).pdf,88,274.52.039
hafele,Häfele,274.52.044,False,Gas Sp for 5mm 1750N Bed Fitt.-99 Kg 1,5mm,,,PR,,1699.0,INR,False,,2026-02-01,Pricelist -2026/HAFELE PRICELIST_MRP revision Eff 1st Feb 2026 (1).pdf,88,274.52.044
hafele,Häfele,274.52.045,False,Gas Sp for 5mm 2000N Bed Fitt.-118Kg 1,5mm,,,PR,,1699.0,INR,False,,2026-02-01,Pricelist -2026/HAFELE PRICELIST_MRP revision Eff 1st Feb 2026 (1).pdf,88,274.52.045
hafele,Häfele,274.52.047,False,Gas Sp for 3 & 5mm 500N Bed Fitt.-22 Kg 1,5mm,,,PR,,1661.0,INR,False,,2026-02-01,Pricelist -2026/HAFELE PRICELIST_MRP revision Eff 1st Feb 2026 (1).pdf,88,274.52.047
hafele,Häfele,274.52.100,False,Gas Sp for 3 & 5mm 750N Bed Fitt.-32 Kg 1,5mm,,,PR,,1402.0,INR,False,,2026-02-01,Pricelist -2026/HAFELE PRICELIST_MRP revision Eff 1st Feb 2026 (1).pdf,88,274.52.100
hafele,Häfele,274.52.101,False,Gas Sp for 3 & 5mm 1000N Bed Fitt.-49 Kg 1,5mm,,,PR,,1335.0,INR,False,,2026-02-01,Pricelist -2026/HAFELE PRICELIST_MRP revision Eff 1st Feb 2026 (1).pdf,88,274.52.101
hafele,Häfele,274.52.046,False,Gas Sp for 3 & 5mm 1250N Bed Fitt.-72 Kg 1,5mm,,,PR,,1490.0,INR,False,,2026-02-01,Pricelist -2026/HAFELE PRICELIST_MRP revision Eff 1st Feb 2026 (1).pdf,88,274.52.046
hafele,Häfele,274.52.102,False,Gas Sp for 3 & 5mm 1500N Bed Fitt.-84 Kg 1,5mm,,,PR,,1490.0,INR,False,,2026-02-01,Pricelist -2026/HAFELE PRICELIST_MRP revision Eff 1st Feb 2026 (1).pdf,88,274.52.102
hafele,Häfele,271.63.006,False,"Wooden Slats for Single Beds, 5 Layers. Length: 991mm Material/Finish: Beech Wood, Laquered Natural Wood 1",991mm,,,PC,,357.0,INR,False,,2026-02-01,Pricelist -2026/HAFELE PRICELIST_MRP revision Eff 1st Feb 2026 (1).pdf,88,271.63.006
hafele,Häfele,271.62.116,False,"Slat Support Flexible Screw Fixing. Material/Finish: Plastic, Brown 1",,,,PC,,33.0,INR,False,,2026-02-01,Pricelist -2026/HAFELE PRICELIST_MRP revision Eff 1st Feb 2026 (1).pdf,88,271.62.116
hafele,Häfele,505.75.945,False,Opla Top Silent + Kit Cap (W450-900mm) 1,900mm,,,KIT,,72780.0,INR,False,,2026-02-01,Pricelist -2026/HAFELE PRICELIST_MRP revision Eff 1st Feb 2026 (1).pdf,89,505.75.945
hafele,Häfele,505.75.925,False,Lunch Silent Extension Table+ Kit Cap (W450-900mm) 1,900mm,,,KIT,,64575.0,INR,False,,2026-02-01,Pricelist -2026/HAFELE PRICELIST_MRP revision Eff 1st Feb 2026 (1).pdf,89,505.75.925
hafele,Häfele,505.75.995,False,"Evolution Naked Xl, W 900 mm 1",900 mm,,,KIT,,159790.0,INR,False,,2026-02-01,Pricelist -2026/HAFELE PRICELIST_MRP revision Eff 1st Feb 2026 (1).pdf,89,505.75.995
hafele,Häfele,505.79.901,False,Axis Linear Counter Top Extension 600 mm Steel 1,600 mm,,,KIT,,57930.0,INR,False,,2026-02-01,Pricelist -2026/HAFELE PRICELIST_MRP revision Eff 1st Feb 2026 (1).pdf,89,505.79.901
hafele,Häfele,505.79.911,False,Axis Linear Counter Top Central Extension 600 mm Steel 1,600 mm,,,PC,,28535.0,INR,False,,2026-02-01,Pricelist -2026/HAFELE PRICELIST_MRP revision Eff 1st Feb 2026 (1).pdf,89,505.79.911
hafele,Häfele,505.79.902,False,Axis Linear Counter Top Extension 900 mm Steel 1,900 mm,,,KIT,,76210.0,INR,False,,2026-02-01,Pricelist -2026/HAFELE PRICELIST_MRP revision Eff 1st Feb 2026 (1).pdf,89,505.79.902
hafele,Häfele,505.79.912,False,Axis Linear Counter Top Central Extension 900 mm Steel 1,900 mm,,,PC,,37680.0,INR,False,,2026-02-01,Pricelist -2026/HAFELE PRICELIST_MRP revision Eff 1st Feb 2026 (1).pdf,89,505.79.912
hafele,Häfele,505.79.903,False,Axis Linear Counter Top Extension 1200 mm Steel 1,1200 mm,,,KIT,,115855.0,INR,False,,2026-02-01,Pricelist -2026/HAFELE PRICELIST_MRP revision Eff 1st Feb 2026 (1).pdf,89,505.79.903
hafele,Häfele,505.79.913,False,Axis Linear Counter Top Central Extension 1200 mm Steel 1,1200 mm,,,PC,,51329.0,INR,False,,2026-02-01,Pricelist -2026/HAFELE PRICELIST_MRP revision Eff 1st Feb 2026 (1).pdf,89,505.79.913
hafele,Häfele,271.00.018,False,Pratik Slatted Frame W1800X2000 mm 1,,,,PC,,52215.0,INR,False,,2026-02-01,Pricelist -2026/HAFELE PRICELIST_MRP revision Eff 1st Feb 2026 (1).pdf,89,271.00.018
hafele,Häfele,274.52.915,False,Pratik Bed Fitting Mechanism for W1800X2000 mm 1,,,,SET,,88050.0,INR,False,,2026-02-01,Pricelist -2026/HAFELE PRICELIST_MRP revision Eff 1st Feb 2026 (1).pdf,89,274.52.915
hafele,Häfele,271.95.278,False,Gravity Storage Bed Fitting W1800X2000 1,,,,SET,,153130.0,INR,False,,2026-02-01,Pricelist -2026/HAFELE PRICELIST_MRP revision Eff 1st Feb 2026 (1).pdf,89,271.95.278
hafele,Häfele,271.95.276,False,Aladino Hide-Away Bed System W920X2000 mm 1,,,,SET,,135085.0,INR,False,,2026-02-01,Pricelist -2026/HAFELE PRICELIST_MRP revision Eff 1st Feb 2026 (1).pdf,89,271.95.276
hafele,Häfele,271.95.285,False,Aladino Hide-Away Bed System 1620X2000mm 1,,,,SET,,168630.0,INR,False,,2026-02-01,Pricelist -2026/HAFELE PRICELIST_MRP revision Eff 1st Feb 2026 (1).pdf,89,271.95.285
hafele,Häfele,271.95.390,False,Aladino Elektra (Sofa Mechanism to be ordered separately) 1,,,,SET,,421105.0,INR,False,,2026-02-01,Pricelist -2026/HAFELE PRICELIST_MRP revision Eff 1st Feb 2026 (1).pdf,89,271.95.390
hafele,Häfele,272.00.110,False,Sofa Mechanism for Aladino Hide-Away Bed System 1620X2000mm and Aladino Elektra (Article Number 272.00.119 Hardware Packet for Aladino Sofa Fixing Is A Part of This Kit) 1,,,,SET,,99595.0,INR,False,,2026-02-01,Pricelist -2026/HAFELE PRICELIST_MRP revision Eff 1st Feb 2026 (1).pdf,89,272.00.110
hafele,Häfele,271.95.279,False,Supernova Push To Open Hide-Away Bed System W1830X2020 mm 1,,,,SET,,268455.0,INR,False,,2026-02-01,Pricelist -2026/HAFELE PRICELIST_MRP revision Eff 1st Feb 2026 (1).pdf,89,271.95.279
hafele,Häfele,271.95.277,False,"Orbit Revolving Bed Fitting, W1630 X 2020 mm 1",2020 mm,,,SET,,733463.0,INR,False,,2026-02-01,Pricelist -2026/HAFELE PRICELIST_MRP revision Eff 1st Feb 2026 (1).pdf,89,271.95.277
hafele,Häfele,421.68.700,False,"Minilift, Stroke 460 mm,Weight Carrying Capacity 50 Kg, Steel Silver 1",460 mm,,,PC,,66020.0,INR,False,,2026-02-01,Pricelist -2026/HAFELE PRICELIST_MRP revision Eff 1st Feb 2026 (1).pdf,89,421.68.700
hafele,Häfele,421.68.431,False,"Minilift Mounting Bracket,Silver 1",,,,PC,,15160.0,INR,False,,2026-02-01,Pricelist -2026/HAFELE PRICELIST_MRP revision Eff 1st Feb 2026 (1).pdf,89,421.68.431
hafele,Häfele,421.68.423,False,"Electric Maxi Lift System for Fixed Plasma Screens, Supplied with Remote Control & Mounting Bracket. Load Capacity 100Kg , Height of Mechanism 750 mm (Closed) To 1750 mm (Open), Steel Black, (Max Travel:1000 mm) 1",750 mm,,,PC,,151690.0,INR,False,,2026-02-01,Pricelist -2026/HAFELE PRICELIST_MRP revision Eff 1st Feb 2026 (1).pdf,89,421.68.423
hafele,Häfele,646.15.014,False,"Turntable, Steel Bright, 100Kg / 360° / 170 mm 1",170 mm,,,PC,,2351.0,INR,False,,2026-02-01,Pricelist -2026/HAFELE PRICELIST_MRP revision Eff 1st Feb 2026 (1).pdf,89,646.15.014
hafele,Häfele,568.60.710,False,"Built-In Ironing Board (Drawer Mounted), Steel, White Plastic Coated. Minimum Installation Dimensions : 450mm X 600mm X 155mm 1",450mm,,,PC,,30910.0,INR,False,,2026-02-01,Pricelist -2026/HAFELE PRICELIST_MRP revision Eff 1st Feb 2026 (1).pdf,90,568.60.710
hafele,Häfele,568.66.700,False,"Wall-Mounting Ironing Board, Without Covering Cap, Steel, White Plastic Coated 1",,,,PC,,26942.0,INR,False,,2026-02-01,Pricelist -2026/HAFELE PRICELIST_MRP revision Eff 1st Feb 2026 (1).pdf,90,568.66.700
hafele,Häfele,568.60.793,False,"Ironfix Pull-Out Ironing Board,For Built-In Installation, Aluminium 1",,,,PC,,24001.0,INR,False,,2026-02-01,Pricelist -2026/HAFELE PRICELIST_MRP revision Eff 1st Feb 2026 (1).pdf,90,568.60.793
hafele,Häfele,804.21.303,False,Oval Cloth Hanger Rail 3000 mm Black 1,3000 mm,,,PC,,4300.0,INR,False,,2026-02-01,Pricelist -2026/HAFELE PRICELIST_MRP revision Eff 1st Feb 2026 (1).pdf,90,804.21.303
hafele,Häfele,804.21.390,False,Side Bracket for Hanger Rail Black 1,,,,PC,,470.0,INR,False,,2026-02-01,Pricelist -2026/HAFELE PRICELIST_MRP revision Eff 1st Feb 2026 (1).pdf,90,804.21.390
hafele,Häfele,801.76.923,False,Wardrobe Oval Rod 30X15 mm 3000 mm White Aluminium 1,3000 mm,,,PC,,1518.0,INR,False,,2026-02-01,Pricelist -2026/HAFELE PRICELIST_MRP revision Eff 1st Feb 2026 (1).pdf,90,801.76.923
hafele,Häfele,801.76.623,False,Wardrobe Oval Rod 30X15 mm 3000 mm Silver Anodized 1,3000 mm,,,PC,,2115.0,INR,False,,2026-02-01,Pricelist -2026/HAFELE PRICELIST_MRP revision Eff 1st Feb 2026 (1).pdf,90,801.76.623
hafele,Häfele,803.33.757,False,"Ova Wardrobe Rail Support for Screw-Mounting on Side Panel, Zinc, Nickel Plated 1",,,,PC,,60.0,INR,False,,2026-02-01,Pricelist -2026/HAFELE PRICELIST_MRP revision Eff 1st Feb 2026 (1).pdf,90,803.33.757
hafele,Häfele,803.33.756,False,"Ova Wardrobe Rail Support for Screw-Mounting on Side Panel, Zinc, Nickel Plated 1",,,,PC,,43.0,INR,False,,2026-02-01,Pricelist -2026/HAFELE PRICELIST_MRP revision Eff 1st Feb 2026 (1).pdf,90,803.33.756
hafele,Häfele,803.04.510,False,"Ova Wardrobe Rail Support for Screw-Mounting on Side Panel &  5 mm Dowel, Plastic Grey 1",5 mm,,,PC,,31.0,INR,False,,2026-02-01,Pricelist -2026/HAFELE PRICELIST_MRP revision Eff 1st Feb 2026 (1).pdf,90,803.04.510
hafele,Häfele,805.01.752,False,"Extendable Wardrobe Rail, Length 260mm, Load Capacity 4Kg To 8Kg, Material/Finish: Steel, Nickel Plated 1",260mm,,,PC,,456.0,INR,False,,2026-02-01,Pricelist -2026/HAFELE PRICELIST_MRP revision Eff 1st Feb 2026 (1).pdf,90,805.01.752
hafele,Häfele,805.01.761,False,"Extendable Wardrobe Rail, Length 310mm, Load Capacity 4Kg To 8Kg, Material/Finish: Steel, Nickel Plated 1",310mm,,,PC,,565.0,INR,False,,2026-02-01,Pricelist -2026/HAFELE PRICELIST_MRP revision Eff 1st Feb 2026 (1).pdf,90,805.01.761
hafele,Häfele,805.01.770,False,"Extendable Wardrobe Rail, Length 360mm, Load Capacity 4Kg To 8Kg, Material/Finish: Steel, Nickel Plated 1",360mm,,,PC,,650.0,INR,False,,2026-02-01,Pricelist -2026/HAFELE PRICELIST_MRP revision Eff 1st Feb 2026 (1).pdf,90,805.01.770
hafele,Häfele,805.01.789,False,"Extendable Wardrobe Rail, Length 410mm, Load Capacity 4Kg To 8Kg, Material/Finish: Steel, Nickel Plated 1",410mm,,,PC,,656.0,INR,False,,2026-02-01,Pricelist -2026/HAFELE PRICELIST_MRP revision Eff 1st Feb 2026 (1).pdf,90,805.01.789
hafele,Häfele,805.20.031,False,Wardrobe Lift Chrome Plated 10 Kg 600-1000mm Black 1,1000mm,,,PC,,20930.0,INR,False,,2026-02-01,Pricelist -2026/HAFELE PRICELIST_MRP revision Eff 1st Feb 2026 (1).pdf,90,805.20.031
hafele,Häfele,805.20.024,False,Wardrobe Lift Nickel Plated 10 Kg 440-610 mm Black 1,610 mm,,,PC,,17825.0,INR,False,,2026-02-01,Pricelist -2026/HAFELE PRICELIST_MRP revision Eff 1st Feb 2026 (1).pdf,90,805.20.024
hafele,Häfele,805.25.101,False,Wardrobe Lift 750-1100 mm Brown 1,1100 mm,,,PC,,23915.0,INR,False,,2026-02-01,Pricelist -2026/HAFELE PRICELIST_MRP revision Eff 1st Feb 2026 (1).pdf,91,805.25.101
hafele,Häfele,805.25.301,False,Wardrobe Lift 750-1100 mm Black 1,1100 mm,,,PC,,24580.0,INR,False,,2026-02-01,Pricelist -2026/HAFELE PRICELIST_MRP revision Eff 1st Feb 2026 (1).pdf,91,805.25.301
hafele,Häfele,805.21.911,False,"Wardrobe Lift for Screw-Mounting on The Side Panels, White Aluminum, Arm Grey,  Load Capacity 12Kg, for Internal Wardrobe Width 680mm - 980mm 1",680mm,,,PC,,28286.0,INR,False,,2026-02-01,Pricelist -2026/HAFELE PRICELIST_MRP revision Eff 1st Feb 2026 (1).pdf,91,805.21.911
hafele,Häfele,805.21.901,False,"Wardrobe Lift for Screw-Mounting on The Side Panels, White Aluminum, Arm Grey,  Load Capacity 12Kg, for Internal Wardrobe Width 761mm - 1142mm 1",761mm,,,PC,,32740.0,INR,False,,2026-02-01,Pricelist -2026/HAFELE PRICELIST_MRP revision Eff 1st Feb 2026 (1).pdf,91,805.21.901
hafele,Häfele,805.21.921,False,"Wardrobe Lift for Screw-Mounting on The Side Panels, White Aluminum, Arm Grey,  Load Capacity 12Kg, for Internal Wardrobe Width 761-1142 mm ( with Inclination Device) 1",1142 mm,,,PC,,34450.0,INR,False,,2026-02-01,Pricelist -2026/HAFELE PRICELIST_MRP revision Eff 1st Feb 2026 (1).pdf,91,805.21.921
hafele,Häfele,805.29.200,False,"Wardrobe Lift (Innominato): Wall Mounted, Chrome Plated with Black, Load Capacity 8Kg, for Internal Wardrobe Width 620 - 950mm 1",950mm,,,PC,,25725.0,INR,False,,2026-02-01,Pricelist -2026/HAFELE PRICELIST_MRP revision Eff 1st Feb 2026 (1).pdf,91,805.29.200
hafele,Häfele,805.11.354,False,Wardrobe Lift 830-1150 mm Width Black 1,1150 mm,,,PC,,9215.0,INR,False,,2026-02-01,Pricelist -2026/HAFELE PRICELIST_MRP revision Eff 1st Feb 2026 (1).pdf,91,805.11.354
hafele,Häfele,805.24.230,False,Wardr.Lift Cp. 15Kg 870-1190mm Black 1,1190mm,,,PC,,42725.0,INR,False,,2026-02-01,Pricelist -2026/HAFELE PRICELIST_MRP revision Eff 1st Feb 2026 (1).pdf,91,805.24.230
hafele,Häfele,805.21.600,False,Wardrobe Lift Cp Screw-On 12 Kg 730-1190 1,,,,PC,,31980.0,INR,False,,2026-02-01,Pricelist -2026/HAFELE PRICELIST_MRP revision Eff 1st Feb 2026 (1).pdf,91,805.21.600
hafele,Häfele,805.20.855,False,Wardrobe Lift Cp10 Kg 770-1200 White 1,,,,PC,,23175.0,INR,False,,2026-02-01,Pricelist -2026/HAFELE PRICELIST_MRP revision Eff 1st Feb 2026 (1).pdf,91,805.20.855
hafele,Häfele,805.20.055,False,Ward Lift Cp 10 Kg 770 - 1200 mm Black 1,1200 mm,,,PC,,20940.0,INR,False,,2026-02-01,Pricelist -2026/HAFELE PRICELIST_MRP revision Eff 1st Feb 2026 (1).pdf,91,805.20.055
hafele,Häfele,807.27.050,False,"Sliding Belt Rack, 8 Hooks. Aluminium & Oroglass (Old article 807.25.950) 1",,,,PC,,15605.0,INR,False,,2026-02-01,Pricelist -2026/HAFELE PRICELIST_MRP revision Eff 1st Feb 2026 (1).pdf,92,807.27.050
hafele,Häfele,807.28.050,False,"Sliding Tie-Rack, 32 Hooks. Aluminium & Oroglass (Old article 807.21.950) 1",,,,PC,,8860.0,INR,False,,2026-02-01,Pricelist -2026/HAFELE PRICELIST_MRP revision Eff 1st Feb 2026 (1).pdf,92,807.28.050
hafele,Häfele,807.21.931,False,"Sliding Tie-Rack, 20 Hooks with Little Tray, Black Aluminium & Oroglass 1",,,,PC,,8425.0,INR,False,,2026-02-01,Pricelist -2026/HAFELE PRICELIST_MRP revision Eff 1st Feb 2026 (1).pdf,92,807.21.931
hafele,Häfele,805.00.350,False,Soft Close Top Mtd Hanger 160X445X85 mm 1,,,,PC,,4935.0,INR,False,,2026-02-01,Pricelist -2026/HAFELE PRICELIST_MRP revision Eff 1st Feb 2026 (1).pdf,92,805.00.350
hafele,Häfele,807.96.310,False,Soft Close Side  Mtd Hanger 160X445X85mm 1,,,,PC,,4740.0,INR,False,,2026-02-01,Pricelist -2026/HAFELE PRICELIST_MRP revision Eff 1st Feb 2026 (1).pdf,92,807.96.310
hafele,Häfele,807.16.203,False,"Tie And Belt Holder, Swivel Type for Screw Mounting, Chrome Plated, 300 X 30 X 270 mm 1",270 mm,,,PC,,2988.0,INR,False,,2026-02-01,Pricelist -2026/HAFELE PRICELIST_MRP revision Eff 1st Feb 2026 (1).pdf,92,807.16.203
hafele,Häfele,807.95.380,False,Side Storage Rack Lhs for 400mm Width Bk 1,400mm,,,PC,,16465.0,INR,False,,2026-02-01,Pricelist -2026/HAFELE PRICELIST_MRP revision Eff 1st Feb 2026 (1).pdf,92,807.95.380
hafele,Häfele,807.95.381,False,Side Storage Rack Rhs for 400mm Width Bk 1,400mm,,,PC,,16465.0,INR,False,,2026-02-01,Pricelist -2026/HAFELE PRICELIST_MRP revision Eff 1st Feb 2026 (1).pdf,92,807.95.381
hafele,Häfele,892.12.990,False,"Wall Rail Length 1120mm, Aluminium Anodised with Black Plastic End Caps (Complimentary Product To Be Used Along with 892.12.906) 1",1120mm,,,PR,,4045.0,INR,False,,2026-02-01,Pricelist -2026/HAFELE PRICELIST_MRP revision Eff 1st Feb 2026 (1).pdf,92,892.12.990
hafele,Häfele,892.14.353,False,"Shoe Rack Fitting,3 Compartment,Plastic,Black 1",,,,PR,,905.0,INR,False,,2026-02-01,Pricelist -2026/HAFELE PRICELIST_MRP revision Eff 1st Feb 2026 (1).pdf,92,892.14.353
hafele,Häfele,892.14.253,False,"Shoe Rack Fitting,3 Compartment,Plastic,White Aluminium Ral 9006 1",,,,PR,,930.0,INR,False,,2026-02-01,Pricelist -2026/HAFELE PRICELIST_MRP revision Eff 1st Feb 2026 (1).pdf,92,892.14.253
hafele,Häfele,807.95.361,False,Pullout Shoerack for 600 mm Width Black 1,600 mm,,,PC,,16400.0,INR,False,,2026-02-01,Pricelist -2026/HAFELE PRICELIST_MRP revision Eff 1st Feb 2026 (1).pdf,92,807.95.361
hafele,Häfele,807.95.364,False,Pullout Shoerack for 900 mm Width Black 1,900 mm,,,PC,,21625.0,INR,False,,2026-02-01,Pricelist -2026/HAFELE PRICELIST_MRP revision Eff 1st Feb 2026 (1).pdf,92,807.95.364
hafele,Häfele,807.95.322,False,Rotating Shoerack 720-775 mm Height Black 1,775 mm,,,PC,,60470.0,INR,False,,2026-02-01,Pricelist -2026/HAFELE PRICELIST_MRP revision Eff 1st Feb 2026 (1).pdf,92,807.95.322
hafele,Häfele,807.95.323,False,Rotating Shoerack 1920-2190 mm Height Black 1,2190 mm,,,PC,,113515.0,INR,False,,2026-02-01,Pricelist -2026/HAFELE PRICELIST_MRP revision Eff 1st Feb 2026 (1).pdf,92,807.95.323
hafele,Häfele,807.96.344,False,"Semi-Open Storage Box for 900mm W, Black 1",900mm,,,PC,,25895.0,INR,False,,2026-02-01,Pricelist -2026/HAFELE PRICELIST_MRP revision Eff 1st Feb 2026 (1).pdf,92,807.96.344
hafele,Häfele,807.96.331,False,"Leather Storage Box for 600 mm W, Black 1",600 mm,,,PC,,31100.0,INR,False,,2026-02-01,Pricelist -2026/HAFELE PRICELIST_MRP revision Eff 1st Feb 2026 (1).pdf,93,807.96.331
hafele,Häfele,807.96.334,False,"Leather Storage Box for 900 mm W, Black 1",900 mm,,,PC,,39210.0,INR,False,,2026-02-01,Pricelist -2026/HAFELE PRICELIST_MRP revision Eff 1st Feb 2026 (1).pdf,93,807.96.334
hafele,Häfele,807.95.301,False,"Storage Box for 600 mm Width, Black 1",600 mm,,,PC,,18555.0,INR,False,,2026-02-01,Pricelist -2026/HAFELE PRICELIST_MRP revision Eff 1st Feb 2026 (1).pdf,93,807.95.301
hafele,Häfele,807.95.304,False,"Storage Box for 900 mm Width, Black 1",900 mm,,,PC,,24165.0,INR,False,,2026-02-01,Pricelist -2026/HAFELE PRICELIST_MRP revision Eff 1st Feb 2026 (1).pdf,93,807.95.304
hafele,Häfele,807.95.351,False,"Metal Basket for 600 mm Width,Black 1",600 mm,,,PC,,19820.0,INR,False,,2026-02-01,Pricelist -2026/HAFELE PRICELIST_MRP revision Eff 1st Feb 2026 (1).pdf,93,807.95.351
hafele,Häfele,807.95.354,False,"Metal Basket for 900 mm Width,Black 1",900 mm,,,PC,,22965.0,INR,False,,2026-02-01,Pricelist -2026/HAFELE PRICELIST_MRP revision Eff 1st Feb 2026 (1).pdf,93,807.95.354
hafele,Häfele,807.96.351,False,"Pvc Rattan Basket for 600 mm Width,Black 1",600 mm,,,PC,,18195.0,INR,False,,2026-02-01,Pricelist -2026/HAFELE PRICELIST_MRP revision Eff 1st Feb 2026 (1).pdf,93,807.96.351
hafele,Häfele,807.96.354,False,"Pvc Rattan Basket for 900 mm Width,Black 1",900 mm,,,PC,,22190.0,INR,False,,2026-02-01,Pricelist -2026/HAFELE PRICELIST_MRP revision Eff 1st Feb 2026 (1).pdf,93,807.96.354
hafele,Häfele,807.95.321,False,"Trouser Pullout for 600 mm Width,Black (6 Rods Included) 1",600 mm,,,PC,,12250.0,INR,False,,2026-02-01,Pricelist -2026/HAFELE PRICELIST_MRP revision Eff 1st Feb 2026 (1).pdf,93,807.95.321
hafele,Häfele,807.95.324,False,"Trouser Pullout for 900 mm Width,Black (9 Rods Included) 1",900 mm,,,PC,,15485.0,INR,False,,2026-02-01,Pricelist -2026/HAFELE PRICELIST_MRP revision Eff 1st Feb 2026 (1).pdf,93,807.95.324
hafele,Häfele,807.95.311,False,"Multifunction Trouser Pullout 600mm Width, Black 1",600mm,,,PC,,15250.0,INR,False,,2026-02-01,Pricelist -2026/HAFELE PRICELIST_MRP revision Eff 1st Feb 2026 (1).pdf,93,807.95.311
hafele,Häfele,807.95.314,False,"Multifunction Trouser Pullout 900mm Width, Black 1",900mm,,,PC,,18815.0,INR,False,,2026-02-01,Pricelist -2026/HAFELE PRICELIST_MRP revision Eff 1st Feb 2026 (1).pdf,93,807.95.314
hafele,Häfele,805.45.204,False,"Pull-Out Trouser Rail 465 X 505 X 100mm (Wxdxh) Steel, Chrome Plated Polished Extension, Runner Cover Plastic Coated White 1",100mm,,,PC,,22158.0,INR,False,,2026-02-01,Pricelist -2026/HAFELE PRICELIST_MRP revision Eff 1st Feb 2026 (1).pdf,93,805.45.204
hafele,Häfele,842.57.090,False,"Stainless Steel Hook, 4mm Hook Diameter x 28 mm Hook Length 1",4mm,,,PC,,413.0,INR,False,,2026-02-01,Pricelist -2026/HAFELE PRICELIST_MRP revision Eff 1st Feb 2026 (1).pdf,93,842.57.090
hafele,Häfele,407.90.241,False,Cover Cap Pl.Black for Casing 1,,,,PC,,60.0,INR,False,,2026-02-01,Pricelist -2026/HAFELE PRICELIST_MRP revision Eff 1st Feb 2026 (1).pdf,93,407.90.241
hafele,Häfele,407.90.250,False,Securing Plate Pl.Black 1,,,,PC,,67.0,INR,False,,2026-02-01,Pricelist -2026/HAFELE PRICELIST_MRP revision Eff 1st Feb 2026 (1).pdf,93,407.90.250
hafele,Häfele,407.90.220,False,"Planofit Panel Straightening Fitting  2400 mm Height of Door, Not Suitable for Hard Wood 1",2400 mm,,,SET,,3095.0,INR,False,,2026-02-01,Pricelist -2026/HAFELE PRICELIST_MRP revision Eff 1st Feb 2026 (1).pdf,93,407.90.220
hafele,Häfele,407.90.221,False,"Planofit Panel Straightening Fitting  2650 mm Height of Door, Not Suitable for Hard Wood 1",2650 mm,,,SET,,3605.0,INR,False,,2026-02-01,Pricelist -2026/HAFELE PRICELIST_MRP revision Eff 1st Feb 2026 (1).pdf,93,407.90.221
hafele,Häfele,650.02.190,False,"Glide, Plastic, White, 19 mm 100",19 mm,,,PC,,17.0,INR,False,,2026-02-01,Pricelist -2026/HAFELE PRICELIST_MRP revision Eff 1st Feb 2026 (1).pdf,94,650.02.190
hafele,Häfele,650.20.720,False,"Glide, with Hospa Screw Countersunk Head, Steel, Galvanized; Felt, Grey; Plastic Housing Natural Coloured, 20 mm 1",20 mm,,,PC,,52.0,INR,False,,2026-02-01,Pricelist -2026/HAFELE PRICELIST_MRP revision Eff 1st Feb 2026 (1).pdf,94,650.20.720
hafele,Häfele,650.06.103,False,"Furniture Glide Round Glue Fixing 20mm, Brown Felt 100",20mm,,,PC,,7.0,INR,False,,2026-02-01,Pricelist -2026/HAFELE PRICELIST_MRP revision Eff 1st Feb 2026 (1).pdf,94,650.06.103
hafele,Häfele,650.06.105,False,Furniture Glide Round Glue Fixing 24mm. Brown Felt. 100,24mm,,,PC,,7.0,INR,False,,2026-02-01,Pricelist -2026/HAFELE PRICELIST_MRP revision Eff 1st Feb 2026 (1).pdf,94,650.06.105
hafele,Häfele,650.06.121,False,"Furniture Glide Square Glue Fixing 20X20mm. Material/Finish: Brown Felt, Brown 100",,,,PC,,8.0,INR,False,,2026-02-01,Pricelist -2026/HAFELE PRICELIST_MRP revision Eff 1st Feb 2026 (1).pdf,94,650.06.121
hafele,Häfele,660.08.321,False,"Tandema 40 Twin Wheel Castor with Mounting Plate, Plastic, Black Matt, Load Capacity 40 Kg/Pc (For Carpet) with Brake 4",,,,PC,,180.0,INR,False,,2026-02-01,Pricelist -2026/HAFELE PRICELIST_MRP revision Eff 1st Feb 2026 (1).pdf,94,660.08.321
hafele,Häfele,660.07.321,False,"Tandema 40 Twin Wheel Castor with Mounting Plate & Brake, Plastic, Black Matt, Load Capacity 40 Kg/Pc (For Carpet) Without Brake 4",,,,PC,,172.0,INR,False,,2026-02-01,Pricelist -2026/HAFELE PRICELIST_MRP revision Eff 1st Feb 2026 (1).pdf,94,660.07.321
hafele,Häfele,660.07.301,False,"Twin Wheel Castor with Mounting Plate, Plastic, Black, 35 mm, Load Capacity 25 Kg/Pc Without Brake 4",35 mm,,,PC,,126.0,INR,False,,2026-02-01,Pricelist -2026/HAFELE PRICELIST_MRP revision Eff 1st Feb 2026 (1).pdf,94,660.07.301
hafele,Häfele,661.04.309,False,"Swivelling Castor for Flush Mounting, Plastic, Black, 54 mm, Load Capacity 50 Kg/Pc 1",54 mm,,,PC,,280.0,INR,False,,2026-02-01,Pricelist -2026/HAFELE PRICELIST_MRP revision Eff 1st Feb 2026 (1).pdf,94,661.04.309
hafele,Häfele,661.02.210,False,"Ball Castor Recessed Mounted Ø16mm. Steel, Yellow Chromatised Housing, Chrome Plated Ball 1",,,,PC,,400.0,INR,False,,2026-02-01,Pricelist -2026/HAFELE PRICELIST_MRP revision Eff 1st Feb 2026 (1).pdf,94,661.02.210
hafele,Häfele,661.02.250,False,"Ball Castor Recessed Mounted Ø33mm. Steel, Yellow Chromatised Housing, Chrome Plated Ball 1",,,,PC,,975.0,INR,False,,2026-02-01,Pricelist -2026/HAFELE PRICELIST_MRP revision Eff 1st Feb 2026 (1).pdf,94,661.02.250
hafele,Häfele,660.98.904,False,Castor for Bed Base  for Ø35 mm. Material Plastic / Sheet Steel 1,,,,PC,,145.0,INR,False,,2026-02-01,Pricelist -2026/HAFELE PRICELIST_MRP revision Eff 1st Feb 2026 (1).pdf,94,660.98.904
hafele,Häfele,646.31.004,False,Table Top Swivel Fitting(1300mm X 500mm) 1,1300mm,,,KIT,,18970.0,INR,False,,2026-02-01,Pricelist -2026/HAFELE PRICELIST_MRP revision Eff 1st Feb 2026 (1).pdf,94,646.31.004
hafele,Häfele,661.05.320,False,"Concealed Caster Hard Surface Dia 36 mm, Load Bearing Capacity 50 Kgs 1",36 mm,,,PC,,225.0,INR,False,,2026-02-01,Pricelist -2026/HAFELE PRICELIST_MRP revision Eff 1st Feb 2026 (1).pdf,94,661.05.320
hafele,Häfele,661.05.330,False,"Concealed Caster Soft Surface Dia 36 mm, Load Bearing Capacity 50 Kgs 1",36 mm,,,PC,,305.0,INR,False,,2026-02-01,Pricelist -2026/HAFELE PRICELIST_MRP revision Eff 1st Feb 2026 (1).pdf,94,661.05.330
hafele,Häfele,409.79.101,False,Classic 90W SC - Roller Set 1,,,,KIT,,11805.0,INR,False,,2026-02-01,Pricelist -2026/HAFELE PRICELIST_MRP revision Eff 1st Feb 2026 (1).pdf,96,409.79.101
hafele,Häfele,409.50.602,False,Top Track 2.1M PCE 1,,,,,,2380.0,INR,False,,2026-02-01,Pricelist -2026/HAFELE PRICELIST_MRP revision Eff 1st Feb 2026 (1).pdf,96,409.50.602
hafele,Häfele,941.27.432,False,Top Track 3M PCE 1,,,,,,3110.0,INR,False,,2026-02-01,Pricelist -2026/HAFELE PRICELIST_MRP revision Eff 1st Feb 2026 (1).pdf,96,941.27.432
hafele,Häfele,941.27.449,False,Top Track 3.6M PCE 1,,,,,,4510.0,INR,False,,2026-02-01,Pricelist -2026/HAFELE PRICELIST_MRP revision Eff 1st Feb 2026 (1).pdf,96,941.27.449
hafele,Häfele,940.99.081,False,Trim Cover Support For Wooden Pelmet PCE 1,,,,,,790.0,INR,False,,2026-02-01,Pricelist -2026/HAFELE PRICELIST_MRP revision Eff 1st Feb 2026 (1).pdf,96,940.99.081
hafele,Häfele,409.79.102,False,Classic 90XL SC - Roller Set 1,,,,KIT,,16025.0,INR,False,,2026-02-01,Pricelist -2026/HAFELE PRICELIST_MRP revision Eff 1st Feb 2026 (1).pdf,96,409.79.102
hafele,Häfele,940.99.603,False,Classic 90XL SC - False Ceiling Top Track 3M PCE 1,,,,,,16350.0,INR,False,,2026-02-01,Pricelist -2026/HAFELE PRICELIST_MRP revision Eff 1st Feb 2026 (1).pdf,96,940.99.603
hafele,Häfele,941.10.048,False,Classic 120 W Roller Kit (Old Article - 941.30.027) 1,,,,KIT,,6795.0,INR,False,,2026-02-01,Pricelist -2026/HAFELE PRICELIST_MRP revision Eff 1st Feb 2026 (1).pdf,96,941.10.048
hafele,Häfele,941.10.915,False,Clsc/Dsgn 120 Non Smuso Top Track 1.5M PCE 1,,,,,,1285.0,INR,False,,2026-02-01,Pricelist -2026/HAFELE PRICELIST_MRP revision Eff 1st Feb 2026 (1).pdf,96,941.10.915
hafele,Häfele,941.10.918,False,Clsc/Dsgn 120 Non Smuso Top Track 1.8M PCE 1,,,,,,2080.0,INR,False,,2026-02-01,Pricelist -2026/HAFELE PRICELIST_MRP revision Eff 1st Feb 2026 (1).pdf,96,941.10.918
hafele,Häfele,941.10.921,False,Clsc/Dsgn 120 Non Smuso Top Track 2.1M PCE 1,,,,,,2355.0,INR,False,,2026-02-01,Pricelist -2026/HAFELE PRICELIST_MRP revision Eff 1st Feb 2026 (1).pdf,96,941.10.921
hafele,Häfele,941.10.924,False,Clsc/Dsgn 120 Non Smuso Top Track 2.4M PCE 1,,,,,,2680.0,INR,False,,2026-02-01,Pricelist -2026/HAFELE PRICELIST_MRP revision Eff 1st Feb 2026 (1).pdf,96,941.10.924
hafele,Häfele,941.10.927,False,Clsc/Dsgn 120 Non Smuso Top Track 2.7M PCE 1,,,,,,3015.0,INR,False,,2026-02-01,Pricelist -2026/HAFELE PRICELIST_MRP revision Eff 1st Feb 2026 (1).pdf,96,941.10.927
hafele,Häfele,941.10.930,False,Clsc/Dsgn 120 Non Smuso Top Track 3M PCE 1,,,,,,3085.0,INR,False,,2026-02-01,Pricelist -2026/HAFELE PRICELIST_MRP revision Eff 1st Feb 2026 (1).pdf,96,941.10.930
hafele,Häfele,941.10.936,False,Clsc/Dsgn 120 Non Smuso Top Track 3.6M PCE 1,,,,,,3190.0,INR,False,,2026-02-01,Pricelist -2026/HAFELE PRICELIST_MRP revision Eff 1st Feb 2026 (1).pdf,96,941.10.936
hafele,Häfele,941.10.029,False,Classic 120 XL Roller Kit 1,,,,KIT,,15435.0,INR,False,,2026-02-01,Pricelist -2026/HAFELE PRICELIST_MRP revision Eff 1st Feb 2026 (1).pdf,96,941.10.029
hafele,Häfele,941.10.026,False,Classic 60 W Smuso Roller Kit 1,,,,KIT,,9265.0,INR,False,,2026-02-01,Pricelist -2026/HAFELE PRICELIST_MRP revision Eff 1st Feb 2026 (1).pdf,96,941.10.026
hafele,Häfele,941.10.600,False,Classic 120 Top Track Smuso 2M PCE 1,,,,,,2915.0,INR,False,,2026-02-01,Pricelist -2026/HAFELE PRICELIST_MRP revision Eff 1st Feb 2026 (1).pdf,96,941.10.600
hafele,Häfele,941.10.601,False,Classic 120 Top Track Smuso 2.4M PCE 1,,,,,,3035.0,INR,False,,2026-02-01,Pricelist -2026/HAFELE PRICELIST_MRP revision Eff 1st Feb 2026 (1).pdf,96,941.10.601
hafele,Häfele,941.10.602,False,Classic 120 Top Track Smuso 3M PCE 1,,,,,,4115.0,INR,False,,2026-02-01,Pricelist -2026/HAFELE PRICELIST_MRP revision Eff 1st Feb 2026 (1).pdf,96,941.10.602
hafele,Häfele,941.10.603,False,Classic 120 Top Track Smuso 3.6M PCE 1,,,,,,4925.0,INR,False,,2026-02-01,Pricelist -2026/HAFELE PRICELIST_MRP revision Eff 1st Feb 2026 (1).pdf,96,941.10.603
hafele,Häfele,941.10.028,False,Classic 120 W Smuso Roller Kit 1,,,,KIT,,12965.0,INR,False,,2026-02-01,Pricelist -2026/HAFELE PRICELIST_MRP revision Eff 1st Feb 2026 (1).pdf,96,941.10.028
hafele,Häfele,941.10.030,False,Classic 120 XL Smuso Roller Kit 1,,,,KIT,,25315.0,INR,False,,2026-02-01,Pricelist -2026/HAFELE PRICELIST_MRP revision Eff 1st Feb 2026 (1).pdf,96,941.10.030
hafele,Häfele,940.43.932,False,Slido D-Line11 160P - Top Track PCE 1,,,,,,6835.0,INR,False,,2026-02-01,Pricelist -2026/HAFELE PRICELIST_MRP revision Eff 1st Feb 2026 (1).pdf,96,940.43.932
hafele,Häfele,943.39.930,False,Classic 300 W Top Track 3M PCE 1,,,,,,34685.0,INR,False,,2026-02-01,Pricelist -2026/HAFELE PRICELIST_MRP revision Eff 1st Feb 2026 (1).pdf,97,943.39.930
hafele,Häfele,943.39.945,False,Classic 300 W Top Track 4.5M PCE 1,,,,,,52030.0,INR,False,,2026-02-01,Pricelist -2026/HAFELE PRICELIST_MRP revision Eff 1st Feb 2026 (1).pdf,97,943.39.945
hafele,Häfele,940.66.060,False,Mounting Bracket 1-6 Mm PCE 1,6 Mm,,,,,595.0,INR,False,,2026-02-01,Pricelist -2026/HAFELE PRICELIST_MRP revision Eff 1st Feb 2026 (1).pdf,97,940.66.060
hafele,Häfele,942.63.031,False,Classic 300 W Bottom Pivot PCE 1,,,,,,310.0,INR,False,,2026-02-01,Pricelist -2026/HAFELE PRICELIST_MRP revision Eff 1st Feb 2026 (1).pdf,97,942.63.031
hafele,Häfele,942.63.750,False,Classic 300 W Bottom Track 5M PCE 1,,,,,,14530.0,INR,False,,2026-02-01,Pricelist -2026/HAFELE PRICELIST_MRP revision Eff 1st Feb 2026 (1).pdf,97,942.63.750
hafele,Häfele,942.63.012,False,Classic 500 Roller PCE 2,,,,,,12635.0,INR,False,,2026-02-01,Pricelist -2026/HAFELE PRICELIST_MRP revision Eff 1st Feb 2026 (1).pdf,97,942.63.012
hafele,Häfele,942.63.092,False,Classic 500 Adjustment Plate M16 PCE 2,,,,,,2660.0,INR,False,,2026-02-01,Pricelist -2026/HAFELE PRICELIST_MRP revision Eff 1st Feb 2026 (1).pdf,97,942.63.092
hafele,Häfele,942.63.091,False,Classic 500 Adjustment Screw PCE 2,,,,,,635.0,INR,False,,2026-02-01,Pricelist -2026/HAFELE PRICELIST_MRP revision Eff 1st Feb 2026 (1).pdf,97,942.63.091
hafele,Häfele,942.63.040,False,Classic 500 Stopper + Break PCE 1,,,,,,400.0,INR,False,,2026-02-01,Pricelist -2026/HAFELE PRICELIST_MRP revision Eff 1st Feb 2026 (1).pdf,97,942.63.040
hafele,Häfele,942.63.070,False,Classic 500 Lower Pivot PCE 1,,,,,,4880.0,INR,False,,2026-02-01,Pricelist -2026/HAFELE PRICELIST_MRP revision Eff 1st Feb 2026 (1).pdf,97,942.63.070
hafele,Häfele,942.63.630,False,Classic 500 Galvanised Top Track PCE 1,,,,,,12565.0,INR,False,,2026-02-01,Pricelist -2026/HAFELE PRICELIST_MRP revision Eff 1st Feb 2026 (1).pdf,97,942.63.630
hafele,Häfele,942.63.062,False,Classic 500 Wall Mounting Bracket PCE 4,,,,,,1105.0,INR,False,,2026-02-01,Pricelist -2026/HAFELE PRICELIST_MRP revision Eff 1st Feb 2026 (1).pdf,97,942.63.062
hafele,Häfele,942.63.063,False,Classic 500 Ceiling Mounting Bracket PCE 4,,,,,,1535.0,INR,False,,2026-02-01,Pricelist -2026/HAFELE PRICELIST_MRP revision Eff 1st Feb 2026 (1).pdf,97,942.63.063
hafele,Häfele,942.63.550,False,Classic 500 Galvanised Bottom Track PCE 1,,,,,,20905.0,INR,False,,2026-02-01,Pricelist -2026/HAFELE PRICELIST_MRP revision Eff 1st Feb 2026 (1).pdf,97,942.63.550
hafele,Häfele,941.10.049,False,Classic 120 S Roller Kit (Old Article - 941.10.035) 1,,,,KIT,,32105.0,INR,False,,2026-02-01,Pricelist -2026/HAFELE PRICELIST_MRP revision Eff 1st Feb 2026 (1).pdf,97,941.10.049
hafele,Häfele,942.63.009,False,Classic 300 W Roller Kit 1,,,,KIT,,29390.0,INR,False,,2026-02-01,Pricelist -2026/HAFELE PRICELIST_MRP revision Eff 1st Feb 2026 (1).pdf,97,942.63.009
hafele,Häfele,943.34.008,False,Weatherfold - Pivot Set 1,,,,SET,,23770.0,INR,False,,2026-02-01,Pricelist -2026/HAFELE PRICELIST_MRP revision Eff 1st Feb 2026 (1).pdf,98,943.34.008
hafele,Häfele,943.34.052,False,Weatherfold - End Hanger Set 1,,,,SET,,35990.0,INR,False,,2026-02-01,Pricelist -2026/HAFELE PRICELIST_MRP revision Eff 1st Feb 2026 (1).pdf,98,943.34.052
hafele,Häfele,943.34.076,False,Weatherfold - Intermediate Hanger Set 1,,,,SET,,41130.0,INR,False,,2026-02-01,Pricelist -2026/HAFELE PRICELIST_MRP revision Eff 1st Feb 2026 (1).pdf,98,943.34.076
hafele,Häfele,943.34.101,False,Weatherfold - Inter Hinge Handle Set 1,,,,SET,,13925.0,INR,False,,2026-02-01,Pricelist -2026/HAFELE PRICELIST_MRP revision Eff 1st Feb 2026 (1).pdf,98,943.34.101
hafele,Häfele,943.34.137,False,Weatherfold - Inter Offset Hinge Handle Set 1,,,,SET,,13925.0,INR,False,,2026-02-01,Pricelist -2026/HAFELE PRICELIST_MRP revision Eff 1st Feb 2026 (1).pdf,98,943.34.137
hafele,Häfele,943.34.162,False,Weatherfold - Hinge PCE 1,,,,,,4270.0,INR,False,,2026-02-01,Pricelist -2026/HAFELE PRICELIST_MRP revision Eff 1st Feb 2026 (1).pdf,98,943.34.162
hafele,Häfele,943.34.186,False,Weatherfold - Offset Hinge PCE 1,,,,,,4270.0,INR,False,,2026-02-01,Pricelist -2026/HAFELE PRICELIST_MRP revision Eff 1st Feb 2026 (1).pdf,98,943.34.186
hafele,Häfele,943.34.125,False,Weatherfold - Intermediate Offset Hinge Set 1,,,,SET,,11875.0,INR,False,,2026-02-01,Pricelist -2026/HAFELE PRICELIST_MRP revision Eff 1st Feb 2026 (1).pdf,98,943.34.125
hafele,Häfele,943.34.113,False,Weatherfold - Intermediate Hinge Set PCE 1,,,,,,11875.0,INR,False,,2026-02-01,Pricelist -2026/HAFELE PRICELIST_MRP revision Eff 1st Feb 2026 (1).pdf,98,943.34.113
hafele,Häfele,943.34.145,False,Weatherfold - Jamb Pivot PCE 1,,,,,,10145.0,INR,False,,2026-02-01,Pricelist -2026/HAFELE PRICELIST_MRP revision Eff 1st Feb 2026 (1).pdf,98,943.34.145
hafele,Häfele,911.62.501,False,Weatherfold - Flush Bolt 190Mm Ss PCE 1,190Mm,,,,,5890.0,INR,False,,2026-02-01,Pricelist -2026/HAFELE PRICELIST_MRP revision Eff 1st Feb 2026 (1).pdf,98,911.62.501
hafele,Häfele,911.62.516,False,Weatherfold - Flush Bolt 450Mm Ss PCE 1,450Mm,,,,,12730.0,INR,False,,2026-02-01,Pricelist -2026/HAFELE PRICELIST_MRP revision Eff 1st Feb 2026 (1).pdf,98,911.62.516
hafele,Häfele,911.62.525,False,Weatherfold - Flush Bolt 600Mm Ss PCE 1,600Mm,,,,,17125.0,INR,False,,2026-02-01,Pricelist -2026/HAFELE PRICELIST_MRP revision Eff 1st Feb 2026 (1).pdf,98,911.62.525
hafele,Häfele,911.62.769,False,Weatherfold - Flush Bolt 1M Ss PCE 1,,,,,,47660.0,INR,False,,2026-02-01,Pricelist -2026/HAFELE PRICELIST_MRP revision Eff 1st Feb 2026 (1).pdf,98,911.62.769
hafele,Häfele,911.62.507,False,Weatherfold - Flush Bolt Lock 190Mm Ss PCE 1,190Mm,,,,,7675.0,INR,False,,2026-02-01,Pricelist -2026/HAFELE PRICELIST_MRP revision Eff 1st Feb 2026 (1).pdf,98,911.62.507
hafele,Häfele,911.62.519,False,Weatherfold - Flush Bolt Lock 450Mm Ss PCE 1,450Mm,,,,,27860.0,INR,False,,2026-02-01,Pricelist -2026/HAFELE PRICELIST_MRP revision Eff 1st Feb 2026 (1).pdf,98,911.62.519
hafele,Häfele,911.62.522,False,Weatherfold - Flush Bolt Offset 450Mm Sn PCE 1,450Mm,,,,,18020.0,INR,False,,2026-02-01,Pricelist -2026/HAFELE PRICELIST_MRP revision Eff 1st Feb 2026 (1).pdf,98,911.62.522
hafele,Häfele,911.62.513,False,Weatherfold - Flush Bolt Offset 190Mm Sn PCE 1,190Mm,,,,,9600.0,INR,False,,2026-02-01,Pricelist -2026/HAFELE PRICELIST_MRP revision Eff 1st Feb 2026 (1).pdf,98,911.62.513
hafele,Häfele,901.01.096,False,Weatherfold-Flush Handle PCE 1,,,,,,4920.0,INR,False,,2026-02-01,Pricelist -2026/HAFELE PRICELIST_MRP revision Eff 1st Feb 2026 (1).pdf,98,901.01.096
hafele,Häfele,943.34.920,False,Weatherfold - Top Track 2M PCE 1,,,,,,5360.0,INR,False,,2026-02-01,Pricelist -2026/HAFELE PRICELIST_MRP revision Eff 1st Feb 2026 (1).pdf,98,943.34.920
hafele,Häfele,943.34.930,False,Weatherfold - Top Track 3M PCE 1,,,,,,7195.0,INR,False,,2026-02-01,Pricelist -2026/HAFELE PRICELIST_MRP revision Eff 1st Feb 2026 (1).pdf,98,943.34.930
hafele,Häfele,943.34.940,False,Weatherfold - Top Track 4M PCE 1,,,,,,10740.0,INR,False,,2026-02-01,Pricelist -2026/HAFELE PRICELIST_MRP revision Eff 1st Feb 2026 (1).pdf,98,943.34.940
hafele,Häfele,943.33.720,False,Weatherfold - Bottom Track 2M PCE 1,,,,,,1520.0,INR,False,,2026-02-01,Pricelist -2026/HAFELE PRICELIST_MRP revision Eff 1st Feb 2026 (1).pdf,98,943.33.720
hafele,Häfele,943.33.730,False,Weatherfold - Bottom Track 3M PCE 1,,,,,,1930.0,INR,False,,2026-02-01,Pricelist -2026/HAFELE PRICELIST_MRP revision Eff 1st Feb 2026 (1).pdf,98,943.33.730
hafele,Häfele,943.33.740,False,Weatherfold - Bottom Track 4M PCE 1,,,,,,2370.0,INR,False,,2026-02-01,Pricelist -2026/HAFELE PRICELIST_MRP revision Eff 1st Feb 2026 (1).pdf,98,943.33.740
hafele,Häfele,943.33.920,False,Weatherfold - Polypropylene Bottom Track 2M PCE 1,,,,,,4535.0,INR,False,,2026-02-01,Pricelist -2026/HAFELE PRICELIST_MRP revision Eff 1st Feb 2026 (1).pdf,98,943.33.920
hafele,Häfele,943.33.930,False,Weatherfold - Polypropylene Bottom Track 3M PCE 1,,,,,,11230.0,INR,False,,2026-02-01,Pricelist -2026/HAFELE PRICELIST_MRP revision Eff 1st Feb 2026 (1).pdf,98,943.33.930
hafele,Häfele,943.33.940,False,Weatherfold - Polypropylene Bottom Track 4M PCE 1,,,,,,14555.0,INR,False,,2026-02-01,Pricelist -2026/HAFELE PRICELIST_MRP revision Eff 1st Feb 2026 (1).pdf,98,943.33.940
hafele,Häfele,943.33.120,False,Weatherfold - Poly Support Bottom Track 2M PCE 1,,,,,,7250.0,INR,False,,2026-02-01,Pricelist -2026/HAFELE PRICELIST_MRP revision Eff 1st Feb 2026 (1).pdf,98,943.33.120
hafele,Häfele,943.33.130,False,Weatherfold - Poly Support Bottom Track 3M PCE 1,,,,,,12950.0,INR,False,,2026-02-01,Pricelist -2026/HAFELE PRICELIST_MRP revision Eff 1st Feb 2026 (1).pdf,98,943.33.130
hafele,Häfele,943.33.140,False,Weatherfold - Poly Support Bottom Track 4M PCE 1,,,,,,17275.0,INR,False,,2026-02-01,Pricelist -2026/HAFELE PRICELIST_MRP revision Eff 1st Feb 2026 (1).pdf,98,943.33.140
hafele,Häfele,950.06.203,False,Weatherfold - Frame Seal 1,,,,M,,780.0,INR,False,,2026-02-01,Pricelist -2026/HAFELE PRICELIST_MRP revision Eff 1st Feb 2026 (1).pdf,98,950.06.203
hafele,Häfele,950.06.213,False,Weatherfold - Door Seal 1,,,,M,,900.0,INR,False,,2026-02-01,Pricelist -2026/HAFELE PRICELIST_MRP revision Eff 1st Feb 2026 (1).pdf,98,950.06.213
hafele,Häfele,950.06.293,False,Weatherfold - Track Seal 1,,,,M,,236.0,INR,False,,2026-02-01,Pricelist -2026/HAFELE PRICELIST_MRP revision Eff 1st Feb 2026 (1).pdf,98,950.06.293
hafele,Häfele,943.55.000,False,"Fold100T - Kit for First Two Doors, With Bottom Track System 1",,,,KIT,,36100.0,INR,False,,2026-02-01,Pricelist -2026/HAFELE PRICELIST_MRP revision Eff 1st Feb 2026 (1).pdf,99,943.55.000
hafele,Häfele,943.55.001,False,"Fold100T - Kit for First Two Doors, Without Bottom Track System 1",,,,KIT,,28760.0,INR,False,,2026-02-01,Pricelist -2026/HAFELE PRICELIST_MRP revision Eff 1st Feb 2026 (1).pdf,99,943.55.001
hafele,Häfele,943.55.002,False,Fold100T - 2Add Door Kit With Bottom Track 1,,,,KIT,,25365.0,INR,False,,2026-02-01,Pricelist -2026/HAFELE PRICELIST_MRP revision Eff 1st Feb 2026 (1).pdf,99,943.55.002
hafele,Häfele,943.55.003,False,Fold100T - 1Odd Door Kit 1,,,,KIT,,4950.0,INR,False,,2026-02-01,Pricelist -2026/HAFELE PRICELIST_MRP revision Eff 1st Feb 2026 (1).pdf,99,943.55.003
hafele,Häfele,943.55.004,False,Fold100T - 1 Access Door With Bottom Track 1,,,,KIT,,16285.0,INR,False,,2026-02-01,Pricelist -2026/HAFELE PRICELIST_MRP revision Eff 1st Feb 2026 (1).pdf,99,943.55.004
hafele,Häfele,943.55.005,False,Fold100T - 1 Access Door Without Bottom Track 1,,,,KIT,,16420.0,INR,False,,2026-02-01,Pricelist -2026/HAFELE PRICELIST_MRP revision Eff 1st Feb 2026 (1).pdf,99,943.55.005
hafele,Häfele,943.55.006,False,Fold100T - 2Add Door Kit Without Bottom Track 1,,,,KIT,,18555.0,INR,False,,2026-02-01,Pricelist -2026/HAFELE PRICELIST_MRP revision Eff 1st Feb 2026 (1).pdf,99,943.55.006
hafele,Häfele,943.55.041,False,Fold100T - Top Track 3M PCE 1,,,,,,39225.0,INR,False,,2026-02-01,Pricelist -2026/HAFELE PRICELIST_MRP revision Eff 1st Feb 2026 (1).pdf,99,943.55.041
hafele,Häfele,943.55.051,False,Fold100T - Bottom Track 3M PCE 1,,,,,,11480.0,INR,False,,2026-02-01,Pricelist -2026/HAFELE PRICELIST_MRP revision Eff 1st Feb 2026 (1).pdf,99,943.55.051
hafele,Häfele,943.55.070,False,Fold100T - Floor Lock Without Bottom Track PCE 1,,,,,,18150.0,INR,False,,2026-02-01,Pricelist -2026/HAFELE PRICELIST_MRP revision Eff 1st Feb 2026 (1).pdf,99,943.55.070
hafele,Häfele,943.55.071,False,Fold100T - Floor Lock With Bottom Track PCE 1,,,,,,13315.0,INR,False,,2026-02-01,Pricelist -2026/HAFELE PRICELIST_MRP revision Eff 1st Feb 2026 (1).pdf,99,943.55.071
hafele,Häfele,943.55.072,False,Fold100T - Floor Lock Key PCE 1,,,,,,2140.0,INR,False,,2026-02-01,Pricelist -2026/HAFELE PRICELIST_MRP revision Eff 1st Feb 2026 (1).pdf,99,943.55.072
hafele,Häfele,943.55.074,False,Fold 100T  - Disassembly Set PCE 1,,,,,,1250.0,INR,False,,2026-02-01,Pricelist -2026/HAFELE PRICELIST_MRP revision Eff 1st Feb 2026 (1).pdf,99,943.55.074
hafele,Häfele,943.55.080,False,Fold100T - Track Connector (Joint ) PCE 1,,,,,,1200.0,INR,False,,2026-02-01,Pricelist -2026/HAFELE PRICELIST_MRP revision Eff 1st Feb 2026 (1).pdf,99,943.55.080
hafele,Häfele,926.32.160,False,"Butt Hinge 4X3X3Mm Sq.C Ss304, Ssm PCE 1",,,,,,655.0,INR,False,,2026-02-01,Pricelist -2026/HAFELE PRICELIST_MRP revision Eff 1st Feb 2026 (1).pdf,99,926.32.160
hafele,Häfele,943.03.000,False,Fold 80EF - Kit For 2 Doors 1,,,,KIT,,22065.0,INR,False,,2026-02-01,Pricelist -2026/HAFELE PRICELIST_MRP revision Eff 1st Feb 2026 (1).pdf,99,943.03.000
hafele,Häfele,940.99.932,False,Fold 80EF - Top Track 3M PCE 1,,,,,,13340.0,INR,False,,2026-02-01,Pricelist -2026/HAFELE PRICELIST_MRP revision Eff 1st Feb 2026 (1).pdf,99,940.99.932
hafele,Häfele,927.91.544,False,3D Adjustable Concealed Hinge PCE 1,,,,,,10765.0,INR,False,,2026-02-01,Pricelist -2026/HAFELE PRICELIST_MRP revision Eff 1st Feb 2026 (1).pdf,99,927.91.544
hafele,Häfele,941.27.439,False,Fold 80EF - Kit For 2 Additional Doors PCE 1,,,,,,5525.0,INR,False,,2026-02-01,Pricelist -2026/HAFELE PRICELIST_MRP revision Eff 1st Feb 2026 (1).pdf,99,941.27.439
hafele,Häfele,943.03.001,False,Fold 80EF - Kit For Add Hinged Door 1,,,,KIT,,16560.0,INR,False,,2026-02-01,Pricelist -2026/HAFELE PRICELIST_MRP revision Eff 1st Feb 2026 (1).pdf,99,943.03.001
hafele,Häfele,940.59.009,False,Stock 1,,,,KIT,,52920.0,INR,False,,2026-02-01,Pricelist -2026/HAFELE PRICELIST_MRP revision Eff 1st Feb 2026 (1).pdf,99,940.59.009
hafele,Häfele,941.27.006,False,Classic Tele Prog 90 - 2 Door Kit 1,,,,KIT,,57830.0,INR,False,,2026-02-01,Pricelist -2026/HAFELE PRICELIST_MRP revision Eff 1st Feb 2026 (1).pdf,100,941.27.006
hafele,Häfele,941.27.007,False,Classic Tele Prog 90 - 3 Door Kit 1,,,,KIT,,93465.0,INR,False,,2026-02-01,Pricelist -2026/HAFELE PRICELIST_MRP revision Eff 1st Feb 2026 (1).pdf,100,941.27.007
hafele,Häfele,400.50.208,False,Aluflex 60T-Hardware Set For 2 Door System 1,,,,KIT,,95710.0,INR,False,,2026-02-01,Pricelist -2026/HAFELE PRICELIST_MRP revision Eff 1st Feb 2026 (1).pdf,100,400.50.208
hafele,Häfele,401.30.952,False,"Aluflex 60T-Profile, Gasket & Track For 2 Door Set Colour-Black Anodized 1",,,,KIT,,53150.0,INR,False,,2026-02-01,Pricelist -2026/HAFELE PRICELIST_MRP revision Eff 1st Feb 2026 (1).pdf,100,401.30.952
hafele,Häfele,401.30.951,False,Aluflex 80B/60t-Cross Profile & Gasket For 2 Door Set Colour-Black Anodized 1,,,,KIT,,13695.0,INR,False,,2026-02-01,Pricelist -2026/HAFELE PRICELIST_MRP revision Eff 1st Feb 2026 (1).pdf,100,401.30.951
hafele,Häfele,400.50.110,False,Aluflex 80B-Hardware Set For 2 Door System PCE 1,,,,,,88410.0,INR,False,,2026-02-01,Pricelist -2026/HAFELE PRICELIST_MRP revision Eff 1st Feb 2026 (1).pdf,100,400.50.110
hafele,Häfele,401.30.950,False,"Aluflex 80B-Profile, Gasket & Track For 2 Door Set Colour-Black Anodized 1",,,,KIT,,66825.0,INR,False,,2026-02-01,Pricelist -2026/HAFELE PRICELIST_MRP revision Eff 1st Feb 2026 (1).pdf,100,401.30.950
hafele,Häfele,401.30.990,False,Aluflex 80B - 2 Door Set Sand Champagne + Gasket 1,,,,KIT,,59940.0,INR,False,,2026-02-01,Pricelist -2026/HAFELE PRICELIST_MRP revision Eff 1st Feb 2026 (1).pdf,100,401.30.990
hafele,Häfele,401.30.918,False,Aluflex 80B - Cross Profile Sand Champagne 3.05M PCE 1,,,,,,5365.0,INR,False,,2026-02-01,Pricelist -2026/HAFELE PRICELIST_MRP revision Eff 1st Feb 2026 (1).pdf,100,401.30.918
hafele,Häfele,400.50.423,False,Aluflex 80B - Gasket 6Mm Glass Length3M PCE 2,6Mm,,,,,1395.0,INR,False,,2026-02-01,Pricelist -2026/HAFELE PRICELIST_MRP revision Eff 1st Feb 2026 (1).pdf,100,400.50.423
hafele,Häfele,400.50.401,False,Kit Of 4 Invisible Zamac Mounting Insert 2,,,,SET,,2440.0,INR,False,,2026-02-01,Pricelist -2026/HAFELE PRICELIST_MRP revision Eff 1st Feb 2026 (1).pdf,100,400.50.401
hafele,Häfele,400.50.422,False,Alu80B - Black Anodized Handle PCE 1,,,,,,2545.0,INR,False,,2026-02-01,Pricelist -2026/HAFELE PRICELIST_MRP revision Eff 1st Feb 2026 (1).pdf,100,400.50.422
hafele,Häfele,400.50.427,False,ALUFLEX 80B SAND CHAMPAGNE HANDLE PCE 1,,,,,,630.0,INR,False,,2026-02-01,Pricelist -2026/HAFELE PRICELIST_MRP revision Eff 1st Feb 2026 (1).pdf,100,400.50.427
hafele,Häfele,941.10.038,False,Design Ergo 120 - Roller Kit 1,,,,KIT,,12595.0,INR,False,,2026-02-01,Pricelist -2026/HAFELE PRICELIST_MRP revision Eff 1st Feb 2026 (1).pdf,100,941.10.038
hafele,Häfele,941.10.042,False,Design Ergo 120 Smuso - Roller Kit 1,,,,KIT,,22925.0,INR,False,,2026-02-01,Pricelist -2026/HAFELE PRICELIST_MRP revision Eff 1st Feb 2026 (1).pdf,100,941.10.042
hafele,Häfele,941.10.039,False,Design 120 J - Roller Kit 1,,,,KIT,,21715.0,INR,False,,2026-02-01,Pricelist -2026/HAFELE PRICELIST_MRP revision Eff 1st Feb 2026 (1).pdf,100,941.10.039
hafele,Häfele,941.10.043,False,Design120 J Smuso - Roller Kit 1,,,,KIT,,30935.0,INR,False,,2026-02-01,Pricelist -2026/HAFELE PRICELIST_MRP revision Eff 1st Feb 2026 (1).pdf,101,941.10.043
hafele,Häfele,941.10.044,False,Design 120 SS Smuso - Roller Kit 1,,,,KIT,,51585.0,INR,False,,2026-02-01,Pricelist -2026/HAFELE PRICELIST_MRP revision Eff 1st Feb 2026 (1).pdf,101,941.10.044
hafele,Häfele,942.63.090,False,Design 200 - Roller Kit 1,,,,SET,,40299.0,INR,False,,2026-02-01,Pricelist -2026/HAFELE PRICELIST_MRP revision Eff 1st Feb 2026 (1).pdf,101,942.63.090
hafele,Häfele,942.63.930,False,Design 200 - Top Track For Fixed Glass 3M PCE 1,,,,,,23720.0,INR,False,,2026-02-01,Pricelist -2026/HAFELE PRICELIST_MRP revision Eff 1st Feb 2026 (1).pdf,101,942.63.930
hafele,Häfele,942.63.950,False,Design 200 - Top Track For Fixed Glass 5M PCE 1,,,,,,39533.0,INR,False,,2026-02-01,Pricelist -2026/HAFELE PRICELIST_MRP revision Eff 1st Feb 2026 (1).pdf,101,942.63.950
hafele,Häfele,942.63.830,False,Design 200 - Trim Cover 3M PCE 1,,,,,,14220.0,INR,False,,2026-02-01,Pricelist -2026/HAFELE PRICELIST_MRP revision Eff 1st Feb 2026 (1).pdf,101,942.63.830
hafele,Häfele,942.63.850,False,Design 200 - Trim Cover 5M PCE 1,,,,,,23695.0,INR,False,,2026-02-01,Pricelist -2026/HAFELE PRICELIST_MRP revision Eff 1st Feb 2026 (1).pdf,101,942.63.850
hafele,Häfele,943.39.830,False,Design 200 - Bottom Track 3M PCE 1,,,,,,5725.0,INR,False,,2026-02-01,Pricelist -2026/HAFELE PRICELIST_MRP revision Eff 1st Feb 2026 (1).pdf,101,943.39.830
hafele,Häfele,943.39.845,False,Design 200 - Bottom Track 4.5M PCE 1,,,,,,8590.0,INR,False,,2026-02-01,Pricelist -2026/HAFELE PRICELIST_MRP revision Eff 1st Feb 2026 (1).pdf,101,943.39.845
hafele,Häfele,940.99.096,False,Design 90 SY - Roller Set 1,,,,SET,,102495.0,INR,False,,2026-02-01,Pricelist -2026/HAFELE PRICELIST_MRP revision Eff 1st Feb 2026 (1).pdf,101,940.99.096
hafele,Häfele,940.99.093,False,Aluminium Separator PCE 1,,,,,,75.0,INR,False,,2026-02-01,Pricelist -2026/HAFELE PRICELIST_MRP revision Eff 1st Feb 2026 (1).pdf,101,940.99.093
hafele,Häfele,943.39.032,False,End Trim Cover PCE 1,,,,,,445.0,INR,False,,2026-02-01,Pricelist -2026/HAFELE PRICELIST_MRP revision Eff 1st Feb 2026 (1).pdf,101,943.39.032
hafele,Häfele,940.99.732,False,Trim Cover PCE 1,,,,,,9715.0,INR,False,,2026-02-01,Pricelist -2026/HAFELE PRICELIST_MRP revision Eff 1st Feb 2026 (1).pdf,101,940.99.732
hafele,Häfele,940.99.017,False,Design 90 SYTL - Progressive Synchro Kit 1,,,,KIT,,216560.0,INR,False,,2026-02-01,Pricelist -2026/HAFELE PRICELIST_MRP revision Eff 1st Feb 2026 (1).pdf,102,940.99.017
hafele,Häfele,940.99.080,False,Design 90 SYTL - Trim Cover Support PCE 1,,,,,,1345.0,INR,False,,2026-02-01,Pricelist -2026/HAFELE PRICELIST_MRP revision Eff 1st Feb 2026 (1).pdf,102,940.99.080
hafele,Häfele,943.39.020,False,Design 100 SF - 1 Hinge Roller PCE 1,,,,,,40705.0,INR,False,,2026-02-01,Pricelist -2026/HAFELE PRICELIST_MRP revision Eff 1st Feb 2026 (1).pdf,102,943.39.020
hafele,Häfele,943.39.022,False,Design 100 SF - Bottom Guide 1 Hinge PCE,,,,,,28720.0,INR,False,,2026-02-01,Pricelist -2026/HAFELE PRICELIST_MRP revision Eff 1st Feb 2026 (1).pdf,102,943.39.022
hafele,Häfele,943.39.023,False,Design 100 SF - Central Roller 2 Hinge PCE 1,,,,,,53085.0,INR,False,,2026-02-01,Pricelist -2026/HAFELE PRICELIST_MRP revision Eff 1st Feb 2026 (1).pdf,102,943.39.023
hafele,Häfele,943.39.024,False,Design 100 SF - 2 Hinge Wit Base Pin PCE 1,,,,,,30915.0,INR,False,,2026-02-01,Pricelist -2026/HAFELE PRICELIST_MRP revision Eff 1st Feb 2026 (1).pdf,102,943.39.024
hafele,Häfele,943.39.026,False,Design 100 SF - Central Bottom Guide 2 Hinge PCE 1,,,,,,39645.0,INR,False,,2026-02-01,Pricelist -2026/HAFELE PRICELIST_MRP revision Eff 1st Feb 2026 (1).pdf,102,943.39.026
hafele,Häfele,943.39.027,False,Design 100 SF - Top Pivot Wit Hinge PCE 1,,,,,,36835.0,INR,False,,2026-02-01,Pricelist -2026/HAFELE PRICELIST_MRP revision Eff 1st Feb 2026 (1).pdf,102,943.39.027
hafele,Häfele,943.39.028,False,Design 100 SF - Bottom Pivot Wit Hinge PCE 1,,,,,,31115.0,INR,False,,2026-02-01,Pricelist -2026/HAFELE PRICELIST_MRP revision Eff 1st Feb 2026 (1).pdf,102,943.39.028
hafele,Häfele,943.39.029,False,Design 100 SF - Bottom Hinge With Bolt PCE 1,,,,,,18025.0,INR,False,,2026-02-01,Pricelist -2026/HAFELE PRICELIST_MRP revision Eff 1st Feb 2026 (1).pdf,102,943.39.029
hafele,Häfele,943.39.025,False,Design 100 SF - Central Hinge A PCE 1,,,,,,27550.0,INR,False,,2026-02-01,Pricelist -2026/HAFELE PRICELIST_MRP revision Eff 1st Feb 2026 (1).pdf,102,943.39.025
hafele,Häfele,943.39.030,False,Design 100 SF - Central Hinge B PCE 1,,,,,,27565.0,INR,False,,2026-02-01,Pricelist -2026/HAFELE PRICELIST_MRP revision Eff 1st Feb 2026 (1).pdf,102,943.39.030
hafele,Häfele,941.27.008,False,Design Telescopic Progressive  90 - 2-Door Kit 1,,,,SET,,112620.0,INR,False,,2026-02-01,Pricelist -2026/HAFELE PRICELIST_MRP revision Eff 1st Feb 2026 (1).pdf,102,941.27.008
hafele,Häfele,941.27.009,False,Design Telescopic Progressive  90 -  3-Door Kit 1,,,,SET,,163885.0,INR,False,,2026-02-01,Pricelist -2026/HAFELE PRICELIST_MRP revision Eff 1st Feb 2026 (1).pdf,102,941.27.009
hafele,Häfele,940.00.024,False,"Design 120SG roller kit with 3 m top track, pelmet cover and side profiles, black colour. 1",,,,KIT,,69085.0,INR,False,,2026-02-01,Pricelist -2026/HAFELE PRICELIST_MRP revision Eff 1st Feb 2026 (1).pdf,102,940.00.024
hafele,Häfele,940.99.507,False,"Design 120SG stick-on profile, 3 m, black colour PCE As per requireme nt",,,,,,1330.0,INR,False,,2026-02-01,Pricelist -2026/HAFELE PRICELIST_MRP revision Eff 1st Feb 2026 (1).pdf,102,940.99.507
hafele,Häfele,400.00.047,False,Sliding door handle. PCE 1,,,,,,2625.0,INR,False,,2026-02-01,Pricelist -2026/HAFELE PRICELIST_MRP revision Eff 1st Feb 2026 (1).pdf,102,400.00.047
hafele,Häfele,940.99.404,False,Track bracket for wall mounting (only for wall-to-wall mounting applications 1,,,,SET,,1840.0,INR,False,,2026-02-01,Pricelist -2026/HAFELE PRICELIST_MRP revision Eff 1st Feb 2026 (1).pdf,102,940.99.404
hafele,Häfele,940.59.025,False,Slido D-line43 80N Roller Kit 1,,,,KIT,,63665.0,INR,False,,2026-02-01,Pricelist -2026/HAFELE PRICELIST_MRP revision Eff 1st Feb 2026 (1).pdf,102,940.59.025
hafele,Häfele,940.00.073,False,"Single Sliding Door Profile Set, Anodised Black 1",,,,KIT,,16985.0,INR,False,,2026-02-01,Pricelist -2026/HAFELE PRICELIST_MRP revision Eff 1st Feb 2026 (1).pdf,102,940.00.073
hafele,Häfele,940.00.074,False,"Single Sliding Door Profile Set, Powder Coated Sand Champagne 1",,,,KIT,,16985.0,INR,False,,2026-02-01,Pricelist -2026/HAFELE PRICELIST_MRP revision Eff 1st Feb 2026 (1).pdf,102,940.00.074
hafele,Häfele,401.30.016,False,Slido F-Line18 50A - Hardware set for 2 door 1,,,,KIT,,3890.0,INR,False,,2026-02-01,Pricelist -2026/HAFELE PRICELIST_MRP revision Eff 1st Feb 2026 (1).pdf,103,401.30.016
hafele,Häfele,401.30.019,False,Sliding Door roller kit with end stopper (without softclose) 1,,,,KIT,,2690.0,INR,False,,2026-02-01,Pricelist -2026/HAFELE PRICELIST_MRP revision Eff 1st Feb 2026 (1).pdf,103,401.30.019
hafele,Häfele,401.30.609,False,Slido F-Line18 50A - Concealed Track 2.5M (Recommended 4 Pcs For 2 Door System) PCE 1,,,,,,990.0,INR,False,,2026-02-01,Pricelist -2026/HAFELE PRICELIST_MRP revision Eff 1st Feb 2026 (1).pdf,103,401.30.609
hafele,Häfele,401.30.616,False,Slido F-Line18 50A - Concealed Track 3.6M (Recommended 4 Pcs For 2 Door System) PCE 1,,,,,,1325.0,INR,False,,2026-02-01,Pricelist -2026/HAFELE PRICELIST_MRP revision Eff 1st Feb 2026 (1).pdf,103,401.30.616
hafele,Häfele,401.30.611,False,Slido F-Line18 50A - Surface Mounted Top Track 2.5M PCE 1,,,,,,2920.0,INR,False,,2026-02-01,Pricelist -2026/HAFELE PRICELIST_MRP revision Eff 1st Feb 2026 (1).pdf,103,401.30.611
hafele,Häfele,401.30.614,False,Slido F-Line18 50A - Surface Mounted Bottom Track 2.5M PCE 1,,,,,,1960.0,INR,False,,2026-02-01,Pricelist -2026/HAFELE PRICELIST_MRP revision Eff 1st Feb 2026 (1).pdf,103,401.30.614
hafele,Häfele,401.30.617,False,Slido F-Line18 50A - Surface Mounted Top Track 3.6M PCE 1,,,,,,3755.0,INR,False,,2026-02-01,Pricelist -2026/HAFELE PRICELIST_MRP revision Eff 1st Feb 2026 (1).pdf,103,401.30.617
hafele,Häfele,401.30.618,False,Slido F-Line18 50A - Surface Mounted Bottom Track 3.6M PCE 1,,,,,,2470.0,INR,False,,2026-02-01,Pricelist -2026/HAFELE PRICELIST_MRP revision Eff 1st Feb 2026 (1).pdf,103,401.30.618
hafele,Häfele,401.30.031,False,F-line18 50A Cover Cap Silver Anodized 2.5m PCE 1,,,,,,740.0,INR,False,,2026-02-01,Pricelist -2026/HAFELE PRICELIST_MRP revision Eff 1st Feb 2026 (1).pdf,103,401.30.031
hafele,Häfele,401.30.030,False,F-line18 50A Cover Cap Silver Anodized 3.6m PCE 1,,,,,,1030.0,INR,False,,2026-02-01,Pricelist -2026/HAFELE PRICELIST_MRP revision Eff 1st Feb 2026 (1).pdf,103,401.30.030
hafele,Häfele,401.30.026,False,Slido F-Line18 50A - Track only set 2.5m Concealed for 2-doors (4 track set) 1,,,,SET,,3940.0,INR,False,,2026-02-01,Pricelist -2026/HAFELE PRICELIST_MRP revision Eff 1st Feb 2026 (1).pdf,103,401.30.026
hafele,Häfele,401.30.027,False,Slido F-Line18 50A - Track only set 2.5m Surface Mounted for 2-doors( 1 Top & 1 bottom track) 1,,,,SET,,5620.0,INR,False,,2026-02-01,Pricelist -2026/HAFELE PRICELIST_MRP revision Eff 1st Feb 2026 (1).pdf,103,401.30.027
hafele,Häfele,401.30.028,False,Slido F-Line18 50A - Track only set 3.6m Surface Mounted for 2-doors (1 Top & 1 bottom track) 1,,,,SET,,7265.0,INR,False,,2026-02-01,Pricelist -2026/HAFELE PRICELIST_MRP revision Eff 1st Feb 2026 (1).pdf,103,401.30.028
hafele,Häfele,400.52.090,False,Slido F-Line42 50B 2-Door With 2.5M Tracks Consist Of: Top And Bottom Track Roller Set Soft-Open and Soft-Close 1,,,,KIT,,24135.0,INR,False,,2026-02-01,Pricelist -2026/HAFELE PRICELIST_MRP revision Eff 1st Feb 2026 (1).pdf,103,400.52.090
hafele,Häfele,400.52.004,False,Slido F-Line42 50B 2-Door With 3.5M Tracks Consist Of: Top And Bottom Track Roller Set Soft-Open and Soft-Close 1,,,,KIT,,26675.0,INR,False,,2026-02-01,Pricelist -2026/HAFELE PRICELIST_MRP revision Eff 1st Feb 2026 (1).pdf,103,400.52.004
hafele,Häfele,400.52.009,False,Slido F-Line42 50B 3-Door With 3.5M Tracks Consist Of: Top And Bottom Track Roller Set Soft-Open and Soft-Close 1,,,,KIT,,32930.0,INR,False,,2026-02-01,Pricelist -2026/HAFELE PRICELIST_MRP revision Eff 1st Feb 2026 (1).pdf,103,400.52.009
hafele,Häfele,400.56.100,False,Slido  F-Line42 50B - Right internal door roller PCE 1,,,,,,410.0,INR,False,,2026-02-01,Pricelist -2026/HAFELE PRICELIST_MRP revision Eff 1st Feb 2026 (1).pdf,103,400.56.100
hafele,Häfele,400.52.091,False,Slido F-Line42 50C 2-Door With 2.5M Tracks Consist Of: Top And Bottom Track Roller Set Soft-Open  and Soft-Close 1,,,,KIT,,25405.0,INR,False,,2026-02-01,Pricelist -2026/HAFELE PRICELIST_MRP revision Eff 1st Feb 2026 (1).pdf,103,400.52.091
hafele,Häfele,400.52.005,False,Slido F-Line42 50C 2-Door With 3.5M Tracks Consist Of: Top And Bottom Track Roller Set Soft-Open and Soft-Close 1,,,,KIT,,27940.0,INR,False,,2026-02-01,Pricelist -2026/HAFELE PRICELIST_MRP revision Eff 1st Feb 2026 (1).pdf,103,400.52.005
hafele,Häfele,400.52.006,False,Slido F-Line42 50C 3-Door With 3.5M Tracks Consist Of: Top And Bottom Track Roller Set Soft-Open and Soft-Close 1,,,,KIT,,38105.0,INR,False,,2026-02-01,Pricelist -2026/HAFELE PRICELIST_MRP revision Eff 1st Feb 2026 (1).pdf,103,400.52.006
hafele,Häfele,400.01.112,False,Slido F-Line42 50C-Right internal door roller PCE 1,,,,,,490.0,INR,False,,2026-02-01,Pricelist -2026/HAFELE PRICELIST_MRP revision Eff 1st Feb 2026 (1).pdf,103,400.01.112
hafele,Häfele,400.56.148,False,Slido F-Line42 50C-Right internal door roller with pin PCE 1,,,,,,730.0,INR,False,,2026-02-01,Pricelist -2026/HAFELE PRICELIST_MRP revision Eff 1st Feb 2026 (1).pdf,103,400.56.148
hafele,Häfele,401.29.011,False,CLASSIC 50 VF SR - 2 DOOR KIT 2.5M TRACK 1,,,,KIT,,11001.0,INR,False,,2026-02-01,Pricelist -2026/HAFELE PRICELIST_MRP revision Eff 1st Feb 2026 (1).pdf,103,401.29.011
hafele,Häfele,400.51.121,False,Classic 50 VF SR - 2 Door Kit 1,,,,KIT,,6530.0,INR,False,,2026-02-01,Pricelist -2026/HAFELE PRICELIST_MRP revision Eff 1st Feb 2026 (1).pdf,103,400.51.121
hafele,Häfele,400.52.026,False,Classic 50 VF Top Track (St-18) 2.5M PCE 1,,,,,,2545.0,INR,False,,2026-02-01,Pricelist -2026/HAFELE PRICELIST_MRP revision Eff 1st Feb 2026 (1).pdf,103,400.52.026
hafele,Häfele,400.52.952,False,Classic 50 VF SR Bottom Track 2.5M PCE 1,,,,,,2203.0,INR,False,,2026-02-01,Pricelist -2026/HAFELE PRICELIST_MRP revision Eff 1st Feb 2026 (1).pdf,103,400.52.952
hafele,Häfele,401.29.012,False,CLASSIC 50 VF SR - 2 DOOR KIT 3.5M TRACK 1,,,,KIT,,13400.0,INR,False,,2026-02-01,Pricelist -2026/HAFELE PRICELIST_MRP revision Eff 1st Feb 2026 (1).pdf,103,401.29.012
hafele,Häfele,400.52.036,False,Classic 50 VF Top Track (St-18) 3.5M PCE 1,,,,,,3235.0,INR,False,,2026-02-01,Pricelist -2026/HAFELE PRICELIST_MRP revision Eff 1st Feb 2026 (1).pdf,103,400.52.036
hafele,Häfele,400.52.953,False,Classic 50 VF SR Bottom Track 3.5M PCE 1,,,,,,3985.0,INR,False,,2026-02-01,Pricelist -2026/HAFELE PRICELIST_MRP revision Eff 1st Feb 2026 (1).pdf,103,400.52.953
hafele,Häfele,402.11.402,False,SMUSO 2.0 - Device-Activator-Spacer for 1 door 1,,,,KIT,,2288.0,INR,False,,2026-02-01,Pricelist -2026/HAFELE PRICELIST_MRP revision Eff 1st Feb 2026 (1).pdf,103,402.11.402
hafele,Häfele,402.11.003,False,Smuso 2.0 - Device 1 Door Up to 50Kg PCE 1,,,,,,1582.0,INR,False,,2026-02-01,Pricelist -2026/HAFELE PRICELIST_MRP revision Eff 1st Feb 2026 (1).pdf,103,402.11.003
hafele,Häfele,402.11.401,False,Smuso 2.0 - End Stopper And Activator Cap PCE 1,,,,,,247.0,INR,False,,2026-02-01,Pricelist -2026/HAFELE PRICELIST_MRP revision Eff 1st Feb 2026 (1).pdf,103,402.11.401
hafele,Häfele,402.11.400,False,Smuso 2.0 - Spacer Plate And Adapter PCE 1,,,,,,460.0,INR,False,,2026-02-01,Pricelist -2026/HAFELE PRICELIST_MRP revision Eff 1st Feb 2026 (1).pdf,103,402.11.400
hafele,Häfele,405.11.226,False,Smuso 2.0 - Bracket Outer Door PCE 1,,,,,,780.0,INR,False,,2026-02-01,Pricelist -2026/HAFELE PRICELIST_MRP revision Eff 1st Feb 2026 (1).pdf,103,405.11.226
hafele,Häfele,405.11.225,False,Smuso 2.0 - Bracket Inner Door PCE 1,,,,,,456.0,INR,False,,2026-02-01,Pricelist -2026/HAFELE PRICELIST_MRP revision Eff 1st Feb 2026 (1).pdf,103,405.11.225
hafele,Häfele,400.50.017,False,CLASSIC 60 VF - 2 DOOR 3.05MTRACK & STRAIGHTNER 1,,,,KIT,,232540.0,INR,False,,2026-02-01,Pricelist -2026/HAFELE PRICELIST_MRP revision Eff 1st Feb 2026 (1).pdf,104,400.50.017
hafele,Häfele,400.50.001,False,Classic 60 VF - Right Door Kit 1,,,,KIT,,96770.0,INR,False,,2026-02-01,Pricelist -2026/HAFELE PRICELIST_MRP revision Eff 1st Feb 2026 (1).pdf,104,400.50.001
hafele,Häfele,400.50.008,False,Classic 60 VF - Left Door Kit 1,,,,KIT,,96770.0,INR,False,,2026-02-01,Pricelist -2026/HAFELE PRICELIST_MRP revision Eff 1st Feb 2026 (1).pdf,104,400.50.008
hafele,Häfele,409.50.600,False,Classic 60 VF - Top Track 3.05M PCE 1,,,,,,20645.0,INR,False,,2026-02-01,Pricelist -2026/HAFELE PRICELIST_MRP revision Eff 1st Feb 2026 (1).pdf,104,409.50.600
hafele,Häfele,409.50.800,False,Classic 60 VF - Bottom Track 3.05M PCE 1,,,,,,5740.0,INR,False,,2026-02-01,Pricelist -2026/HAFELE PRICELIST_MRP revision Eff 1st Feb 2026 (1).pdf,104,409.50.800
hafele,Häfele,400.50.011,False,Classic 60 VF - Door Straightener 2,,,,SET,,6315.0,INR,False,,2026-02-01,Pricelist -2026/HAFELE PRICELIST_MRP revision Eff 1st Feb 2026 (1).pdf,104,400.50.011
hafele,Häfele,400.50.018,False,DESIGN 60 VF - 2 DOOR WITH 3M TRACK 1,,,,KIT,,340735.0,INR,False,,2026-02-01,Pricelist -2026/HAFELE PRICELIST_MRP revision Eff 1st Feb 2026 (1).pdf,104,400.50.018
hafele,Häfele,400.50.539,False,Design 60 VF - Upper And Lower Cross Profile 3.05M PCE 2,,,,,,27335.0,INR,False,,2026-02-01,Pricelist -2026/HAFELE PRICELIST_MRP revision Eff 1st Feb 2026 (1).pdf,104,400.50.539
hafele,Häfele,400.50.540,False,Design 60 VF - Vertical Rod Profile With Handle 3.05M PCE 2,,,,,,31920.0,INR,False,,2026-02-01,Pricelist -2026/HAFELE PRICELIST_MRP revision Eff 1st Feb 2026 (1).pdf,104,400.50.540
hafele,Häfele,400.50.541,False,Design 60 VF - Vertical Rod Profile Without Handle 3.05M PCE 2,,,,,,17590.0,INR,False,,2026-02-01,Pricelist -2026/HAFELE PRICELIST_MRP revision Eff 1st Feb 2026 (1).pdf,104,400.50.541
hafele,Häfele,400.50.037,False,Design 60 VF - Kit Plate Steel Aluminium 2,,,,KIT,,8840.0,INR,False,,2026-02-01,Pricelist -2026/HAFELE PRICELIST_MRP revision Eff 1st Feb 2026 (1).pdf,104,400.50.037
hafele,Häfele,400.50.400,False,Design 60 VF - Kit Of Aluminium Fixing Plates For Middle Crossbeam 4,,,,SET,,3280.0,INR,False,,2026-02-01,Pricelist -2026/HAFELE PRICELIST_MRP revision Eff 1st Feb 2026 (1).pdf,104,400.50.400
hafele,Häfele,400.50.932,False,Design 60 VF - Middle Crossbeam Aluminium Profile With Glass Or Wood Panel Seat 3.05M PCE 2,,,,,,2365.0,INR,False,,2026-02-01,Pricelist -2026/HAFELE PRICELIST_MRP revision Eff 1st Feb 2026 (1).pdf,104,400.50.932
hafele,Häfele,400.50.402,False,Design 60 VF - Kit Straightener Door Device For Threaded Bar 2,,,,KIT,,2305.0,INR,False,,2026-02-01,Pricelist -2026/HAFELE PRICELIST_MRP revision Eff 1st Feb 2026 (1).pdf,104,400.50.402
hafele,Häfele,400.50.403,False,Design 60 VF - Threaded M5 Straightener 1,,,,SET,,3250.0,INR,False,,2026-02-01,Pricelist -2026/HAFELE PRICELIST_MRP revision Eff 1st Feb 2026 (1).pdf,104,400.50.403
hafele,Häfele,400.50.503,False,Design 60 VF - Save Dust Brush 5,,,,M,,180.0,INR,False,,2026-02-01,Pricelist -2026/HAFELE PRICELIST_MRP revision Eff 1st Feb 2026 (1).pdf,104,400.50.503
hafele,Häfele,400.50.450,False,Design 60 VF - Gasket For Glass 3M PCE 10,,,,,,1350.0,INR,False,,2026-02-01,Pricelist -2026/HAFELE PRICELIST_MRP revision Eff 1st Feb 2026 (1).pdf,104,400.50.450
hafele,Häfele,409.36.100,False,Slide Fold 50 - Left Opening Kit 1,,,,KIT,,9835.0,INR,False,,2026-02-01,Pricelist -2026/HAFELE PRICELIST_MRP revision Eff 1st Feb 2026 (1).pdf,105,409.36.100
hafele,Häfele,409.36.101,False,Slide Fold 50 - Right Opening Kit 1,,,,KIT,,9835.0,INR,False,,2026-02-01,Pricelist -2026/HAFELE PRICELIST_MRP revision Eff 1st Feb 2026 (1).pdf,105,409.36.101
hafele,Häfele,409.36.410,False,Slide Fold 50 - Plastic Cover PCE 1,,,,,,1025.0,INR,False,,2026-02-01,Pricelist -2026/HAFELE PRICELIST_MRP revision Eff 1st Feb 2026 (1).pdf,105,409.36.410
hafele,Häfele,409.36.411,False,Slide Fold 50 - Asymmetric Hinge PCE 1,,,,,,365.0,INR,False,,2026-02-01,Pricelist -2026/HAFELE PRICELIST_MRP revision Eff 1st Feb 2026 (1).pdf,105,409.36.411
hafele,Häfele,409.36.610,False,Slide Fold 50 - Top Track PCE 1,,,,,,2670.0,INR,False,,2026-02-01,Pricelist -2026/HAFELE PRICELIST_MRP revision Eff 1st Feb 2026 (1).pdf,105,409.36.610
hafele,Häfele,409.36.012,False,Self-opening kit for push-to-open applications for left door (Optional) 1,,,,KIT,,8690.0,INR,False,,2026-02-01,Pricelist -2026/HAFELE PRICELIST_MRP revision Eff 1st Feb 2026 (1).pdf,105,409.36.012
hafele,Häfele,409.36.013,False,Self-opening kit for push-to-open applications for right door (Optional) 1,,,,KIT,,8690.0,INR,False,,2026-02-01,Pricelist -2026/HAFELE PRICELIST_MRP revision Eff 1st Feb 2026 (1).pdf,105,409.36.013
hafele,Häfele,409.36.102,False,Slide Fold 25 - Left Opening Kit 1,,,,KIT,,4170.0,INR,False,,2026-02-01,Pricelist -2026/HAFELE PRICELIST_MRP revision Eff 1st Feb 2026 (1).pdf,105,409.36.102
hafele,Häfele,409.36.103,False,Slide Fold 25 - Right Opening Kit 1,,,,KIT,,4170.0,INR,False,,2026-02-01,Pricelist -2026/HAFELE PRICELIST_MRP revision Eff 1st Feb 2026 (1).pdf,105,409.36.103
hafele,Häfele,409.36.002,False,CLASSIC DUO 80 VF - 2-DOOR 28MM 3M TRACK + STRAIGHTNER 1,28MM,,,KIT,,58215.0,INR,False,,2026-02-01,Pricelist -2026/HAFELE PRICELIST_MRP revision Eff 1st Feb 2026 (1).pdf,105,409.36.002
hafele,Häfele,409.36.112,False,Duo 80 VF - External Door Kit 28Mm 1,28Mm,,,KIT,,18885.0,INR,False,,2026-02-01,Pricelist -2026/HAFELE PRICELIST_MRP revision Eff 1st Feb 2026 (1).pdf,105,409.36.112
hafele,Häfele,409.36.111,False,Duo 80 VF - Internal Door Kit 1,,,,KIT,,16220.0,INR,False,,2026-02-01,Pricelist -2026/HAFELE PRICELIST_MRP revision Eff 1st Feb 2026 (1).pdf,105,409.36.111
hafele,Häfele,409.36.606,False,Duo 80 VF - Top Track 3M Silver Anodised PCE 1,,,,,,5340.0,INR,False,,2026-02-01,Pricelist -2026/HAFELE PRICELIST_MRP revision Eff 1st Feb 2026 (1).pdf,105,409.36.606
hafele,Häfele,400.50.936,False,Duo 80 VF - Bottom Track 3M Silver Anodised PCE 1,,,,,,5150.0,INR,False,,2026-02-01,Pricelist -2026/HAFELE PRICELIST_MRP revision Eff 1st Feb 2026 (1).pdf,105,400.50.936
hafele,Häfele,409.36.003,False,CLASSIC DUO 80 VF - 3-DOOR 28MM 3M TRACK + STRAIGHTNER,28MM,,,KIT,,86675.0,INR,False,,2026-02-01,Pricelist -2026/HAFELE PRICELIST_MRP revision Eff 1st Feb 2026 (1).pdf,105,409.36.003
hafele,Häfele,409.36.050,False,Duo 80 VF - External Door Kit 28MM (3D) 1,28MM,,,KIT,,24810.0,INR,False,,2026-02-01,Pricelist -2026/HAFELE PRICELIST_MRP revision Eff 1st Feb 2026 (1).pdf,105,409.36.050
hafele,Häfele,409.36.004,False,CLASSIC DUO 80 VF - 2-DOOR 38MM 3MTRACK + STRAIGHTNER 1,38MM,,,KIT,,60800.0,INR,False,,2026-02-01,Pricelist -2026/HAFELE PRICELIST_MRP revision Eff 1st Feb 2026 (1).pdf,105,409.36.004
hafele,Häfele,409.36.110,False,Duo 80 VF - External Door Kit 38Mm 1,38Mm,,,KIT,,21475.0,INR,False,,2026-02-01,Pricelist -2026/HAFELE PRICELIST_MRP revision Eff 1st Feb 2026 (1).pdf,105,409.36.110
hafele,Häfele,409.36.005,False,CLASSIC DUO 80 VF - 3-DOOR 38MM 3MTRACK + STRAIGHTNER 1,38MM,,,KIT,,79695.0,INR,False,,2026-02-01,Pricelist -2026/HAFELE PRICELIST_MRP revision Eff 1st Feb 2026 (1).pdf,105,409.36.005
hafele,Häfele,409.36.051,False,Duo 80 VF - External Door Kit 38MM (3D) 1,38MM,,,KIT,,27400.0,INR,False,,2026-02-01,Pricelist -2026/HAFELE PRICELIST_MRP revision Eff 1st Feb 2026 (1).pdf,105,409.36.051
hafele,Häfele,409.36.006,False,CLASSIC DUO 80 VF - 2-DOOR 28MM 3M TRACK 1,28MM,,,KIT,,45585.0,INR,False,,2026-02-01,Pricelist -2026/HAFELE PRICELIST_MRP revision Eff 1st Feb 2026 (1).pdf,106,409.36.006
hafele,Häfele,409.36.007,False,CLASSIC DUO 80 VF - 3DOOR 28MM 3M TRACK 1,28MM,,,KIT,,67735.0,INR,False,,2026-02-01,Pricelist -2026/HAFELE PRICELIST_MRP revision Eff 1st Feb 2026 (1).pdf,106,409.36.007
hafele,Häfele,409.36.008,False,CLASSIC DUO 80 VF - 2-DOOR 38MM 3M TRACK 1,38MM,,,KIT,,48175.0,INR,False,,2026-02-01,Pricelist -2026/HAFELE PRICELIST_MRP revision Eff 1st Feb 2026 (1).pdf,106,409.36.008
hafele,Häfele,409.36.009,False,CLASSIC DUO 80 VF - 3DOOR 38MM 3M TRACK 1,38MM,,,KIT,,70320.0,INR,False,,2026-02-01,Pricelist -2026/HAFELE PRICELIST_MRP revision Eff 1st Feb 2026 (1).pdf,106,409.36.009
hafele,Häfele,400.50.504,False,Duo 80 - External Door Dust Save Plastic PCE 1,,,,,,1385.0,INR,False,,2026-02-01,Pricelist -2026/HAFELE PRICELIST_MRP revision Eff 1st Feb 2026 (1).pdf,106,400.50.504
hafele,Häfele,400.50.505,False,Duo 80 - Adhesive Tape 1,,,,SET,,23.0,INR,False,,2026-02-01,Pricelist -2026/HAFELE PRICELIST_MRP revision Eff 1st Feb 2026 (1).pdf,106,400.50.505
hafele,Häfele,409.36.010,False,"Design Duo 80 VF - 2-DOOR 28MM WITH 3M, Silver Anodised 1",28MM,,,KIT,,135915.0,INR,False,,2026-02-01,Pricelist -2026/HAFELE PRICELIST_MRP revision Eff 1st Feb 2026 (1).pdf,107,409.36.010
hafele,Häfele,400.50.931,False,"Design Duo 80 VF - Upper And Lower Profile 3.05M, Silver Anodised PCE 2",,,,,,6270.0,INR,False,,2026-02-01,Pricelist -2026/HAFELE PRICELIST_MRP revision Eff 1st Feb 2026 (1).pdf,107,400.50.931
hafele,Häfele,400.50.927,False,"Design Duo 80 VF - Vertical Alu Profile Without Handle 3.05M, Silver Anodised PCE 1",,,,,,2690.0,INR,False,,2026-02-01,Pricelist -2026/HAFELE PRICELIST_MRP revision Eff 1st Feb 2026 (1).pdf,107,400.50.927
hafele,Häfele,400.50.926,False,"Design Duo 80 VF - Vertical Alu Profile With Handle 3.05M, Silver Anodised PCE 2",,,,,,4365.0,INR,False,,2026-02-01,Pricelist -2026/HAFELE PRICELIST_MRP revision Eff 1st Feb 2026 (1).pdf,107,400.50.926
hafele,Häfele,400.50.928,False,"Design Duo 80 VF - Vertical Alu Profile With Handle And Gap Cover 3.05M, Silver Anodised PCE 1",,,,,,6265.0,INR,False,,2026-02-01,Pricelist -2026/HAFELE PRICELIST_MRP revision Eff 1st Feb 2026 (1).pdf,107,400.50.928
hafele,Häfele,400.50.421,False,Design Duo 80 VF - Kit Plate Assembly Both Door 2,,,,SET,,8460.0,INR,False,,2026-02-01,Pricelist -2026/HAFELE PRICELIST_MRP revision Eff 1st Feb 2026 (1).pdf,107,400.50.421
hafele,Häfele,409.36.011,False,"Design Duo 80 VF - 3-DOOR 28MM WITH 3M, Silver Anodised PCE 1",28MM,,,,,199625.0,INR,False,,2026-02-01,Pricelist -2026/HAFELE PRICELIST_MRP revision Eff 1st Feb 2026 (1).pdf,107,409.36.011
hafele,Häfele,409.36.604,False,Duo 80 VF - Top Track 3.6M Silver Anodised PCE 1,,,,,,7645.0,INR,False,,2026-02-01,Pricelist -2026/HAFELE PRICELIST_MRP revision Eff 1st Feb 2026 (1).pdf,107,409.36.604
hafele,Häfele,400.50.804,False,Duo 80 VF - Bottom Track 3.6M Silver Anodised PCE 1,,,,,,6340.0,INR,False,,2026-02-01,Pricelist -2026/HAFELE PRICELIST_MRP revision Eff 1st Feb 2026 (1).pdf,107,400.50.804
hafele,Häfele,400.50.425,False,Design Duo 80 VF - Plates Assembly Kit For Vertical Cross Profile 1,,,,KIT,,3630.0,INR,False,,2026-02-01,Pricelist -2026/HAFELE PRICELIST_MRP revision Eff 1st Feb 2026 (1).pdf,107,400.50.425
hafele,Häfele,400.50.801,False,"Duo 80 VF - Top Track 3M, Black Anodised PCE 1",,,,,,4145.0,INR,False,,2026-02-01,Pricelist -2026/HAFELE PRICELIST_MRP revision Eff 1st Feb 2026 (1).pdf,108,400.50.801
hafele,Häfele,400.50.800,False,"Duo 80 VF - Top Track 3.6M, Black Anodised PCE 1",,,,,,5465.0,INR,False,,2026-02-01,Pricelist -2026/HAFELE PRICELIST_MRP revision Eff 1st Feb 2026 (1).pdf,108,400.50.800
hafele,Häfele,400.50.601,False,"Duo 80 VF - Bottom Track 3M, Black Anodised PCE 1",,,,,,3285.0,INR,False,,2026-02-01,Pricelist -2026/HAFELE PRICELIST_MRP revision Eff 1st Feb 2026 (1).pdf,108,400.50.601
hafele,Häfele,400.50.600,False,"Duo 80 VF - Bottom Track 3.6M, Black Anodised PCE 1",,,,,,4335.0,INR,False,,2026-02-01,Pricelist -2026/HAFELE PRICELIST_MRP revision Eff 1st Feb 2026 (1).pdf,108,400.50.600
hafele,Häfele,400.50.903,False,"Design Duo 80 VF - Upper And Lower Profile 3.05M, Black Anodised PCE 1",,,,,,6830.0,INR,False,,2026-02-01,Pricelist -2026/HAFELE PRICELIST_MRP revision Eff 1st Feb 2026 (1).pdf,108,400.50.903
hafele,Häfele,400.50.904,False,"Design Duo 80 VF - Cross/Mid Profile With Glass/Wood Panel Seat 3.05M, Black Anodised PCE 1",,,,,,2575.0,INR,False,,2026-02-01,Pricelist -2026/HAFELE PRICELIST_MRP revision Eff 1st Feb 2026 (1).pdf,108,400.50.904
hafele,Häfele,400.50.901,False,"Design Duo 80 VF - Vertical Alu Profile Without Handle 3.05M, Black Anodised PCE 1",,,,,,2925.0,INR,False,,2026-02-01,Pricelist -2026/HAFELE PRICELIST_MRP revision Eff 1st Feb 2026 (1).pdf,108,400.50.901
hafele,Häfele,400.50.900,False,"Design Duo 80 VF - Vertical Alu Profile With Handle 3.05M, Black Anodised PCE 1",,,,,,4755.0,INR,False,,2026-02-01,Pricelist -2026/HAFELE PRICELIST_MRP revision Eff 1st Feb 2026 (1).pdf,108,400.50.900
hafele,Häfele,400.50.902,False,"Design Duo 80 VF - Vertical Alu Profile With Handle And Gap Cover 3.05M, Black Anodised PCE 1",,,,,,6890.0,INR,False,,2026-02-01,Pricelist -2026/HAFELE PRICELIST_MRP revision Eff 1st Feb 2026 (1).pdf,108,400.50.902
hafele,Häfele,400.50.905,False,"Design Duo 80 VF - Hidden Aluminium Cross Beam 3.05M, Black Anodised PCE 1",,,,,,2190.0,INR,False,,2026-02-01,Pricelist -2026/HAFELE PRICELIST_MRP revision Eff 1st Feb 2026 (1).pdf,108,400.50.905
hafele,Häfele,946.19.408,False,Sliding Door Brush Seal Grey (9X5 - 3M) PAC 1,,,,,,206.0,INR,False,,2026-02-01,Pricelist -2026/HAFELE PRICELIST_MRP revision Eff 1st Feb 2026 (1).pdf,108,946.19.408
hafele,Häfele,946.19.409,False,Sliding Door Brush Seal Grey (9X8 - 3M) PAC 1,,,,,,260.0,INR,False,,2026-02-01,Pricelist -2026/HAFELE PRICELIST_MRP revision Eff 1st Feb 2026 (1).pdf,108,946.19.409
hafele,Häfele,161.30.200,False,"Thickness Mounted Flush Handle, Finish Polished Chrome, Size: 110X15Mm PCE 1",,,,,,1242.0,INR,False,,2026-02-01,Pricelist -2026/HAFELE PRICELIST_MRP revision Eff 1st Feb 2026 (1).pdf,108,161.30.200
hafele,Häfele,161.30.600,False,"Thickness Mounted Flush Handle, Finish Matt Nickel, Size: 110X15Mm PCE 1",,,,,,1527.0,INR,False,,2026-02-01,Pricelist -2026/HAFELE PRICELIST_MRP revision Eff 1st Feb 2026 (1).pdf,108,161.30.600
hafele,Häfele,400.50.550,False,E-drive - Motion Transmission Bar 900-1150 PCE 2,,,,,,78445.0,INR,False,,2026-02-01,Pricelist -2026/HAFELE PRICELIST_MRP revision Eff 1st Feb 2026 (1).pdf,108,400.50.550
hafele,Häfele,400.50.552,False,E-drive - ECU With Remote Control 1,,,,KIT,,132265.0,INR,False,,2026-02-01,Pricelist -2026/HAFELE PRICELIST_MRP revision Eff 1st Feb 2026 (1).pdf,108,400.50.552
hafele,Häfele,400.50.968,False,E-Drive - Profile (60VF) 3050MM PCE 1,3050MM,,,,,27153.0,INR,False,,2026-02-01,Pricelist -2026/HAFELE PRICELIST_MRP revision Eff 1st Feb 2026 (1).pdf,108,400.50.968
hafele,Häfele,400.50.489,False,E-Drive - Kit Connector 2 Door (60VF) 1,,,,KIT,,37433.0,INR,False,,2026-02-01,Pricelist -2026/HAFELE PRICELIST_MRP revision Eff 1st Feb 2026 (1).pdf,108,400.50.489
hafele,Häfele,400.50.551,False,E-drive - Motion Transmission Bar 1154-1800 PCE 2,,,,,,81810.0,INR,False,,2026-02-01,Pricelist -2026/HAFELE PRICELIST_MRP revision Eff 1st Feb 2026 (1).pdf,108,400.50.551
hafele,Häfele,400.50.966,False,E-drive - Profile (Duo80 VF) 3050MM PCE 1,3050MM,,,,,5375.0,INR,False,,2026-02-01,Pricelist -2026/HAFELE PRICELIST_MRP revision Eff 1st Feb 2026 (1).pdf,108,400.50.966
hafele,Häfele,400.50.554,False,E-drive - Kit Connector 2 Door (Duo80 VF) 1,,,,KIT,,10370.0,INR,False,,2026-02-01,Pricelist -2026/HAFELE PRICELIST_MRP revision Eff 1st Feb 2026 (1).pdf,108,400.50.554
hafele,Häfele,400.50.426,False,E-drive - Kit Connector 2 Door (Duo80VF) (When internal door is on the right side ) 1,,,,KIT,,8975.0,INR,False,,2026-02-01,Pricelist -2026/HAFELE PRICELIST_MRP revision Eff 1st Feb 2026 (1).pdf,108,400.50.426
hafele,Häfele,400.50.555,False,E-drive - Kit Connector 3 Door (Duo80VF) 1,,,,KIT,,19499.0,INR,False,,2026-02-01,Pricelist -2026/HAFELE PRICELIST_MRP revision Eff 1st Feb 2026 (1).pdf,108,400.50.555
hafele,Häfele,400.50.486,False,E-drive Wave Sensor - Receiver PCE 1,,,,,,35915.0,INR,False,,2026-02-01,Pricelist -2026/HAFELE PRICELIST_MRP revision Eff 1st Feb 2026 (1).pdf,108,400.50.486
hafele,Häfele,400.50.487,False,E-drive Wave Sensor - Cable PCE 1,,,,,,1700.0,INR,False,,2026-02-01,Pricelist -2026/HAFELE PRICELIST_MRP revision Eff 1st Feb 2026 (1).pdf,108,400.50.487
hafele,Häfele,400.50.488,False,E-drive Wave Sensor - Hand Movement (Order based on the number of doors ) PCE 1,,,,,,30120.0,INR,False,,2026-02-01,Pricelist -2026/HAFELE PRICELIST_MRP revision Eff 1st Feb 2026 (1).pdf,108,400.50.488
hafele,Häfele,408.31.008,False,"Hawa Folding Concepta, Left L: 1420 mm, H: 1250-1850 mm, Alu Plain Anodized 1",1420 mm,,,KIT,,287679.0,INR,False,,2026-02-01,Pricelist -2026/HAFELE PRICELIST_MRP revision Eff 1st Feb 2026 (1).pdf,108,408.31.008
hafele,Häfele,408.31.009,False,"Hawa Folding Concepta, Right L: 1420 mm, H: 1250-1850 mm, Alu Plain Anodized 1",1420 mm,,,KIT,,287679.0,INR,False,,2026-02-01,Pricelist -2026/HAFELE PRICELIST_MRP revision Eff 1st Feb 2026 (1).pdf,108,408.31.009
hafele,Häfele,408.31.010,False,"Hawa Folding Concepta, Left L: 1420 mm, H: 1851-2600 mm, Alu Plain Anodized 1",1420 mm,,,KIT,,311619.0,INR,False,,2026-02-01,Pricelist -2026/HAFELE PRICELIST_MRP revision Eff 1st Feb 2026 (1).pdf,108,408.31.010
hafele,Häfele,408.31.011,False,"Hawa Folding Concepta, Right L: 1420 mm, H: 1851-2600 mm, Alu Plain Anodized 1",1420 mm,,,KIT,,311619.0,INR,False,,2026-02-01,Pricelist -2026/HAFELE PRICELIST_MRP revision Eff 1st Feb 2026 (1).pdf,108,408.31.011
hafele,Häfele,408.31.016,False,"Hawa Folding Concepta, Left L: 2120 mm, H: 1851-2600 mm, Alu Plain Anodized 1",2120 mm,,,KIT,,333102.0,INR,False,,2026-02-01,Pricelist -2026/HAFELE PRICELIST_MRP revision Eff 1st Feb 2026 (1).pdf,108,408.31.016
hafele,Häfele,408.31.017,False,"Hawa Folding Concepta, Right L: 2120 mm, H: 1851-2600 mm, Alu Plain Anodized 1",2120 mm,,,KIT,,333102.0,INR,False,,2026-02-01,Pricelist -2026/HAFELE PRICELIST_MRP revision Eff 1st Feb 2026 (1).pdf,108,408.31.017
hafele,Häfele,408.30.593,False,"Hawa Concepta - 50, Set For 1-Door 1",,,,KIT,,203333.0,INR,False,,2026-02-01,Pricelist -2026/HAFELE PRICELIST_MRP revision Eff 1st Feb 2026 (1).pdf,108,408.30.593
hafele,Häfele,976.02.486,False,In Sc/Ch Kit H3200MM X W3600MM Black 1,,,,SET,,173938.0,INR,False,,2026-02-01,Pricelist -2026/HAFELE PRICELIST_MRP revision Eff 1st Feb 2026 (1).pdf,109,976.02.486
hafele,Häfele,976.02.485,False,In Sc/Ch Kit H3200MM X W2700MM Black 1,,,,SET,,121409.0,INR,False,,2026-02-01,Pricelist -2026/HAFELE PRICELIST_MRP revision Eff 1st Feb 2026 (1).pdf,109,976.02.485
hafele,Häfele,976.02.484,False,In Sc/Ch Kit H3200MM X W2000MM Black 1,,,,SET,,95651.0,INR,False,,2026-02-01,Pricelist -2026/HAFELE PRICELIST_MRP revision Eff 1st Feb 2026 (1).pdf,109,976.02.484
hafele,Häfele,976.02.483,False,In Sc/Ch Kit H3200MM X W1500MM Black 1,,,,SET,,86537.0,INR,False,,2026-02-01,Pricelist -2026/HAFELE PRICELIST_MRP revision Eff 1st Feb 2026 (1).pdf,109,976.02.483
hafele,Häfele,976.02.482,False,In Sc/Ch Kit H3200MM X W1100MM Black 1,,,,SET,,79301.0,INR,False,,2026-02-01,Pricelist -2026/HAFELE PRICELIST_MRP revision Eff 1st Feb 2026 (1).pdf,109,976.02.482
hafele,Häfele,976.02.481,False,In Sc/Ch Kit H3000MM X W4500MM Black 1,,,,SET,,188595.0,INR,False,,2026-02-01,Pricelist -2026/HAFELE PRICELIST_MRP revision Eff 1st Feb 2026 (1).pdf,109,976.02.481
hafele,Häfele,976.02.480,False,In Sc/Ch Kit H3000MM X W3600MM Black 1,,,,SET,,151137.0,INR,False,,2026-02-01,Pricelist -2026/HAFELE PRICELIST_MRP revision Eff 1st Feb 2026 (1).pdf,109,976.02.480
hafele,Häfele,976.02.478,False,In Sc/Ch Kit H3000MM X W2000MM Black 1,,,,SET,,93237.0,INR,False,,2026-02-01,Pricelist -2026/HAFELE PRICELIST_MRP revision Eff 1st Feb 2026 (1).pdf,109,976.02.478
hafele,Häfele,976.02.476,False,In Sc/Ch Kit H3000MM X W1100MM Black 1,,,,SET,,78493.0,INR,False,,2026-02-01,Pricelist -2026/HAFELE PRICELIST_MRP revision Eff 1st Feb 2026 (1).pdf,109,976.02.476
hafele,Häfele,976.02.475,False,In Sc/Ch Kit H2800MM X W4500MM Black 1,,,,SET,,187632.0,INR,False,,2026-02-01,Pricelist -2026/HAFELE PRICELIST_MRP revision Eff 1st Feb 2026 (1).pdf,109,976.02.475
hafele,Häfele,976.02.474,False,In Sc/Ch Kit H2800MM X W3600MM Black 1,,,,SET,,151514.0,INR,False,,2026-02-01,Pricelist -2026/HAFELE PRICELIST_MRP revision Eff 1st Feb 2026 (1).pdf,109,976.02.474
hafele,Häfele,976.02.471,False,In Sc/Ch Kit H2800MM X W1500MM Black 1,,,,SET,,85497.0,INR,False,,2026-02-01,Pricelist -2026/HAFELE PRICELIST_MRP revision Eff 1st Feb 2026 (1).pdf,109,976.02.471
hafele,Häfele,976.02.470,False,In Sc/Ch Kit H2800MM X W1100MM Black 1,,,,SET,,78261.0,INR,False,,2026-02-01,Pricelist -2026/HAFELE PRICELIST_MRP revision Eff 1st Feb 2026 (1).pdf,109,976.02.470
hafele,Häfele,976.02.469,False,In Sc/Ch Kit H2600MM X W4500MM Black 1,,,,SET,,178587.0,INR,False,,2026-02-01,Pricelist -2026/HAFELE PRICELIST_MRP revision Eff 1st Feb 2026 (1).pdf,109,976.02.469
hafele,Häfele,976.02.468,False,In Sc/Ch Kit H2600MM X W3600MM Black 1,,,,SET,,144504.0,INR,False,,2026-02-01,Pricelist -2026/HAFELE PRICELIST_MRP revision Eff 1st Feb 2026 (1).pdf,109,976.02.468
hafele,Häfele,976.02.467,False,In Sc/Ch Kit H2600MM X W2700MM Black 1,,,,SET,,116650.0,INR,False,,2026-02-01,Pricelist -2026/HAFELE PRICELIST_MRP revision Eff 1st Feb 2026 (1).pdf,109,976.02.467
hafele,Häfele,976.02.466,False,In Sc/Ch Kit H2600MM X W2000MM Black 1,,,,SET,,91839.0,INR,False,,2026-02-01,Pricelist -2026/HAFELE PRICELIST_MRP revision Eff 1st Feb 2026 (1).pdf,109,976.02.466
hafele,Häfele,976.02.465,False,In Sc/Ch Kit H2600MM X W1500MM Black 1,,,,SET,,84331.0,INR,False,,2026-02-01,Pricelist -2026/HAFELE PRICELIST_MRP revision Eff 1st Feb 2026 (1).pdf,109,976.02.465
hafele,Häfele,976.02.464,False,In Sc/Ch Kit H2600MM X W1100MM Black 1,,,,SET,,77096.0,INR,False,,2026-02-01,Pricelist -2026/HAFELE PRICELIST_MRP revision Eff 1st Feb 2026 (1).pdf,109,976.02.464
hafele,Häfele,976.02.463,False,In Sc/Ch Kit H2400MM X W4500MM Black 1,,,,SET,,135340.0,INR,False,,2026-02-01,Pricelist -2026/HAFELE PRICELIST_MRP revision Eff 1st Feb 2026 (1).pdf,109,976.02.463
hafele,Häfele,976.02.462,False,In Sc/Ch Kit H2400MM X W3600MM Black 1,,,,SET,,130035.0,INR,False,,2026-02-01,Pricelist -2026/HAFELE PRICELIST_MRP revision Eff 1st Feb 2026 (1).pdf,109,976.02.462
hafele,Häfele,976.02.461,False,In Sc/Ch Kit H2400MM X W2700MM Black 1,,,,SET,,105345.0,INR,False,,2026-02-01,Pricelist -2026/HAFELE PRICELIST_MRP revision Eff 1st Feb 2026 (1).pdf,109,976.02.461
hafele,Häfele,976.02.460,False,In Sc/Ch Kit H2400MM X W2000MM Black 1,,,,SET,,73264.0,INR,False,,2026-02-01,Pricelist -2026/HAFELE PRICELIST_MRP revision Eff 1st Feb 2026 (1).pdf,109,976.02.460
hafele,Häfele,976.02.459,False,In Sc/Ch Kit H2400MM X W1500MM Black 1,,,,SET,,64168.0,INR,False,,2026-02-01,Pricelist -2026/HAFELE PRICELIST_MRP revision Eff 1st Feb 2026 (1).pdf,109,976.02.459
hafele,Häfele,976.02.458,False,In Sc/Ch Kit H2400MM X W1100MM Black 1,,,,SET,,65640.0,INR,False,,2026-02-01,Pricelist -2026/HAFELE PRICELIST_MRP revision Eff 1st Feb 2026 (1).pdf,109,976.02.458
hafele,Häfele,976.02.457,False,In Sc/Ch Kit H2200MM X W4500MM Black 1,,,,SET,,153180.0,INR,False,,2026-02-01,Pricelist -2026/HAFELE PRICELIST_MRP revision Eff 1st Feb 2026 (1).pdf,109,976.02.457
hafele,Häfele,976.02.456,False,In Sc/Ch Kit H2200MM X W3600MM Black 1,,,,SET,,124674.0,INR,False,,2026-02-01,Pricelist -2026/HAFELE PRICELIST_MRP revision Eff 1st Feb 2026 (1).pdf,109,976.02.456
hafele,Häfele,976.02.455,False,In Sc/Ch Kit H2200MM X W2700MM Black 1,,,,SET,,90921.0,INR,False,,2026-02-01,Pricelist -2026/HAFELE PRICELIST_MRP revision Eff 1st Feb 2026 (1).pdf,109,976.02.455
hafele,Häfele,976.02.454,False,In Sc/Ch Kit H2200MM X W2000MM Black 1,,,,SET,,75051.0,INR,False,,2026-02-01,Pricelist -2026/HAFELE PRICELIST_MRP revision Eff 1st Feb 2026 (1).pdf,109,976.02.454
hafele,Häfele,976.02.452,False,In Sc/Ch Kit H2200MM X W1100MM Black 1,,,,SET,,56711.0,INR,False,,2026-02-01,Pricelist -2026/HAFELE PRICELIST_MRP revision Eff 1st Feb 2026 (1).pdf,109,976.02.452
hafele,Häfele,976.02.451,False,In Sc/Ch Kit H2000MM X W4500MM Black 1,,,,SET,,140477.0,INR,False,,2026-02-01,Pricelist -2026/HAFELE PRICELIST_MRP revision Eff 1st Feb 2026 (1).pdf,109,976.02.451
hafele,Häfele,976.02.450,False,In Sc/Ch Kit H2000MM X W3600MM Black 1,,,,SET,,114759.0,INR,False,,2026-02-01,Pricelist -2026/HAFELE PRICELIST_MRP revision Eff 1st Feb 2026 (1).pdf,109,976.02.450
hafele,Häfele,976.02.449,False,In Sc/Ch Kit H2000MM X W2700MM Black 1,,,,SET,,83795.0,INR,False,,2026-02-01,Pricelist -2026/HAFELE PRICELIST_MRP revision Eff 1st Feb 2026 (1).pdf,109,976.02.449
hafele,Häfele,976.02.448,False,In Sc/Ch Kit H2000MM X W2000MM Black 1,,,,SET,,72142.0,INR,False,,2026-02-01,Pricelist -2026/HAFELE PRICELIST_MRP revision Eff 1st Feb 2026 (1).pdf,109,976.02.448
hafele,Häfele,976.02.446,False,In Sc/Ch Kit H2000MM X W1100MM Black 1,,,,SET,,55556.0,INR,False,,2026-02-01,Pricelist -2026/HAFELE PRICELIST_MRP revision Eff 1st Feb 2026 (1).pdf,109,976.02.446
hafele,Häfele,976.02.445,False,In Sc/Ch Kit H1800MM X W3600MM Black 1,,,,SET,,105157.0,INR,False,,2026-02-01,Pricelist -2026/HAFELE PRICELIST_MRP revision Eff 1st Feb 2026 (1).pdf,109,976.02.445
hafele,Häfele,976.02.441,False,In Sc/Ch Kit H1800MM X W1100MM Black 1,,,,SET,,54807.0,INR,False,,2026-02-01,Pricelist -2026/HAFELE PRICELIST_MRP revision Eff 1st Feb 2026 (1).pdf,109,976.02.441
hafele,Häfele,976.02.440,False,In Sc/Ch Kit H1600MM X W3600MM Black 1,,,,SET,,95242.0,INR,False,,2026-02-01,Pricelist -2026/HAFELE PRICELIST_MRP revision Eff 1st Feb 2026 (1).pdf,109,976.02.440
hafele,Häfele,976.02.439,False,In Sc/Ch Kit H1600MM X W2700MM Black 1,,,,SET,,81625.0,INR,False,,2026-02-01,Pricelist -2026/HAFELE PRICELIST_MRP revision Eff 1st Feb 2026 (1).pdf,109,976.02.439
hafele,Häfele,976.02.437,False,In Sc/Ch Kit H1600MM X W1500MM Black 1,,,,SET,,55784.0,INR,False,,2026-02-01,Pricelist -2026/HAFELE PRICELIST_MRP revision Eff 1st Feb 2026 (1).pdf,109,976.02.437
hafele,Häfele,976.02.436,False,In Sc/Ch Kit H1600MM X W1100MM Black 1,,,,SET,,51065.0,INR,False,,2026-02-01,Pricelist -2026/HAFELE PRICELIST_MRP revision Eff 1st Feb 2026 (1).pdf,109,976.02.436
hafele,Häfele,976.02.435,False,In Sc/Ch Kit H1400MM X W2700MM Black 1,,,,SET,,71216.0,INR,False,,2026-02-01,Pricelist -2026/HAFELE PRICELIST_MRP revision Eff 1st Feb 2026 (1).pdf,109,976.02.435
hafele,Häfele,976.02.433,False,In Sc/Ch Kit H1400MM X W1500MM Black 1,,,,SET,,51749.0,INR,False,,2026-02-01,Pricelist -2026/HAFELE PRICELIST_MRP revision Eff 1st Feb 2026 (1).pdf,109,976.02.433
hafele,Häfele,976.02.432,False,In Sc/Ch Kit H1400MM X W1100MM Black 1,,,,SET,,47259.0,INR,False,,2026-02-01,Pricelist -2026/HAFELE PRICELIST_MRP revision Eff 1st Feb 2026 (1).pdf,109,976.02.432
hafele,Häfele,976.02.429,False,In Sc/Ch Kit H1200MM X W1500MM Black 1,,,,SET,,48081.0,INR,False,,2026-02-01,Pricelist -2026/HAFELE PRICELIST_MRP revision Eff 1st Feb 2026 (1).pdf,109,976.02.429
hafele,Häfele,976.02.428,False,In Sc/Ch Kit H1200MM X W1100MM Black 1,,,,SET,,43589.0,INR,False,,2026-02-01,Pricelist -2026/HAFELE PRICELIST_MRP revision Eff 1st Feb 2026 (1).pdf,109,976.02.428
hafele,Häfele,976.02.426,False,In Sc/Ch Kit H1000MM X W1500MM Black 1,,,,SET,,47148.0,INR,False,,2026-02-01,Pricelist -2026/HAFELE PRICELIST_MRP revision Eff 1st Feb 2026 (1).pdf,109,976.02.426
hafele,Häfele,976.02.425,False,In Sc/Ch Kit H1000MM X W1100MM Black 1,,,,SET,,42661.0,INR,False,,2026-02-01,Pricelist -2026/HAFELE PRICELIST_MRP revision Eff 1st Feb 2026 (1).pdf,109,976.02.425
hafele,Häfele,976.02.424,False,In Sc/Ch Kit H800MM X W2000MM Black 1,,,,SET,,53668.0,INR,False,,2026-02-01,Pricelist -2026/HAFELE PRICELIST_MRP revision Eff 1st Feb 2026 (1).pdf,109,976.02.424
hafele,Häfele,976.02.423,False,In Sc/Ch Kit H800MM X W1500MM Black 1,,,,SET,,45008.0,INR,False,,2026-02-01,Pricelist -2026/HAFELE PRICELIST_MRP revision Eff 1st Feb 2026 (1).pdf,109,976.02.423
hafele,Häfele,976.02.422,False,In Sc/Ch Kit H800MM X W1100MM Black 1,,,,SET,,40524.0,INR,False,,2026-02-01,Pricelist -2026/HAFELE PRICELIST_MRP revision Eff 1st Feb 2026 (1).pdf,109,976.02.422
hafele,Häfele,563.48.301,False,Kit for vertical sliding concealed door system - 1800mm 1,1800mm,,,KIT,,364020.0,INR,False,,2026-02-01,Pricelist -2026/HAFELE PRICELIST_MRP revision Eff 1st Feb 2026 (1).pdf,110,563.48.301
hafele,Häfele,563.48.302,False,Kit for vertical sliding concealed door system - 2400mm 1,2400mm,,,KIT,,370750.0,INR,False,,2026-02-01,Pricelist -2026/HAFELE PRICELIST_MRP revision Eff 1st Feb 2026 (1).pdf,110,563.48.302
hafele,Häfele,563.48.303,False,Kit for vertical sliding concealed door system - 3000mm 1,3000mm,,,KIT,,370020.0,INR,False,,2026-02-01,Pricelist -2026/HAFELE PRICELIST_MRP revision Eff 1st Feb 2026 (1).pdf,110,563.48.303
hafele,Häfele,563.48.111,False,Frame door kit. Application of glass or wood panel - 1800mm x 587.5 - Dark Moka Brushed Anodized 1,1800mm,,,KIT,,80335.0,INR,False,,2026-02-01,Pricelist -2026/HAFELE PRICELIST_MRP revision Eff 1st Feb 2026 (1).pdf,110,563.48.111
hafele,Häfele,563.48.112,False,Frame door kit. Application of glass or wood panel - 2400mm x 587.5 - Dark Moka Brushed Anodized 1,2400mm,,,KIT,,97020.0,INR,False,,2026-02-01,Pricelist -2026/HAFELE PRICELIST_MRP revision Eff 1st Feb 2026 (1).pdf,110,563.48.112
hafele,Häfele,563.48.113,False,Frame door kit. Application of glass or wood panel - 3000mm x 587.5 - Dark Moka Brushed Anodized 1,3000mm,,,KIT,,104370.0,INR,False,,2026-02-01,Pricelist -2026/HAFELE PRICELIST_MRP revision Eff 1st Feb 2026 (1).pdf,110,563.48.113
hafele,Häfele,563.48.511,False,Frame door kit. Application of glass or wood panel - 1800mm x 587.5 - Metal Grey Painted 1,1800mm,,,KIT,,57540.0,INR,False,,2026-02-01,Pricelist -2026/HAFELE PRICELIST_MRP revision Eff 1st Feb 2026 (1).pdf,110,563.48.511
hafele,Häfele,563.48.513,False,Frame door kit. Application of glass or wood panel - 3000mm x 587.5 - Metal Grey Painted 1,3000mm,,,KIT,,74760.0,INR,False,,2026-02-01,Pricelist -2026/HAFELE PRICELIST_MRP revision Eff 1st Feb 2026 (1).pdf,110,563.48.513
hafele,Häfele,563.48.990,False,Electric kit for Vertical Sliding System 1,,,,KIT,,370485.0,INR,False,,2026-02-01,Pricelist -2026/HAFELE PRICELIST_MRP revision Eff 1st Feb 2026 (1).pdf,110,563.48.990
hafele,Häfele,408.31.035,False,HAWA Concepta III -Push 1 Door Left 1,,,,KIT,,256255.0,INR,False,,2026-02-01,Pricelist -2026/HAFELE PRICELIST_MRP revision Eff 1st Feb 2026 (1).pdf,110,408.31.035
hafele,Häfele,408.31.036,False,HAWA Concepta III -Push 1 Door Right 1,,,,KIT,,256255.0,INR,False,,2026-02-01,Pricelist -2026/HAFELE PRICELIST_MRP revision Eff 1st Feb 2026 (1).pdf,110,408.31.036
hafele,Häfele,408.31.037,False,HAWA Concepta III -Pull 1 Door Left 1,,,,KIT,,214150.0,INR,False,,2026-02-01,Pricelist -2026/HAFELE PRICELIST_MRP revision Eff 1st Feb 2026 (1).pdf,110,408.31.037
hafele,Häfele,408.31.038,False,HAWA Concepta III -Pull 1 Door Right 1,,,,KIT,,214150.0,INR,False,,2026-02-01,Pricelist -2026/HAFELE PRICELIST_MRP revision Eff 1st Feb 2026 (1).pdf,110,408.31.038
hafele,Häfele,408.30.459,False,"Connector set 55 mm, lenght 560 mm, for exterior connection to cabinet Pcs 1",55 mm,,,,,20200.0,INR,False,,2026-02-01,Pricelist -2026/HAFELE PRICELIST_MRP revision Eff 1st Feb 2026 (1).pdf,110,408.30.459
hafele,Häfele,408.30.464,False,"Connector top 55 mm, length 560 mm, for exterior connection to cabinet Pcs 1",55 mm,,,,,16200.0,INR,False,,2026-02-01,Pricelist -2026/HAFELE PRICELIST_MRP revision Eff 1st Feb 2026 (1).pdf,110,408.30.464
hafele,Häfele,408.30.509,False,"Connector top 110 mm, length 500 mm, for two pivot/slide-in doors Pcs 1",110 mm,,,,,25700.0,INR,False,,2026-02-01,Pricelist -2026/HAFELE PRICELIST_MRP revision Eff 1st Feb 2026 (1).pdf,110,408.30.509
hafele,Häfele,408.30.463,False,"Connector bottom 110 mm, length 500 mm, for two pivot/slide-in doors Pcs 1",110 mm,,,,,25700.0,INR,False,,2026-02-01,Pricelist -2026/HAFELE PRICELIST_MRP revision Eff 1st Feb 2026 (1).pdf,110,408.30.463
hafele,Häfele,408.30.461,False,"Connector bottom 110 mm, length 26 mm, for two pivot/slide-in doors Pcs 1",110 mm,,,,,19200.0,INR,False,,2026-02-01,Pricelist -2026/HAFELE PRICELIST_MRP revision Eff 1st Feb 2026 (1).pdf,110,408.30.461
hafele,Häfele,408.30.295,False,"Guide for two inset pivot sliding doors, aluminum Pcs 1",,,,,,10300.0,INR,False,,2026-02-01,Pricelist -2026/HAFELE PRICELIST_MRP revision Eff 1st Feb 2026 (1).pdf,110,408.30.295
hafele,Häfele,408.31.029,False,HAWA Folding Concepta III Push (2+2) 4 Door Al Track 1,,,,KIT,,899170.0,INR,False,,2026-02-01,Pricelist -2026/HAFELE PRICELIST_MRP revision Eff 1st Feb 2026 (1).pdf,110,408.31.029
hafele,Häfele,408.31.030,False,HAWA Folding Concepta III Push 2 Door Left Al Track 1,,,,KIT,,449585.0,INR,False,,2026-02-01,Pricelist -2026/HAFELE PRICELIST_MRP revision Eff 1st Feb 2026 (1).pdf,110,408.31.030
hafele,Häfele,408.31.031,False,HAWA Folding Concepta III Push 2 Door Right Al Track 1,,,,KIT,,449585.0,INR,False,,2026-02-01,Pricelist -2026/HAFELE PRICELIST_MRP revision Eff 1st Feb 2026 (1).pdf,110,408.31.031
hafele,Häfele,408.31.032,False,HAWA Folding Concepta III Pull (2+2)4 Door Al Track 1,,,,KIT,,774045.0,INR,False,,2026-02-01,Pricelist -2026/HAFELE PRICELIST_MRP revision Eff 1st Feb 2026 (1).pdf,110,408.31.032
hafele,Häfele,408.31.033,False,HAWA Folding Concepta III Pull 2 Door Left Al Track 1,,,,KIT,,387025.0,INR,False,,2026-02-01,Pricelist -2026/HAFELE PRICELIST_MRP revision Eff 1st Feb 2026 (1).pdf,110,408.31.033
hafele,Häfele,408.31.034,False,HAWA Folding Concepta III Pull 2 Door Right Al Track 1,,,,KIT,,387025.0,INR,False,,2026-02-01,Pricelist -2026/HAFELE PRICELIST_MRP revision Eff 1st Feb 2026 (1).pdf,110,408.31.034
hafele,Häfele,408.45.028,False,F-PARK72 30F KIT LEFT - 1600 - 2000 MM 1,2000 MM,,,KIT,,109375.0,INR,False,,2026-02-01,Pricelist -2026/HAFELE PRICELIST_MRP revision Eff 1st Feb 2026 (1).pdf,111,408.45.028
hafele,Häfele,408.45.029,False,F-PARK72 30F KIT RIGHT - 1600 - 2000 MM 1,2000 MM,,,KIT,,109375.0,INR,False,,2026-02-01,Pricelist -2026/HAFELE PRICELIST_MRP revision Eff 1st Feb 2026 (1).pdf,111,408.45.029
hafele,Häfele,408.45.030,False,F-PARK72 30F KIT LEFT - 2000 - 2400 MM 1,2400 MM,,,KIT,,124190.0,INR,False,,2026-02-01,Pricelist -2026/HAFELE PRICELIST_MRP revision Eff 1st Feb 2026 (1).pdf,111,408.45.030
hafele,Häfele,408.45.031,False,F-PARK72 30F KIT RIGHT - 2000 - 2400 MM 1,2400 MM,,,KIT,,124190.0,INR,False,,2026-02-01,Pricelist -2026/HAFELE PRICELIST_MRP revision Eff 1st Feb 2026 (1).pdf,111,408.45.031
hafele,Häfele,408.45.032,False,F-PARK72 30F KIT LEFT - 2400 - 2800 MM 1,2800 MM,,,KIT,,125480.0,INR,False,,2026-02-01,Pricelist -2026/HAFELE PRICELIST_MRP revision Eff 1st Feb 2026 (1).pdf,111,408.45.032
hafele,Häfele,408.45.033,False,F-PARK72 30F KIT RIGHT - 2400 - 2800 MM 1,2800 MM,,,KIT,,125480.0,INR,False,,2026-02-01,Pricelist -2026/HAFELE PRICELIST_MRP revision Eff 1st Feb 2026 (1).pdf,111,408.45.033
hafele,Häfele,408.45.401,False,F-PARK72 30F CONNECTNG BRCKT LEFT-BLACK 1,,,,KIT,,15525.0,INR,False,,2026-02-01,Pricelist -2026/HAFELE PRICELIST_MRP revision Eff 1st Feb 2026 (1).pdf,111,408.45.401
hafele,Häfele,408.45.402,False,F-PARK72 30F CONNECTNG BRCKT RIGHT-BLACK 1,,,,KIT,,15525.0,INR,False,,2026-02-01,Pricelist -2026/HAFELE PRICELIST_MRP revision Eff 1st Feb 2026 (1).pdf,111,408.45.402
hafele,Häfele,408.45.403,False,F-PARK72 30F CNCTNG BRCKT MIDDLE-BLACK 1,,,,KIT,,17114.0,INR,False,,2026-02-01,Pricelist -2026/HAFELE PRICELIST_MRP revision Eff 1st Feb 2026 (1).pdf,111,408.45.403
hafele,Häfele,408.32.030,False,HAWA FOLDING III PUSH (2+2) 4D BLACK 1,,,,KIT,,899170.0,INR,False,,2026-02-01,Pricelist -2026/HAFELE PRICELIST_MRP revision Eff 1st Feb 2026 (1).pdf,111,408.32.030
hafele,Häfele,408.32.031,False,HAWA FOLDING III PUSH 2D LEFT BLACK 1,,,,KIT,,401415.0,INR,False,,2026-02-01,Pricelist -2026/HAFELE PRICELIST_MRP revision Eff 1st Feb 2026 (1).pdf,111,408.32.031
hafele,Häfele,408.32.032,False,HAWA FOLDING  III PUSH 2D RIGHT BLACK 1,,,,KIT,,401415.0,INR,False,,2026-02-01,Pricelist -2026/HAFELE PRICELIST_MRP revision Eff 1st Feb 2026 (1).pdf,111,408.32.032
hafele,Häfele,408.32.033,False,HAWA FOLDING III PULL (2+2)4D BLACK 1,,,,KIT,,774045.0,INR,False,,2026-02-01,Pricelist -2026/HAFELE PRICELIST_MRP revision Eff 1st Feb 2026 (1).pdf,111,408.32.033
hafele,Häfele,408.32.034,False,HAWA FOLDING III PULL 2D LEFT BLACK 1,,,,KIT,,387025.0,INR,False,,2026-02-01,Pricelist -2026/HAFELE PRICELIST_MRP revision Eff 1st Feb 2026 (1).pdf,111,408.32.034
hafele,Häfele,408.32.035,False,HAWA FOLDING III PULL 2D RIGHT BLACK 1,,,,KIT,,345555.0,INR,False,,2026-02-01,Pricelist -2026/HAFELE PRICELIST_MRP revision Eff 1st Feb 2026 (1).pdf,111,408.32.035
hafele,Häfele,926.32.931,False,Ball Bearing Butt Hinge SS304 76X63X2.5mm (3X 2.5 X 2.5)Square Corner With Timber Door Screw SSM,5mm,,,PC,,605.0,INR,False,,2026-02-01,Pricelist -2026/HAFELE PRICELIST_MRP revision Eff 1st Feb 2026 (1).pdf,113,926.32.931
hafele,Häfele,926.32.900,False,Ball Bearing  Butt Hinge SS304 102X63X2.5 mm (4 X 2.5 X 2.5) Square corner with Timber door screw SSM,5 mm,,,PC,,590.0,INR,False,,2026-02-01,Pricelist -2026/HAFELE PRICELIST_MRP revision Eff 1st Feb 2026 (1).pdf,113,926.32.900
hafele,Häfele,926.32.902,False,Ball Bearing Butt Hinge SS 304 102X76X3MM (4 X 3 X 3) Square corner with Timber Door screw MBK,,,,PC,,965.0,INR,False,,2026-02-01,Pricelist -2026/HAFELE PRICELIST_MRP revision Eff 1st Feb 2026 (1).pdf,113,926.32.902
hafele,Häfele,926.32.920,False,Ball Bearing Butt Hinge SS 304 102X76X3MM (4 X 3 X 3) Square corner with Timber Door screw PVD RG,,,,PC,,1350.0,INR,False,,2026-02-01,Pricelist -2026/HAFELE PRICELIST_MRP revision Eff 1st Feb 2026 (1).pdf,113,926.32.920
hafele,Häfele,926.32.903,False,Ball Bearing Butt Hinge SS 304 102X76X3MM (4 X 3 X 3) Square corner with Timber Door screw AB,,,,PC,,1205.0,INR,False,,2026-02-01,Pricelist -2026/HAFELE PRICELIST_MRP revision Eff 1st Feb 2026 (1).pdf,113,926.32.903
hafele,Häfele,926.32.904,False,Ball Bearing Butt Hinge SS 304 102X76X3MM (4 X 3 X 3) Square corner with Timber Door screw PB,,,,PC,,1205.0,INR,False,,2026-02-01,Pricelist -2026/HAFELE PRICELIST_MRP revision Eff 1st Feb 2026 (1).pdf,113,926.32.904
hafele,Häfele,926.32.907,False,Ball Bearing Butt Hinge SS 304 102X76X3MM (4 X 3 X 3) Square corner with Timber Door screw MBR,,,,PC,,1205.0,INR,False,,2026-02-01,Pricelist -2026/HAFELE PRICELIST_MRP revision Eff 1st Feb 2026 (1).pdf,113,926.32.907
hafele,Häfele,926.98.040,False,Ball Bearing Butt Hinge SS304 102X76X3mm (4 X 3 X 3) Square corner With Timber Door Screw Fire rated SSM,,,,PC,,735.0,INR,False,,2026-02-01,Pricelist -2026/HAFELE PRICELIST_MRP revision Eff 1st Feb 2026 (1).pdf,113,926.98.040
hafele,Häfele,022.38.006,False,Ball Bearing Butt Hinge SS304 102X76X3mm (4 X 3 X 3) Square corner With Metal Door Screw Fire rated SSM,,,,PC,,745.0,INR,False,,2026-02-01,Pricelist -2026/HAFELE PRICELIST_MRP revision Eff 1st Feb 2026 (1).pdf,113,022.38.006
hafele,Häfele,926.32.905,False,Ball Bearing Butt Hinge SS304 102X76X3mm (4 X 3 X 3) Round Corner With Timber Door Screw SSM,,,,PC,,655.0,INR,False,,2026-02-01,Pricelist -2026/HAFELE PRICELIST_MRP revision Eff 1st Feb 2026 (1).pdf,113,926.32.905
hafele,Häfele,926.32.906,False,Ball Bearing Butt Hinge SS304 102X76X3mm (4 X 3 X 3) Round Corner With Timber Door Screw AB,,,,PC,,1205.0,INR,False,,2026-02-01,Pricelist -2026/HAFELE PRICELIST_MRP revision Eff 1st Feb 2026 (1).pdf,113,926.32.906
hafele,Häfele,926.32.201,False,Ball Bearing Butt Hinge SS304 102X89X3mm (4 X 3.5 X 3)Square Corner With Timber Door Screw SSM,,,,PC,,760.0,INR,False,,2026-02-01,Pricelist -2026/HAFELE PRICELIST_MRP revision Eff 1st Feb 2026 (1).pdf,113,926.32.201
hafele,Häfele,926.32.280,False,Ball Bearing Butt Hinge SS304 127X76X3mm (5 X 3 X 3)Square Corner With Timber Door Screw SSM,,,,PC,,860.0,INR,False,,2026-02-01,Pricelist -2026/HAFELE PRICELIST_MRP revision Eff 1st Feb 2026 (1).pdf,113,926.32.280
hafele,Häfele,926.32.290,False,Ball Bearing Butt Hinge SS304 127X89X3mm (5 X 3.5 X 3) Square Corner With Timber Door Screw SSM,,,,PC,,940.0,INR,False,,2026-02-01,Pricelist -2026/HAFELE PRICELIST_MRP revision Eff 1st Feb 2026 (1).pdf,113,926.32.290
hafele,Häfele,926.32.921,False,Ball Bearing Butt Hinge SS304 127X76X3mm (5 X 3 X 3)Square Corner With Timber Door Screw PVD RG,,,,PC,,1445.0,INR,False,,2026-02-01,Pricelist -2026/HAFELE PRICELIST_MRP revision Eff 1st Feb 2026 (1).pdf,113,926.32.921
hafele,Häfele,926.32.933,False,Ball Bearing Butt Hinge SS304 127X76X3mm (5 X 3 X 3)Square Corner With Timber Door Screw MBK,,,,PC,,1300.0,INR,False,,2026-02-01,Pricelist -2026/HAFELE PRICELIST_MRP revision Eff 1st Feb 2026 (1).pdf,113,926.32.933
hafele,Häfele,926.32.934,False,Ball Bearing Butt Hinge SS304 127X76X3mm (5 X 3 X 3)Square Corner With Timber Door Screw PB,,,,PC,,1300.0,INR,False,,2026-02-01,Pricelist -2026/HAFELE PRICELIST_MRP revision Eff 1st Feb 2026 (1).pdf,113,926.32.934
hafele,Häfele,926.32.935,False,Ball Bearing Butt Hinge SS304 127X76X3mm (5 X 3 X 3)Square Corner With Timber Door Screw MBR,,,,PC,,1300.0,INR,False,,2026-02-01,Pricelist -2026/HAFELE PRICELIST_MRP revision Eff 1st Feb 2026 (1).pdf,113,926.32.935
hafele,Häfele,926.32.936,False,Ball Bearing Butt Hinge SS304 127X76X3mm (5 X 3 X 3)Square Corner With Timber Door Screw AB,,,,PC,,1300.0,INR,False,,2026-02-01,Pricelist -2026/HAFELE PRICELIST_MRP revision Eff 1st Feb 2026 (1).pdf,113,926.32.936
hafele,Häfele,926.32.910,False,Ball Bearing Flush Hinge SS 304 127X3mm (5x3) with Timber door Screw SSM,,,,PC,,835.0,INR,False,,2026-02-01,Pricelist -2026/HAFELE PRICELIST_MRP revision Eff 1st Feb 2026 (1).pdf,113,926.32.910
hafele,Häfele,926.32.911,False,Ball Bearing Flush Hinge SS 304 127X3mm (5x3) with Timber door Screw MBK,,,,PC,,1005.0,INR,False,,2026-02-01,Pricelist -2026/HAFELE PRICELIST_MRP revision Eff 1st Feb 2026 (1).pdf,113,926.32.911
hafele,Häfele,926.32.930,False,Butt Hinge PIN Type SS304 76X63X2mm (3 X 2.5 X 2)No BB Square Corner With Timber Door Screw SSM,,,,PC,,386.0,INR,False,,2026-02-01,Pricelist -2026/HAFELE PRICELIST_MRP revision Eff 1st Feb 2026 (1).pdf,113,926.32.930
hafele,Häfele,926.60.206,False,Butt Hinge PIN TYPE SS 304 102X63X2.5mm (4 X 2.5 X 2.5) No BB Square Corner with Timber Door screw SSM,5mm,,,PC,,515.0,INR,False,,2026-02-01,Pricelist -2026/HAFELE PRICELIST_MRP revision Eff 1st Feb 2026 (1).pdf,113,926.60.206
hafele,Häfele,927.97.050,False,Double action Swing Hinge 152x152 (6x6)  SSM,,,,PC,,3290.0,INR,False,,2026-02-01,Pricelist -2026/HAFELE PRICELIST_MRP revision Eff 1st Feb 2026 (1).pdf,113,927.97.050
hafele,Häfele,341.18.225,False,Concealed Hinge Max Weight 20Kg  Opening Angle 180 Degree DT 25- 27mm Size 16x69mm Non Adjustable SC,27mm,,,PC,,1470.0,INR,False,,2026-02-01,Pricelist -2026/HAFELE PRICELIST_MRP revision Eff 1st Feb 2026 (1).pdf,113,341.18.225
hafele,Häfele,341.18.229,False,Concealed Hinge Max Weight 50Kg  Opening Angle 180 Degree DT 33- 77mm Size 25x116mm Non Adjustable CP,77mm,,,PC,,5575.0,INR,False,,2026-02-01,Pricelist -2026/HAFELE PRICELIST_MRP revision Eff 1st Feb 2026 (1).pdf,113,341.18.229
hafele,Häfele,341.18.431,False,Concealed Hinge Max Weight 70Kg  Opening Angle 180 Degree DT 38- 43mm Size 28x118mm Non Adjustable SC,43mm,,,PC,,3430.0,INR,False,,2026-02-01,Pricelist -2026/HAFELE PRICELIST_MRP revision Eff 1st Feb 2026 (1).pdf,113,341.18.431
hafele,Häfele,341.18.433,False,Concealed Hinge Max Weight 90Kg  Opening Angle 180 Degree DT 43- 47mm Size 34-137mm Non Adjustable SC,47mm,,,PC,,5525.0,INR,False,,2026-02-01,Pricelist -2026/HAFELE PRICELIST_MRP revision Eff 1st Feb 2026 (1).pdf,113,341.18.433
hafele,Häfele,927.91.554,False,Kubica Hinge K6700 Weight 50 Kg With 2 Hinges 70 Kg With 3 Hinges Opening Angle 180 Degree Min DT 37mm Adjustble SC,37mm,,,PC,,9850.0,INR,False,,2026-02-01,Pricelist -2026/HAFELE PRICELIST_MRP revision Eff 1st Feb 2026 (1).pdf,114,927.91.554
hafele,Häfele,924.17.122,False,TE340 3D Concealed Hinge 80kg NM; Minimum Door Thickness 38mm,38mm,,,PC,,10724.0,INR,False,,2026-02-01,Pricelist -2026/HAFELE PRICELIST_MRP revision Eff 1st Feb 2026 (1).pdf,114,924.17.122
hafele,Häfele,924.17.137,False,TE340 3D Concealed Hinge 80kg MBK;  Minimum Door Thickness 38mm,38mm,,,PC,,10724.0,INR,False,,2026-02-01,Pricelist -2026/HAFELE PRICELIST_MRP revision Eff 1st Feb 2026 (1).pdf,114,924.17.137
hafele,Häfele,924.17.224,False,TE540 3D Concealed Hinge 120kg NM; Minimum Door Thickness 40mm,40mm,,,PC,,18543.0,INR,False,,2026-02-01,Pricelist -2026/HAFELE PRICELIST_MRP revision Eff 1st Feb 2026 (1).pdf,114,924.17.224
hafele,Häfele,924.17.237,False,TE540 3D Concealed Hinge 120kg MBK; Minimum Door Thickness 40mm,40mm,,,PC,,18543.0,INR,False,,2026-02-01,Pricelist -2026/HAFELE PRICELIST_MRP revision Eff 1st Feb 2026 (1).pdf,114,924.17.237
hafele,Häfele,924.17.424,False,TE640 3D Concealed Hinge 200kg NM; Minimum Door Thickness 40mm,40mm,,,PC,,24900.0,INR,False,,2026-02-01,Pricelist -2026/HAFELE PRICELIST_MRP revision Eff 1st Feb 2026 (1).pdf,114,924.17.424
hafele,Häfele,924.19.437,False,TE640 3D Concealed Hinge 200kg MBK; Minimum Door Thickness 40mm,40mm,,,PC,,24900.0,INR,False,,2026-02-01,Pricelist -2026/HAFELE PRICELIST_MRP revision Eff 1st Feb 2026 (1).pdf,114,924.19.437
hafele,Häfele,926.31.653,False,BR Rlwy Hinge 125x28x28x4mm ANTH WS,,,,PC,,925.0,INR,False,,2026-02-01,Pricelist -2026/HAFELE PRICELIST_MRP revision Eff 1st Feb 2026 (1).pdf,114,926.31.653
hafele,Häfele,926.31.658,False,BR Rlwy Hinge 125x31x31x4mm ANTH WS,,,,PC,,990.0,INR,False,,2026-02-01,Pricelist -2026/HAFELE PRICELIST_MRP revision Eff 1st Feb 2026 (1).pdf,114,926.31.658
hafele,Häfele,926.31.663,False,BR Rlwy Hinge 125x31x31x4.5mm ANTH WS,5mm,,,PC,,1245.0,INR,False,,2026-02-01,Pricelist -2026/HAFELE PRICELIST_MRP revision Eff 1st Feb 2026 (1).pdf,114,926.31.663
hafele,Häfele,926.31.668,False,BR Rlwy Hinge 125x38x38x4.5mm ANTH WS,5mm,,,PC,,1480.0,INR,False,,2026-02-01,Pricelist -2026/HAFELE PRICELIST_MRP revision Eff 1st Feb 2026 (1).pdf,114,926.31.668
hafele,Häfele,926.31.673,False,BR Rlwy Hinge 150x31x31x4mm ANTH WS,,,,PC,,1185.0,INR,False,,2026-02-01,Pricelist -2026/HAFELE PRICELIST_MRP revision Eff 1st Feb 2026 (1).pdf,114,926.31.673
hafele,Häfele,926.31.678,False,BR Rlwy Hinge 150x31x31x4.5mm ANTH WS,5mm,,,PC,,1490.0,INR,False,,2026-02-01,Pricelist -2026/HAFELE PRICELIST_MRP revision Eff 1st Feb 2026 (1).pdf,114,926.31.678
hafele,Häfele,926.31.683,False,BR Rlwy Hinge 150x38x38x4.5mm ANTH WS,5mm,,,PC,,1790.0,INR,False,,2026-02-01,Pricelist -2026/HAFELE PRICELIST_MRP revision Eff 1st Feb 2026 (1).pdf,114,926.31.683
hafele,Häfele,926.31.688,False,BR Rlwy Hinge 200x38x38x4.5mm ANTH WS,5mm,,,PC,,2405.0,INR,False,,2026-02-01,Pricelist -2026/HAFELE PRICELIST_MRP revision Eff 1st Feb 2026 (1).pdf,114,926.31.688
hafele,Häfele,926.31.652,False,BR Rlwy Hinge 125x28x28x4mm AB WS,,,,PC,,925.0,INR,False,,2026-02-01,Pricelist -2026/HAFELE PRICELIST_MRP revision Eff 1st Feb 2026 (1).pdf,114,926.31.652
hafele,Häfele,926.31.657,False,BR Rlwy Hinge 125x31x31x4mm AB WS,,,,PC,,990.0,INR,False,,2026-02-01,Pricelist -2026/HAFELE PRICELIST_MRP revision Eff 1st Feb 2026 (1).pdf,114,926.31.657
hafele,Häfele,926.31.662,False,BR Rlwy Hinge 125x31x31x4.5mm AB WS,5mm,,,PC,,1245.0,INR,False,,2026-02-01,Pricelist -2026/HAFELE PRICELIST_MRP revision Eff 1st Feb 2026 (1).pdf,114,926.31.662
hafele,Häfele,926.31.667,False,BR Rlwy Hinge 125x38x38x4.5mm AB WS,5mm,,,PC,,1480.0,INR,False,,2026-02-01,Pricelist -2026/HAFELE PRICELIST_MRP revision Eff 1st Feb 2026 (1).pdf,114,926.31.667
hafele,Häfele,926.31.672,False,BR Rlwy Hinge 150x31x31x4mm AB WS,,,,PC,,1185.0,INR,False,,2026-02-01,Pricelist -2026/HAFELE PRICELIST_MRP revision Eff 1st Feb 2026 (1).pdf,114,926.31.672
hafele,Häfele,926.31.677,False,BR Rlwy Hinge 150x31x31x4.5mm AB WS,5mm,,,PC,,1490.0,INR,False,,2026-02-01,Pricelist -2026/HAFELE PRICELIST_MRP revision Eff 1st Feb 2026 (1).pdf,114,926.31.677
hafele,Häfele,926.31.682,False,BR Rlwy Hinge 150x38x38x4.5mm AB WS,5mm,,,PC,,1790.0,INR,False,,2026-02-01,Pricelist -2026/HAFELE PRICELIST_MRP revision Eff 1st Feb 2026 (1).pdf,114,926.31.682
hafele,Häfele,926.31.687,False,BR Rlwy Hinge 200x38x38x4.5mm AB WS,5mm,,,PC,,2405.0,INR,False,,2026-02-01,Pricelist -2026/HAFELE PRICELIST_MRP revision Eff 1st Feb 2026 (1).pdf,114,926.31.687
hafele,Häfele,926.31.651,False,BR Rlwy Hinge 125x28x28x4mm MBK WS,,,,PC,,950.0,INR,False,,2026-02-01,Pricelist -2026/HAFELE PRICELIST_MRP revision Eff 1st Feb 2026 (1).pdf,114,926.31.651
hafele,Häfele,926.31.656,False,BR Rlwy Hinge 125x31x31x4mm MBK WS,,,,PC,,1025.0,INR,False,,2026-02-01,Pricelist -2026/HAFELE PRICELIST_MRP revision Eff 1st Feb 2026 (1).pdf,114,926.31.656
hafele,Häfele,926.31.661,False,BR Rlwy Hinge 125x31x31x4.5mm MBK WS,5mm,,,PC,,1295.0,INR,False,,2026-02-01,Pricelist -2026/HAFELE PRICELIST_MRP revision Eff 1st Feb 2026 (1).pdf,114,926.31.661
hafele,Häfele,926.31.666,False,BR Rlwy Hinge 125x38x38x4.5mm MBK WS,5mm,,,PC,,1540.0,INR,False,,2026-02-01,Pricelist -2026/HAFELE PRICELIST_MRP revision Eff 1st Feb 2026 (1).pdf,114,926.31.666
hafele,Häfele,926.31.671,False,BR Rlwy Hinge 150x31x31x4mm MBK WS,,,,PC,,1235.0,INR,False,,2026-02-01,Pricelist -2026/HAFELE PRICELIST_MRP revision Eff 1st Feb 2026 (1).pdf,114,926.31.671
hafele,Häfele,926.31.676,False,BR Rlwy Hinge 150x31x31x4.5mm MBK WS,5mm,,,PC,,1555.0,INR,False,,2026-02-01,Pricelist -2026/HAFELE PRICELIST_MRP revision Eff 1st Feb 2026 (1).pdf,114,926.31.676
hafele,Häfele,926.31.681,False,BR Rlwy Hinge 150x38x38x4.5mm MBK WS,5mm,,,PC,,1850.0,INR,False,,2026-02-01,Pricelist -2026/HAFELE PRICELIST_MRP revision Eff 1st Feb 2026 (1).pdf,114,926.31.681
hafele,Häfele,926.31.686,False,BR Rlwy Hinge 200x38x38x4.5mm MBK WS,5mm,,,PC,,2465.0,INR,False,,2026-02-01,Pricelist -2026/HAFELE PRICELIST_MRP revision Eff 1st Feb 2026 (1).pdf,114,926.31.686
hafele,Häfele,926.31.654,False,BR Rlwy Hinge 125x28x28x4mm RGPVD WS,,,,PC,,1305.0,INR,False,,2026-02-01,Pricelist -2026/HAFELE PRICELIST_MRP revision Eff 1st Feb 2026 (1).pdf,114,926.31.654
hafele,Häfele,926.31.659,False,BR Rlwy Hinge 125x31x31x4mm RGPVD WS,,,,PC,,1380.0,INR,False,,2026-02-01,Pricelist -2026/HAFELE PRICELIST_MRP revision Eff 1st Feb 2026 (1).pdf,114,926.31.659
hafele,Häfele,926.31.664,False,BR Rlwy Hinge 125x31x31x4.5mm RGPVD WS,5mm,,,PC,,1645.0,INR,False,,2026-02-01,Pricelist -2026/HAFELE PRICELIST_MRP revision Eff 1st Feb 2026 (1).pdf,114,926.31.664
hafele,Häfele,926.31.669,False,BR Rlwy Hinge 125x38x38x4.5mm RGPVD WS,5mm,,,PC,,2085.0,INR,False,,2026-02-01,Pricelist -2026/HAFELE PRICELIST_MRP revision Eff 1st Feb 2026 (1).pdf,114,926.31.669
hafele,Häfele,926.31.674,False,BR Rlwy Hinge 150x31x31x4mm RGPVD WS,,,,PC,,1665.0,INR,False,,2026-02-01,Pricelist -2026/HAFELE PRICELIST_MRP revision Eff 1st Feb 2026 (1).pdf,114,926.31.674
hafele,Häfele,926.31.679,False,BR Rlwy Hinge 150x31x31x4.5mm RGPVD WS,5mm,,,PC,,1975.0,INR,False,,2026-02-01,Pricelist -2026/HAFELE PRICELIST_MRP revision Eff 1st Feb 2026 (1).pdf,114,926.31.679
hafele,Häfele,926.31.684,False,BR Rlwy Hinge 150x38x38x4.5mm RGPVD WS,5mm,,,PC,,2490.0,INR,False,,2026-02-01,Pricelist -2026/HAFELE PRICELIST_MRP revision Eff 1st Feb 2026 (1).pdf,114,926.31.684
hafele,Häfele,926.31.689,False,BR Rlwy Hinge 200x38x38x4.5mm RGPVD WS,5mm,,,PC,,3330.0,INR,False,,2026-02-01,Pricelist -2026/HAFELE PRICELIST_MRP revision Eff 1st Feb 2026 (1).pdf,114,926.31.689
hafele,Häfele,926.31.650,False,BR Rlwy Hinge 125x28x28x4mm SN WS,,,,PC,,925.0,INR,False,,2026-02-01,Pricelist -2026/HAFELE PRICELIST_MRP revision Eff 1st Feb 2026 (1).pdf,114,926.31.650
hafele,Häfele,926.31.655,False,BR Rlwy Hinge 125x31x31x4mm SN WS,,,,PC,,990.0,INR,False,,2026-02-01,Pricelist -2026/HAFELE PRICELIST_MRP revision Eff 1st Feb 2026 (1).pdf,114,926.31.655
hafele,Häfele,926.31.660,False,BR Rlwy Hinge 125x31x31x4.5mm SN WS,5mm,,,PC,,1245.0,INR,False,,2026-02-01,Pricelist -2026/HAFELE PRICELIST_MRP revision Eff 1st Feb 2026 (1).pdf,114,926.31.660
hafele,Häfele,926.31.665,False,BR Rlwy Hinge 125x38x38x4.5mm SN WS,5mm,,,PC,,1480.0,INR,False,,2026-02-01,Pricelist -2026/HAFELE PRICELIST_MRP revision Eff 1st Feb 2026 (1).pdf,114,926.31.665
hafele,Häfele,926.31.670,False,BR Rlwy Hinge 150x31x31x4mm SN WS,,,,PC,,1185.0,INR,False,,2026-02-01,Pricelist -2026/HAFELE PRICELIST_MRP revision Eff 1st Feb 2026 (1).pdf,114,926.31.670
hafele,Häfele,926.31.675,False,BR Rlwy Hinge 150x31x31x4.5mm SN WS,5mm,,,PC,,1490.0,INR,False,,2026-02-01,Pricelist -2026/HAFELE PRICELIST_MRP revision Eff 1st Feb 2026 (1).pdf,114,926.31.675
hafele,Häfele,926.31.680,False,BR Rlwy Hinge 150x38x38x4.5mm SN WS,5mm,,,PC,,1790.0,INR,False,,2026-02-01,Pricelist -2026/HAFELE PRICELIST_MRP revision Eff 1st Feb 2026 (1).pdf,114,926.31.680
hafele,Häfele,926.31.685,False,BR Rlwy Hinge 200x38x38x4.5mm SN WS,5mm,,,PC,,2405.0,INR,False,,2026-02-01,Pricelist -2026/HAFELE PRICELIST_MRP revision Eff 1st Feb 2026 (1).pdf,114,926.31.685
hafele,Häfele,972.05.001,False,"Window Friction Stay 203mm 8"" SSM",203mm,,,PR,,1085.0,INR,False,,2026-02-01,Pricelist -2026/HAFELE PRICELIST_MRP revision Eff 1st Feb 2026 (1).pdf,114,972.05.001
hafele,Häfele,972.05.002,False,"Window Friction Stay 255 mm 10"" SSM",255 mm,,,PR,,1580.0,INR,False,,2026-02-01,Pricelist -2026/HAFELE PRICELIST_MRP revision Eff 1st Feb 2026 (1).pdf,114,972.05.002
hafele,Häfele,972.05.003,False,"Window Friction Stay 305 mm 12"" SSM",305 mm,,,PR,,2010.0,INR,False,,2026-02-01,Pricelist -2026/HAFELE PRICELIST_MRP revision Eff 1st Feb 2026 (1).pdf,114,972.05.003
hafele,Häfele,972.05.004,False,"Window Friction Stay 356 mm 14"" SSM",356 mm,,,PR,,2175.0,INR,False,,2026-02-01,Pricelist -2026/HAFELE PRICELIST_MRP revision Eff 1st Feb 2026 (1).pdf,114,972.05.004
hafele,Häfele,972.05.015,False,"Heavy Duty Window Friction Stay 406 mm 16"" SSM",406 mm,,,PR,,2905.0,INR,False,,2026-02-01,Pricelist -2026/HAFELE PRICELIST_MRP revision Eff 1st Feb 2026 (1).pdf,114,972.05.015
hafele,Häfele,972.05.017,False,"Heavy Duty Window Friction Stay 509 mm 20"" SSM",509 mm,,,PR,,4055.0,INR,False,,2026-02-01,Pricelist -2026/HAFELE PRICELIST_MRP revision Eff 1st Feb 2026 (1).pdf,114,972.05.017
hafele,Häfele,972.05.019,False,"Heavy Duty Window Friction Stay 609 mm 24"" SSM",609 mm,,,PR,,5315.0,INR,False,,2026-02-01,Pricelist -2026/HAFELE PRICELIST_MRP revision Eff 1st Feb 2026 (1).pdf,114,972.05.019
hafele,Häfele,931.84.299,False,DCL 83 Surface Mount Cam Efficient Door Closer Slide Arm Non Hold Open Fire Rated CE EN2-4 Dr Wt upto 80 Kgs  Dr width 850-1100mm - ALU,1100mm,,,PC,,23765.0,INR,False,,2026-02-01,Pricelist -2026/HAFELE PRICELIST_MRP revision Eff 1st Feb 2026 (1).pdf,115,931.84.299
hafele,Häfele,931.84.749,False,HS1100 Surface Mount Door CloserStandard Arm  EN2/3/4 Dr wt 40-80 Kgs Dr width 850-1100mm - ALU,1100mm,,,PC,,5445.0,INR,False,,2026-02-01,Pricelist -2026/HAFELE PRICELIST_MRP revision Eff 1st Feb 2026 (1).pdf,115,931.84.749
hafele,Häfele,931.84.759,False,HS1100 Surface Mount Door CloserHold Open Arm  EN2/3/4 Dr wt 40- 80 Kgs Dr width 850-1100mm - ALU,1100mm,,,PC,,8955.0,INR,False,,2026-02-01,Pricelist -2026/HAFELE PRICELIST_MRP revision Eff 1st Feb 2026 (1).pdf,115,931.84.759
hafele,Häfele,931.84.629,False,DCL 15 Surface Mount Door Closer Standard Arm Non Hold Open Fire Rated CE EN2/3/4 Dr wt  upto 80 kgs  Dr width 850-1100mm - ALU,1100mm,,,PC,,12035.0,INR,False,,2026-02-01,Pricelist -2026/HAFELE PRICELIST_MRP revision Eff 1st Feb 2026 (1).pdf,115,931.84.629
hafele,Häfele,931.84.639,False,DCL 16 Surface Mount Door Closer Hold Open Arm CE EN2/3/4 Dr wt upto 80 kgs Dr width 850-1100mm - ALU,1100mm,,,PC,,14020.0,INR,False,,2026-02-01,Pricelist -2026/HAFELE PRICELIST_MRP revision Eff 1st Feb 2026 (1).pdf,115,931.84.639
hafele,Häfele,931.84.129,False,DCL 21 Surface Mount Door CloserSlide Arm Hold Open EN 2/4 Dr wt 40-80 Kgs Dr width upto 1100mm - ALU,1100mm,,,PC,,12320.0,INR,False,,2026-02-01,Pricelist -2026/HAFELE PRICELIST_MRP revision Eff 1st Feb 2026 (1).pdf,115,931.84.129
hafele,Häfele,931.39.602,False,Saddle Plate for DCL 21 8-12 mm Glass Door Thickness - ALU,12 mm,,,PC,,3800.0,INR,False,,2026-02-01,Pricelist -2026/HAFELE PRICELIST_MRP revision Eff 1st Feb 2026 (1).pdf,115,931.39.602
hafele,Häfele,931.84.171,False,DC 314 Surface Mount Door CloserSlide Arm Hold Open EN 2/4 Dr wt 40-80 Kgs Dr width upto 1100mm - Silver,1100mm,,,PC,,9185.0,INR,False,,2026-02-01,Pricelist -2026/HAFELE PRICELIST_MRP revision Eff 1st Feb 2026 (1).pdf,115,931.84.171
hafele,Häfele,931.84.173,False,DC 314 Surface Mount Door CloserSlide Arm Hold Open EN 2/4 Dr wt 40-80 Kgs Dr width upto 1100mm - Black,1100mm,,,PC,,9185.0,INR,False,,2026-02-01,Pricelist -2026/HAFELE PRICELIST_MRP revision Eff 1st Feb 2026 (1).pdf,115,931.84.173
hafele,Häfele,931.84.829,False,DCL 51 Surface Mount Door CloserStandard Arm Adj Back Check Non Hold Open Fire Rated Adj Size EN2-5 CE  Dr Wt  upto 110 kgs Dr Width 850-1250mm -ALU,1250mm,,,PC,,17265.0,INR,False,,2026-02-01,Pricelist -2026/HAFELE PRICELIST_MRP revision Eff 1st Feb 2026 (1).pdf,115,931.84.829
hafele,Häfele,931.84.669,False,DCL 51 Surface Mount Door CloserStandard Arm Adj Back Check Hold Open Adj Size EN2-5 CE Dr Wt  upto 110 kgs Dr Width 850- 1250mm -ALU,1250mm,,,PC,,18765.0,INR,False,,2026-02-01,Pricelist -2026/HAFELE PRICELIST_MRP revision Eff 1st Feb 2026 (1).pdf,115,931.84.669
hafele,Häfele,931.84.769,False,DCL 55 Surface Mount Door Closer Standard Arm Adj Back Check Non Hold Open Fire Rated CE EN 2-6 Dr wt upto 150 kgs Dr width 750-,,,,PC,,26225.0,INR,False,,2026-02-01,Pricelist -2026/HAFELE PRICELIST_MRP revision Eff 1st Feb 2026 (1).pdf,115,931.84.769
hafele,Häfele,931.84.819,False,DCL 55 Surface Mount Door Closer Standard Arm Adj Back Check Hold Open CE EN 2-6 Dr wt upto 150 kgs Dr width 750-1400mm- ALU,1400mm,,,PC,,33995.0,INR,False,,2026-02-01,Pricelist -2026/HAFELE PRICELIST_MRP revision Eff 1st Feb 2026 (1).pdf,115,931.84.819
hafele,Häfele,931.84.154,False,DC311 SURFACE DC 80KG STANDARD ARM SILVER,,,,PC,,5040.0,INR,False,,2026-02-01,Pricelist -2026/HAFELE PRICELIST_MRP revision Eff 1st Feb 2026 (1).pdf,115,931.84.154
hafele,Häfele,931.84.155,False,DC311 SURFACE DC 80KG HO ARM SILVER,,,,PC,,6385.0,INR,False,,2026-02-01,Pricelist -2026/HAFELE PRICELIST_MRP revision Eff 1st Feb 2026 (1).pdf,115,931.84.155
hafele,Häfele,931.84.156,False,DC312 CONCEALED DC 60KG EN3 WITH HO SLIDE ARM SILVER,,,,PC,,9860.0,INR,False,,2026-02-01,Pricelist -2026/HAFELE PRICELIST_MRP revision Eff 1st Feb 2026 (1).pdf,116,931.84.156
hafele,Häfele,931.84.157,False,DC312 CONCEALED DC 80KG EN4 WITH HO SLIDE ARM SILVER,,,,PC,,10640.0,INR,False,,2026-02-01,Pricelist -2026/HAFELE PRICELIST_MRP revision Eff 1st Feb 2026 (1).pdf,116,931.84.157
hafele,Häfele,931.84.429,False,HS3000 Slimline Concealed  Door Closer Hold Open Clip EN 2 Min Dr thk 40mm Dr wt 45 kgs Dr width 850mm- ALU,40mm,,,PC,,17765.0,INR,False,,2026-02-01,Pricelist -2026/HAFELE PRICELIST_MRP revision Eff 1st Feb 2026 (1).pdf,116,931.84.429
hafele,Häfele,931.84.419,False,HS3000 Slimline Concealed  Door Closer Hold Open Clip EN 3 Min Dr thk 40mm Dr wt 60 kgs Dr width 950mm- ALU,40mm,,,PC,,20645.0,INR,False,,2026-02-01,Pricelist -2026/HAFELE PRICELIST_MRP revision Eff 1st Feb 2026 (1).pdf,116,931.84.419
hafele,Häfele,931.84.439,False,HS3000 Slimline Concealed  Door Closer Hold Open Clip EN 4 Min Dr thk 40mm Dr wt 80 kgs Dr width 1100mm- ALU,40mm,,,PC,,21400.0,INR,False,,2026-02-01,Pricelist -2026/HAFELE PRICELIST_MRP revision Eff 1st Feb 2026 (1).pdf,116,931.84.439
hafele,Häfele,931.84.926,False,HS3000 Slimline Concealed  Door Closer Hold Open Clip EN 3 Min Dr thk 40mm Dr wt 60 kgs Dr width 950mm-  AB,40mm,,,SET,,22150.0,INR,False,,2026-02-01,Pricelist -2026/HAFELE PRICELIST_MRP revision Eff 1st Feb 2026 (1).pdf,116,931.84.926
hafele,Häfele,931.84.927,False,HS3000 Slimline Concealed  Door Closer Hold Open Clip EN 3 Min Dr thk 40mm Dr wt 60 kgs Dr width 950mm- MBR,40mm,,,SET,,22150.0,INR,False,,2026-02-01,Pricelist -2026/HAFELE PRICELIST_MRP revision Eff 1st Feb 2026 (1).pdf,116,931.84.927
hafele,Häfele,931.84.928,False,HS3000 Slimline Concealed  Door Closer Hold Open Clip EN 3 Min Dr thk 40mm Dr wt 60 kgs Dr width 950mm- MBK,40mm,,,SET,,22150.0,INR,False,,2026-02-01,Pricelist -2026/HAFELE PRICELIST_MRP revision Eff 1st Feb 2026 (1).pdf,116,931.84.928
hafele,Häfele,931.84.931,False,HS3000 Slimline Concealed  Door Closer Hold Open Clip EN 4 Min Dr thk 40mm Dr wt 80 kgs Dr width 1100mm- AB,40mm,,,SET,,22850.0,INR,False,,2026-02-01,Pricelist -2026/HAFELE PRICELIST_MRP revision Eff 1st Feb 2026 (1).pdf,116,931.84.931
hafele,Häfele,931.84.932,False,HS3000 Slimline Concealed  Door Closer Hold Open Clip EN 4 Min Dr thk 40mm Dr wt 80 kgs Dr width 1100mm- MBK,40mm,,,SET,,22850.0,INR,False,,2026-02-01,Pricelist -2026/HAFELE PRICELIST_MRP revision Eff 1st Feb 2026 (1).pdf,116,931.84.932
hafele,Häfele,931.84.933,False,HS3000 Slimline Concealed  Door Closer Hold Open Clip EN 4 Min Dr thk 40mm Dr wt 80 kgs Dr width 1100mm- MBR,40mm,,,SET,,22850.0,INR,False,,2026-02-01,Pricelist -2026/HAFELE PRICELIST_MRP revision Eff 1st Feb 2026 (1).pdf,116,931.84.933
hafele,Häfele,931.84.198,False,DCL36 Concealed Cam Efficient Door Closer Slide Arm Hold Open EN2-4 Min Dr thk 40mm Dr Wt 130 kgs Dr width 850-1100mm- ALU,40mm,,,PC,,30800.0,INR,False,,2026-02-01,Pricelist -2026/HAFELE PRICELIST_MRP revision Eff 1st Feb 2026 (1).pdf,116,931.84.198
hafele,Häfele,931.46.069,False,DCL 35 Concealed Cam Efficient Door Closer Slide Arm Non Hold Fire Rated EN2-4 CE  Min Dr thk 40mm Dr Wt 80 kgs Dr width 850- 1100mm- ALU,40mm,,,PC,,26470.0,INR,False,,2026-02-01,Pricelist -2026/HAFELE PRICELIST_MRP revision Eff 1st Feb 2026 (1).pdf,116,931.46.069
hafele,Häfele,931.46.239,False,DCL 35 Concealed Cam Efficient Door Closer Slide Arm  Hold EN2-4 CE Min Dr thk 40mm Dr Wt 80 kgs Dr width 850-1100mm- ALU,40mm,,,SET,,28335.0,INR,False,,2026-02-01,Pricelist -2026/HAFELE PRICELIST_MRP revision Eff 1st Feb 2026 (1).pdf,116,931.46.239
hafele,Häfele,931.84.039,False,DCL 33 Concealed Door Closer Slide Arm Non Hold Open Fire Rated EN2-4 CE Min Dr thk 45mm Dr Wt 80 kgs Dr width 850-1100mm- ALU,45mm,,,PC,,28180.0,INR,False,,2026-02-01,Pricelist -2026/HAFELE PRICELIST_MRP revision Eff 1st Feb 2026 (1).pdf,116,931.84.039
hafele,Häfele,931.84.269,False,DCL 33 Concealed Door Closer Slide Arm Hold Open EN2-4 CE Min Dr thk 45mm Dr Wt 80 kgs Dr width 850-1100mm- ALU,45mm,,,PC,,28180.0,INR,False,,2026-02-01,Pricelist -2026/HAFELE PRICELIST_MRP revision Eff 1st Feb 2026 (1).pdf,116,931.84.269
hafele,Häfele,931.84.938,False,DCL 33 Concealed Door Closer Slide Arm Non Hold Open Fire Rated EN2-4 CE Min Dr thk 45mm Dr Wt 80 kgs Dr width 850-1100mm- MBK,45mm,,,PC,,29200.0,INR,False,,2026-02-01,Pricelist -2026/HAFELE PRICELIST_MRP revision Eff 1st Feb 2026 (1).pdf,116,931.84.938
hafele,Häfele,931.84.935,False,DCL 33 Concealed Door Closer Slide Arm Hold Open EN2-4 CE Min Dr thk 45mm Dr Wt 80 kgs Dr width 850-1100mm- AB,45mm,,,SET,,29465.0,INR,False,,2026-02-01,Pricelist -2026/HAFELE PRICELIST_MRP revision Eff 1st Feb 2026 (1).pdf,116,931.84.935
hafele,Häfele,931.84.936,False,DCL 33 Concealed Door Closer Slide Arm Hold Open EN2-4 CE Min Dr thk 45mm Dr Wt 80 kgs Dr width 850-1100mm- MBR,45mm,,,SET,,29465.0,INR,False,,2026-02-01,Pricelist -2026/HAFELE PRICELIST_MRP revision Eff 1st Feb 2026 (1).pdf,116,931.84.936
hafele,Häfele,931.84.937,False,DCL 33 Concealed Door Closer Slide Arm Hold Open EN2-4 CE Min Dr thk 45mm Dr Wt 80 kgs Dr width 850-1100mm- MBK,45mm,,,SET,,29465.0,INR,False,,2026-02-01,Pricelist -2026/HAFELE PRICELIST_MRP revision Eff 1st Feb 2026 (1).pdf,116,931.84.937
hafele,Häfele,931.84.469,False,DCL 71 Concealed Cam Efficient Door Closer Slide Arm Non Hold Open EN2-5  Min Dr thk 55mm Dr Wt 120 Kgs Dr width 850-1250mm- ALU,55mm,,,PC,,40845.0,INR,False,,2026-02-01,Pricelist -2026/HAFELE PRICELIST_MRP revision Eff 1st Feb 2026 (1).pdf,116,931.84.469
hafele,Häfele,931.84.409,False,DCL 71 Concealed Cam Efficient Door Closer Slide Arm Hold Open EN2-5 Min Dr thk 55mm Dr Wt 120 Kgs Dr width 850-1250mm- ALU,55mm,,,PC,,42775.0,INR,False,,2026-02-01,Pricelist -2026/HAFELE PRICELIST_MRP revision Eff 1st Feb 2026 (1).pdf,116,931.84.409
hafele,Häfele,931.84.399,False,DCL 72 Concealed Cam Efficient Door Closer Slide Arm Non Hold Open EN3-6 Min Dr thk 55mm Dr Wt 150 Kgs Dr width 950-1400mm- ALU,55mm,,,PC,,46245.0,INR,False,,2026-02-01,Pricelist -2026/HAFELE PRICELIST_MRP revision Eff 1st Feb 2026 (1).pdf,116,931.84.399
hafele,Häfele,931.84.389,False,DCL 72 Concealed Cam Efficient Door Closer Slide Arm Hold Open EN3-6 Min Dr thk 55mm Dr Wt 150 Kgs Dr width 950-1400mm- ALU,55mm,,,PC,,53365.0,INR,False,,2026-02-01,Pricelist -2026/HAFELE PRICELIST_MRP revision Eff 1st Feb 2026 (1).pdf,116,931.84.389
hafele,Häfele,902.99.490,False,Hollow L Lever  Handle On Rose  With  Europrofile  Cylinder Escutcheon SS 304 SSM,,,,PR,,1796.0,INR,False,,2026-02-01,Pricelist -2026/HAFELE PRICELIST_MRP revision Eff 1st Feb 2026 (1).pdf,117,902.99.490
hafele,Häfele,902.99.494,False,Hollow D Lever  Handle  On  Rose  With  Europrofile  Cylinder Escutcheon SS 304 SSM,,,,PR,,1796.0,INR,False,,2026-02-01,Pricelist -2026/HAFELE PRICELIST_MRP revision Eff 1st Feb 2026 (1).pdf,117,902.99.494
hafele,Häfele,902.99.492,False,Hollow U Lever Handle On Rose With Euro Profile Cylinder Escutcheon S 304 SSM,,,,PR,,1796.0,INR,False,,2026-02-01,Pricelist -2026/HAFELE PRICELIST_MRP revision Eff 1st Feb 2026 (1).pdf,117,902.99.492
hafele,Häfele,902.99.495,False,Hollow O Lever  Handle  On  Rose  With  Europrofile  Cylinder Escutcheon SS 304 SSM,,,,PR,,1796.0,INR,False,,2026-02-01,Pricelist -2026/HAFELE PRICELIST_MRP revision Eff 1st Feb 2026 (1).pdf,117,902.99.495
hafele,Häfele,903.99.058,False,Basta Hollow SS Lever Handle On Rose With Euro Profile Cylinder Escutcheon SS 304 SSM,,,,PR,,2605.0,INR,False,,2026-02-01,Pricelist -2026/HAFELE PRICELIST_MRP revision Eff 1st Feb 2026 (1).pdf,117,903.99.058
hafele,Häfele,903.78.186,False,L Shape Straight Cut Hollow Lever Handle Square Rose And Escutcheons SS 304 SSM,,,,PR,,2935.0,INR,False,,2026-02-01,Pricelist -2026/HAFELE PRICELIST_MRP revision Eff 1st Feb 2026 (1).pdf,117,903.78.186
hafele,Häfele,902.99.951,False,SS Lever  Handle  On  Rose  With  Europrofile  Cylinder Escutcheon SS 304 SSM,,,,PR,,3500.0,INR,False,,2026-02-01,Pricelist -2026/HAFELE PRICELIST_MRP revision Eff 1st Feb 2026 (1).pdf,117,902.99.951
hafele,Häfele,900.79.080,False,Narrow type L Hollow Lever Handle on Oval EP Cylinder Escutcheon For Dr Thk 38-55mm SS 304 SSM,55mm,,,PR,,2155.0,INR,False,,2026-02-01,Pricelist -2026/HAFELE PRICELIST_MRP revision Eff 1st Feb 2026 (1).pdf,117,900.79.080
hafele,Häfele,900.79.078,False,Narrow type L Hollow Lever Handle on Narrow Rose and EP Cylinder Escutcheon For Dr Thk 38-55mm SS 304 MBK,55mm,,,PR,,2900.0,INR,False,,2026-02-01,Pricelist -2026/HAFELE PRICELIST_MRP revision Eff 1st Feb 2026 (1).pdf,117,900.79.078
hafele,Häfele,900.79.081,False,Narrow type D Hollow Lever Handle on Narrow EP Cylinder Escutcheon For Dr Thk 38-55mm SS 304 SSM,55mm,,,PR,,2155.0,INR,False,,2026-02-01,Pricelist -2026/HAFELE PRICELIST_MRP revision Eff 1st Feb 2026 (1).pdf,117,900.79.081
hafele,Häfele,900.79.079,False,Narrow type D Hollow Lever Handle on Narrow EP Cylinder Escutcheon For Dr Thk 38-55mm SS 304 MBK,55mm,,,PR,,2900.0,INR,False,,2026-02-01,Pricelist -2026/HAFELE PRICELIST_MRP revision Eff 1st Feb 2026 (1).pdf,117,900.79.079
hafele,Häfele,902.99.553,False,Solid B Lever  Handle On Rose With Europrofile Cylinder Escutcheon SS 304 SSM,,,,PR,,4500.0,INR,False,,2026-02-01,Pricelist -2026/HAFELE PRICELIST_MRP revision Eff 1st Feb 2026 (1).pdf,117,902.99.553
hafele,Häfele,902.99.826,False,Solid F Lever  Handle On Rose With Europrofile Cylinder Escutcheon SS 304 SSM,,,,PR,,4500.0,INR,False,,2026-02-01,Pricelist -2026/HAFELE PRICELIST_MRP revision Eff 1st Feb 2026 (1).pdf,117,902.99.826
hafele,Häfele,901.79.843,False,Alpha Lever Handle On Rose and Escutcheons Square SN,,,,PR,,3590.0,INR,False,,2026-02-01,Pricelist -2026/HAFELE PRICELIST_MRP revision Eff 1st Feb 2026 (1).pdf,118,901.79.843
hafele,Häfele,901.79.854,False,Alpha  Lever Handle  on 240mm Backplate  85mm C/C SN,240mm,,,PR,,3590.0,INR,False,,2026-02-01,Pricelist -2026/HAFELE PRICELIST_MRP revision Eff 1st Feb 2026 (1).pdf,118,901.79.854
hafele,Häfele,901.79.845,False,Gamma Lever Handle On Rose and Escutcheons Square SN,,,,PR,,3080.0,INR,False,,2026-02-01,Pricelist -2026/HAFELE PRICELIST_MRP revision Eff 1st Feb 2026 (1).pdf,118,901.79.845
hafele,Häfele,901.79.857,False,Epsilon Lever Handle on 240mm Backplate  85mm C/C SN,240mm,,,PR,,3150.0,INR,False,,2026-02-01,Pricelist -2026/HAFELE PRICELIST_MRP revision Eff 1st Feb 2026 (1).pdf,118,901.79.857
hafele,Häfele,901.79.851,False,Zeta Lever Handle On Rose and Escutcheons Square SN,,,,PR,,4250.0,INR,False,,2026-02-01,Pricelist -2026/HAFELE PRICELIST_MRP revision Eff 1st Feb 2026 (1).pdf,118,901.79.851
hafele,Häfele,901.79.858,False,Zeta Lever Handle on 240mm Backplate  85mm C/C SN,240mm,,,PR,,4195.0,INR,False,,2026-02-01,Pricelist -2026/HAFELE PRICELIST_MRP revision Eff 1st Feb 2026 (1).pdf,118,901.79.858
hafele,Häfele,900.78.719,False,HZLHC-23-01 200  50/50 ML K+K 60MM ABM,60MM,,,PR,,3850.0,INR,False,,2026-02-01,Pricelist -2026/HAFELE PRICELIST_MRP revision Eff 1st Feb 2026 (1).pdf,118,900.78.719
hafele,Häfele,900.78.718,False,HZLHC-23-01 200  50/50 ML K+K 60MM NM,60MM,,,PR,,3750.0,INR,False,,2026-02-01,Pricelist -2026/HAFELE PRICELIST_MRP revision Eff 1st Feb 2026 (1).pdf,118,900.78.718
hafele,Häfele,900.78.717,False,HZLHC-23-01 200  50/50 ML T+K 60MM ABM,60MM,,,PR,,3900.0,INR,False,,2026-02-01,Pricelist -2026/HAFELE PRICELIST_MRP revision Eff 1st Feb 2026 (1).pdf,118,900.78.717
hafele,Häfele,900.78.716,False,HZLHC-23-01 200  50/50 ML T+K 60MM NM,60MM,,,PR,,3800.0,INR,False,,2026-02-01,Pricelist -2026/HAFELE PRICELIST_MRP revision Eff 1st Feb 2026 (1).pdf,118,900.78.716
hafele,Häfele,900.78.723,False,HZLHC-23-01 240  50/85 ML K+K 60MM ABM,60MM,,,PR,,4250.0,INR,False,,2026-02-01,Pricelist -2026/HAFELE PRICELIST_MRP revision Eff 1st Feb 2026 (1).pdf,118,900.78.723
hafele,Häfele,900.78.722,False,HZLHC-23-01 240  50/85 ML K+K 60MM NM,60MM,,,PR,,4150.0,INR,False,,2026-02-01,Pricelist -2026/HAFELE PRICELIST_MRP revision Eff 1st Feb 2026 (1).pdf,118,900.78.722
hafele,Häfele,900.78.721,False,HZLHC-23-01 240  50/85 ML T+K 60MM ABM,60MM,,,PR,,4300.0,INR,False,,2026-02-01,Pricelist -2026/HAFELE PRICELIST_MRP revision Eff 1st Feb 2026 (1).pdf,118,900.78.721
hafele,Häfele,900.78.720,False,HZLHC-23-01 240  50/85 ML T+K 60MM NM,60MM,,,PR,,4200.0,INR,False,,2026-02-01,Pricelist -2026/HAFELE PRICELIST_MRP revision Eff 1st Feb 2026 (1).pdf,118,900.78.720
hafele,Häfele,900.78.727,False,HZLHC-23-01 LH SQ ROSE 50mm BL ABM,50mm,,,PR,,2600.0,INR,False,,2026-02-01,Pricelist -2026/HAFELE PRICELIST_MRP revision Eff 1st Feb 2026 (1).pdf,118,900.78.727
hafele,Häfele,900.78.726,False,HZLHC-23-01 LH SQ ROSE 50mm BL NM,50mm,,,PR,,2500.0,INR,False,,2026-02-01,Pricelist -2026/HAFELE PRICELIST_MRP revision Eff 1st Feb 2026 (1).pdf,118,900.78.726
hafele,Häfele,900.78.731,False,HZLHC-23-02 200  50/50 ML K+K 60MM ABM,60MM,,,PR,,3850.0,INR,False,,2026-02-01,Pricelist -2026/HAFELE PRICELIST_MRP revision Eff 1st Feb 2026 (1).pdf,118,900.78.731
hafele,Häfele,900.78.730,False,HZLHC-23-02 200  50/50 ML K+K 60MM NM,60MM,,,PR,,3750.0,INR,False,,2026-02-01,Pricelist -2026/HAFELE PRICELIST_MRP revision Eff 1st Feb 2026 (1).pdf,118,900.78.730
hafele,Häfele,900.78.729,False,HZLHC-23-02 200  50/50 ML T+K 60MM ABM,60MM,,,PR,,3900.0,INR,False,,2026-02-01,Pricelist -2026/HAFELE PRICELIST_MRP revision Eff 1st Feb 2026 (1).pdf,118,900.78.729
hafele,Häfele,900.78.728,False,HZLHC-23-02 200  50/50 ML T+K 60MM NM,60MM,,,PR,,3800.0,INR,False,,2026-02-01,Pricelist -2026/HAFELE PRICELIST_MRP revision Eff 1st Feb 2026 (1).pdf,118,900.78.728
hafele,Häfele,900.78.735,False,HZLHC-23-02 240  50/85 ML K+K 60MM ABM,60MM,,,PR,,4250.0,INR,False,,2026-02-01,Pricelist -2026/HAFELE PRICELIST_MRP revision Eff 1st Feb 2026 (1).pdf,118,900.78.735
hafele,Häfele,900.78.734,False,HZLHC-23-02 240  50/85 ML K+K 60MM NM,60MM,,,PR,,4150.0,INR,False,,2026-02-01,Pricelist -2026/HAFELE PRICELIST_MRP revision Eff 1st Feb 2026 (1).pdf,118,900.78.734
hafele,Häfele,900.78.733,False,HZLHC-23-02 240  50/85 ML T+K 60MM ABM,60MM,,,PR,,4300.0,INR,False,,2026-02-01,Pricelist -2026/HAFELE PRICELIST_MRP revision Eff 1st Feb 2026 (1).pdf,118,900.78.733
hafele,Häfele,900.78.732,False,HZLHC-23-02 240  50/85 ML T+K 60MM NM,60MM,,,PR,,4200.0,INR,False,,2026-02-01,Pricelist -2026/HAFELE PRICELIST_MRP revision Eff 1st Feb 2026 (1).pdf,118,900.78.732
hafele,Häfele,900.78.724,False,HZLHC-23-01  LH SQ ROSE EPC ESC NM,,,,PC,,2200.0,INR,False,,2026-02-01,Pricelist -2026/HAFELE PRICELIST_MRP revision Eff 1st Feb 2026 (1).pdf,118,900.78.724
hafele,Häfele,900.78.725,False,HZLHC-23-01 LH SQ ROSE EPC ESC ABM,,,,PC,,2300.0,INR,False,,2026-02-01,Pricelist -2026/HAFELE PRICELIST_MRP revision Eff 1st Feb 2026 (1).pdf,118,900.78.725
hafele,Häfele,900.78.736,False,HZLHC-23-02  LH SQ ROSE EPC ESC NM,,,,PC,,2200.0,INR,False,,2026-02-01,Pricelist -2026/HAFELE PRICELIST_MRP revision Eff 1st Feb 2026 (1).pdf,118,900.78.736
hafele,Häfele,900.78.737,False,HZLHC-23-02 LH SQ ROSE EPC ESC ABM,,,,PC,,2300.0,INR,False,,2026-02-01,Pricelist -2026/HAFELE PRICELIST_MRP revision Eff 1st Feb 2026 (1).pdf,118,900.78.737
hafele,Häfele,901.79.572,False,Avior Lever Handle Combiset on 200mm  Backplate With 60mm T+K EPC & Mortise Lock SN,200mm,,,SET,,4995.0,INR,False,,2026-02-01,Pricelist -2026/HAFELE PRICELIST_MRP revision Eff 1st Feb 2026 (1).pdf,119,901.79.572
hafele,Häfele,901.79.573,False,Avior Lever Handle Combise on 200mm  Backplate With 60mm T+K EPC & Mortise Lock AB,200mm,,,SET,,5300.0,INR,False,,2026-02-01,Pricelist -2026/HAFELE PRICELIST_MRP revision Eff 1st Feb 2026 (1).pdf,119,901.79.573
hafele,Häfele,911.83.449,False,Avior Lever Handle Combiset on 200mm  Backplate With 60mm T+E EPC & Mortise Lock SN,200mm,,,SET,,4995.0,INR,False,,2026-02-01,Pricelist -2026/HAFELE PRICELIST_MRP revision Eff 1st Feb 2026 (1).pdf,119,911.83.449
hafele,Häfele,901.79.579,False,Vega Lever Handle Combiset on 200mm  Backplate With 60mm T+K EPC & Mortise Lock SN/CP,200mm,,,PR,,5915.0,INR,False,,2026-02-01,Pricelist -2026/HAFELE PRICELIST_MRP revision Eff 1st Feb 2026 (1).pdf,119,901.79.579
hafele,Häfele,901.79.569,False,Avior Lever Handle on Rose with EPC Escutcheons SN,,,,PR,,3360.0,INR,False,,2026-02-01,Pricelist -2026/HAFELE PRICELIST_MRP revision Eff 1st Feb 2026 (1).pdf,119,901.79.569
hafele,Häfele,901.79.570,False,Avior Lever Handle on Rose with EPC Escutcheons AB,,,,PR,,3535.0,INR,False,,2026-02-01,Pricelist -2026/HAFELE PRICELIST_MRP revision Eff 1st Feb 2026 (1).pdf,119,901.79.570
hafele,Häfele,901.79.571,False,Avior Lever Handle on Rose with EPC Escutcheons Black Nickel Matt,,,,PR,,3535.0,INR,False,,2026-02-01,Pricelist -2026/HAFELE PRICELIST_MRP revision Eff 1st Feb 2026 (1).pdf,119,901.79.571
hafele,Häfele,900.99.491,False,Avior Lever Handle on Rose with EPC Escutcheons MBK ( Matt Black ),,,,PR,,3535.0,INR,False,,2026-02-01,Pricelist -2026/HAFELE PRICELIST_MRP revision Eff 1st Feb 2026 (1).pdf,119,900.99.491
hafele,Häfele,901.79.576,False,Vega Lever Handle on Rose with EPC Escutcheons SN/CP,,,,PR,,4255.0,INR,False,,2026-02-01,Pricelist -2026/HAFELE PRICELIST_MRP revision Eff 1st Feb 2026 (1).pdf,119,901.79.576
hafele,Häfele,901.79.577,False,Vega Lever Handle on Rose with EPC Escutcheons CP/WT,,,,PR,,4625.0,INR,False,,2026-02-01,Pricelist -2026/HAFELE PRICELIST_MRP revision Eff 1st Feb 2026 (1).pdf,119,901.79.577
hafele,Häfele,901.79.584,False,Spica Lever Handle on Rose with EPC Escutcheons SN,,,,PR,,4990.0,INR,False,,2026-02-01,Pricelist -2026/HAFELE PRICELIST_MRP revision Eff 1st Feb 2026 (1).pdf,119,901.79.584
hafele,Häfele,901.79.585,False,Spica Lever Handle on Rose with EPC Escutcheons AB,,,,PR,,5165.0,INR,False,,2026-02-01,Pricelist -2026/HAFELE PRICELIST_MRP revision Eff 1st Feb 2026 (1).pdf,119,901.79.585
hafele,Häfele,901.79.587,False,Spica Lever Handle on Rose with EPC Escutcheons MBK ( Matt Black ),,,,PR,,5165.0,INR,False,,2026-02-01,Pricelist -2026/HAFELE PRICELIST_MRP revision Eff 1st Feb 2026 (1).pdf,119,901.79.587
hafele,Häfele,901.79.581,False,Rigel Lever Handle on Rose with EPC Escutcheons SN/CP,,,,PR,,4990.0,INR,False,,2026-02-01,Pricelist -2026/HAFELE PRICELIST_MRP revision Eff 1st Feb 2026 (1).pdf,119,901.79.581
hafele,Häfele,901.79.582,False,Rigel Lever Handle on Rose with EPC Escutcheons SP/WT,,,,PR,,5505.0,INR,False,,2026-02-01,Pricelist -2026/HAFELE PRICELIST_MRP revision Eff 1st Feb 2026 (1).pdf,119,901.79.582
hafele,Häfele,901.79.583,False,Rigel Lever Handle on Rose with EPC Escutcheons CP/BCK,,,,PR,,5705.0,INR,False,,2026-02-01,Pricelist -2026/HAFELE PRICELIST_MRP revision Eff 1st Feb 2026 (1).pdf,119,901.79.583
hafele,Häfele,901.79.588,False,Enif Lever Handle on Rose with EPC Escutcheons SN,,,,PR,,5315.0,INR,False,,2026-02-01,Pricelist -2026/HAFELE PRICELIST_MRP revision Eff 1st Feb 2026 (1).pdf,119,901.79.588
hafele,Häfele,901.79.589,False,Enif Lever Handle on Rose with EPC Escutcheons AB,,,,PR,,5505.0,INR,False,,2026-02-01,Pricelist -2026/HAFELE PRICELIST_MRP revision Eff 1st Feb 2026 (1).pdf,119,901.79.589
hafele,Häfele,900.99.596,False,Enif Lever Handle on Rose with EPC Escutcheons MBK ( Matt Black ),,,,PR,,5505.0,INR,False,,2026-02-01,Pricelist -2026/HAFELE PRICELIST_MRP revision Eff 1st Feb 2026 (1).pdf,119,900.99.596
hafele,Häfele,901.79.591,False,Enif Lever Handle on Rose with EPC Escutcheons Black Nickel Matt,,,,PR,,5505.0,INR,False,,2026-02-01,Pricelist -2026/HAFELE PRICELIST_MRP revision Eff 1st Feb 2026 (1).pdf,119,901.79.591
hafele,Häfele,900.99.361,False,HBLH-22-01-BRS LRHL SQ ROSE EPC ESC ABM,,,,PR,,5940.0,INR,False,,2026-02-01,Pricelist -2026/HAFELE PRICELIST_MRP revision Eff 1st Feb 2026 (1).pdf,120,900.99.361
hafele,Häfele,900.99.364,False,HBLH-22-01-BRS LRHL SQ ROSE EPC ESC ANTH,,,,PR,,6050.0,INR,False,,2026-02-01,Pricelist -2026/HAFELE PRICELIST_MRP revision Eff 1st Feb 2026 (1).pdf,120,900.99.364
hafele,Häfele,900.99.362,False,HBLH-22-01-BRS LRHL SQ ROSE EPC ESC MBK,,,,PR,,6160.0,INR,False,,2026-02-01,Pricelist -2026/HAFELE PRICELIST_MRP revision Eff 1st Feb 2026 (1).pdf,120,900.99.362
hafele,Häfele,900.99.360,False,HBLH-22-01-BRS LRHL SQ ROSE EPC ESC NM,,,,PR,,5825.0,INR,False,,2026-02-01,Pricelist -2026/HAFELE PRICELIST_MRP revision Eff 1st Feb 2026 (1).pdf,120,900.99.360
hafele,Häfele,900.99.363,False,HBLH-22-01-BRS LRHL SQ ROSE EPC ESC RGPV,,,,PR,,7170.0,INR,False,,2026-02-01,Pricelist -2026/HAFELE PRICELIST_MRP revision Eff 1st Feb 2026 (1).pdf,120,900.99.363
hafele,Häfele,900.99.366,False,HBLH-22-02-BRS LRHL R ROSE EPC ESC ABM,,,,PR,,5600.0,INR,False,,2026-02-01,Pricelist -2026/HAFELE PRICELIST_MRP revision Eff 1st Feb 2026 (1).pdf,120,900.99.366
hafele,Häfele,900.99.369,False,HBLH-22-02-BRS LRHL R ROSE EPC ESC ANTH,,,,PR,,5940.0,INR,False,,2026-02-01,Pricelist -2026/HAFELE PRICELIST_MRP revision Eff 1st Feb 2026 (1).pdf,120,900.99.369
hafele,Häfele,900.99.367,False,HBLH-22-02-BRS LRHL R ROSE EPC ESC MBK,,,,PR,,5825.0,INR,False,,2026-02-01,Pricelist -2026/HAFELE PRICELIST_MRP revision Eff 1st Feb 2026 (1).pdf,120,900.99.367
hafele,Häfele,900.99.365,False,HBLH-22-02-BRS LRHL R ROSE EPC ESC NM,,,,PR,,5490.0,INR,False,,2026-02-01,Pricelist -2026/HAFELE PRICELIST_MRP revision Eff 1st Feb 2026 (1).pdf,120,900.99.365
hafele,Häfele,900.99.368,False,HBLH-22-02-BRS LRHL R ROSE EPC ESC RGPVD,,,,PR,,6835.0,INR,False,,2026-02-01,Pricelist -2026/HAFELE PRICELIST_MRP revision Eff 1st Feb 2026 (1).pdf,120,900.99.368
hafele,Häfele,900.99.371,False,HBLH-22-03-BRS LRHL SQ ROSE EPC ESC ABM,,,,PR,,7060.0,INR,False,,2026-02-01,Pricelist -2026/HAFELE PRICELIST_MRP revision Eff 1st Feb 2026 (1).pdf,120,900.99.371
hafele,Häfele,900.99.374,False,HBLH-22-03-BRS LRHL SQ ROSE EPC ESC ANTH,,,,PR,,7885.0,INR,False,,2026-02-01,Pricelist -2026/HAFELE PRICELIST_MRP revision Eff 1st Feb 2026 (1).pdf,120,900.99.374
hafele,Häfele,900.99.372,False,HBLH-22-03-BRS LRHL SQ ROSE EPC ESC MBK,,,,PR,,7280.0,INR,False,,2026-02-01,Pricelist -2026/HAFELE PRICELIST_MRP revision Eff 1st Feb 2026 (1).pdf,120,900.99.372
hafele,Häfele,900.99.370,False,HBLH-22-03-BRS LRHL SQ ROSE EPC ESC NM,,,,PR,,6945.0,INR,False,,2026-02-01,Pricelist -2026/HAFELE PRICELIST_MRP revision Eff 1st Feb 2026 (1).pdf,120,900.99.370
hafele,Häfele,900.99.373,False,HBLH-22-03-BRS LRHL SQ ROSE EPC ESC RGPV,,,,PR,,8180.0,INR,False,,2026-02-01,Pricelist -2026/HAFELE PRICELIST_MRP revision Eff 1st Feb 2026 (1).pdf,120,900.99.373
hafele,Häfele,900.78.942,False,HBLH-24-04-BRS LRHL SQ ROSE EPC ESC ABM,,,,PR,,6530.0,INR,False,,2026-02-01,Pricelist -2026/HAFELE PRICELIST_MRP revision Eff 1st Feb 2026 (1).pdf,120,900.78.942
hafele,Häfele,900.78.945,False,HBLH-24-04-BRS LRHL SQ ROSE EPC ESC ANTH,,,,PR,,6655.0,INR,False,,2026-02-01,Pricelist -2026/HAFELE PRICELIST_MRP revision Eff 1st Feb 2026 (1).pdf,120,900.78.945
hafele,Häfele,900.78.943,False,HBLH-24-04-BRS LRHL SQ ROSE EPC ESC MBK,,,,PR,,6780.0,INR,False,,2026-02-01,Pricelist -2026/HAFELE PRICELIST_MRP revision Eff 1st Feb 2026 (1).pdf,120,900.78.943
hafele,Häfele,900.78.941,False,HBLH-24-04-BRS LRHL SQ ROSE EPC ESC NM,,,,PR,,6410.0,INR,False,,2026-02-01,Pricelist -2026/HAFELE PRICELIST_MRP revision Eff 1st Feb 2026 (1).pdf,120,900.78.941
hafele,Häfele,900.78.944,False,HBLH-24-04-BRS LRHL SQ ROSE EPC ESC RGPV,,,,PR,,7885.0,INR,False,,2026-02-01,Pricelist -2026/HAFELE PRICELIST_MRP revision Eff 1st Feb 2026 (1).pdf,120,900.78.944
hafele,Häfele,900.78.947,False,HBLH-24-05-BRS LRHL R ROSE EPC ESC ABM,,,,PR,,6160.0,INR,False,,2026-02-01,Pricelist -2026/HAFELE PRICELIST_MRP revision Eff 1st Feb 2026 (1).pdf,120,900.78.947
hafele,Häfele,900.78.950,False,HBLH-24-05-BRS LRHL R ROSE EPC ESC ANTH,,,,PR,,6530.0,INR,False,,2026-02-01,Pricelist -2026/HAFELE PRICELIST_MRP revision Eff 1st Feb 2026 (1).pdf,120,900.78.950
hafele,Häfele,900.78.948,False,HBLH-24-05-BRS LRHL R ROSE EPC ESC MBK,,,,PR,,6410.0,INR,False,,2026-02-01,Pricelist -2026/HAFELE PRICELIST_MRP revision Eff 1st Feb 2026 (1).pdf,120,900.78.948
hafele,Häfele,900.78.946,False,HBLH-24-05-BRS LRHL R ROSE EPC ESC NM,,,,PR,,6040.0,INR,False,,2026-02-01,Pricelist -2026/HAFELE PRICELIST_MRP revision Eff 1st Feb 2026 (1).pdf,120,900.78.946
hafele,Häfele,900.78.949,False,HBLH-24-05-BRS LRHL R ROSE EPC ESC RGPVD,,,,PR,,7520.0,INR,False,,2026-02-01,Pricelist -2026/HAFELE PRICELIST_MRP revision Eff 1st Feb 2026 (1).pdf,120,900.78.949
hafele,Häfele,900.78.952,False,HBLH-24-06-BRS LRHL R ROSE EPC ESC ABM,,,,PR,,7765.0,INR,False,,2026-02-01,Pricelist -2026/HAFELE PRICELIST_MRP revision Eff 1st Feb 2026 (1).pdf,120,900.78.952
hafele,Häfele,900.78.955,False,HBLH-24-06-BRS LRHL R ROSE EPC ESC ANTH,,,,PR,,7885.0,INR,False,,2026-02-01,Pricelist -2026/HAFELE PRICELIST_MRP revision Eff 1st Feb 2026 (1).pdf,120,900.78.955
hafele,Häfele,900.78.953,False,HBLH-24-06-BRS LRHL R ROSE EPC ESC MBK,,,,PR,,8010.0,INR,False,,2026-02-01,Pricelist -2026/HAFELE PRICELIST_MRP revision Eff 1st Feb 2026 (1).pdf,120,900.78.953
hafele,Häfele,900.78.951,False,HBLH-24-06-BRS LRHL R ROSE EPC ESC NM,,,,PR,,7640.0,INR,False,,2026-02-01,Pricelist -2026/HAFELE PRICELIST_MRP revision Eff 1st Feb 2026 (1).pdf,120,900.78.951
hafele,Häfele,900.78.954,False,HBLH-24-06-BRS LRHL R ROSE EPC ESC RGPVD,,,,PR,,8995.0,INR,False,,2026-02-01,Pricelist -2026/HAFELE PRICELIST_MRP revision Eff 1st Feb 2026 (1).pdf,120,900.78.954
hafele,Häfele,900.78.957,False,HBLH-24-07-BRS LRHL R ROSE EPC ESC ABM,,,,PR,,6530.0,INR,False,,2026-02-01,Pricelist -2026/HAFELE PRICELIST_MRP revision Eff 1st Feb 2026 (1).pdf,121,900.78.957
hafele,Häfele,900.78.960,False,HBLH-24-07-BRS LRHL R ROSE EPC ESC ANTH,,,,PR,,6655.0,INR,False,,2026-02-01,Pricelist -2026/HAFELE PRICELIST_MRP revision Eff 1st Feb 2026 (1).pdf,121,900.78.960
hafele,Häfele,900.78.958,False,HBLH-24-07-BRS LRHL R ROSE EPC ESC MBK,,,,PR,,6780.0,INR,False,,2026-02-01,Pricelist -2026/HAFELE PRICELIST_MRP revision Eff 1st Feb 2026 (1).pdf,121,900.78.958
hafele,Häfele,900.78.956,False,HBLH-24-07-BRS LRHL R ROSE EPC ESC NM,,,,PR,,6410.0,INR,False,,2026-02-01,Pricelist -2026/HAFELE PRICELIST_MRP revision Eff 1st Feb 2026 (1).pdf,121,900.78.956
hafele,Häfele,900.78.959,False,HBLH-24-07-BRS LRHL R ROSE EPC ESC RGPVD,,,,PR,,7885.0,INR,False,,2026-02-01,Pricelist -2026/HAFELE PRICELIST_MRP revision Eff 1st Feb 2026 (1).pdf,121,900.78.959
hafele,Häfele,900.78.962,False,HBLH-24-08-BRS LRHL R ROSE EPC ESC ABM,,,,PR,,6160.0,INR,False,,2026-02-01,Pricelist -2026/HAFELE PRICELIST_MRP revision Eff 1st Feb 2026 (1).pdf,121,900.78.962
hafele,Häfele,900.78.965,False,HBLH-24-08-BRS LRHL R ROSE EPC ESC ANTH,,,,PR,,6530.0,INR,False,,2026-02-01,Pricelist -2026/HAFELE PRICELIST_MRP revision Eff 1st Feb 2026 (1).pdf,121,900.78.965
hafele,Häfele,900.78.963,False,HBLH-24-08-BRS LRHL R ROSE EPC ESC MBK,,,,PR,,6410.0,INR,False,,2026-02-01,Pricelist -2026/HAFELE PRICELIST_MRP revision Eff 1st Feb 2026 (1).pdf,121,900.78.963
hafele,Häfele,900.78.961,False,HBLH-24-08-BRS LRHL R ROSE EPC ESC NM,,,,PR,,6040.0,INR,False,,2026-02-01,Pricelist -2026/HAFELE PRICELIST_MRP revision Eff 1st Feb 2026 (1).pdf,121,900.78.961
hafele,Häfele,900.78.964,False,HBLH-24-08-BRS LRHL R ROSE EPC ESC RGPVD,,,,PR,,7520.0,INR,False,,2026-02-01,Pricelist -2026/HAFELE PRICELIST_MRP revision Eff 1st Feb 2026 (1).pdf,121,900.78.964
hafele,Häfele,900.79.334,False,HBLH-25-09-BRS LRHL R ROSE EPC ESC NM,,,,PR,,6835.0,INR,False,,2026-02-01,Pricelist -2026/HAFELE PRICELIST_MRP revision Eff 1st Feb 2026 (1).pdf,121,900.79.334
hafele,Häfele,900.79.338,False,HBLH-25-09-BRS LRHL R ROSE EPC ESC ABM,,,,PR,,6835.0,INR,False,,2026-02-01,Pricelist -2026/HAFELE PRICELIST_MRP revision Eff 1st Feb 2026 (1).pdf,121,900.79.338
hafele,Häfele,900.79.370,False,HBLH-25-09-BRS LRHL R ROSE EPC ESC MBK,,,,PR,,6945.0,INR,False,,2026-02-01,Pricelist -2026/HAFELE PRICELIST_MRP revision Eff 1st Feb 2026 (1).pdf,121,900.79.370
hafele,Häfele,900.79.343,False,HBLH-25-09-BRS LRHL R ROSE EPC ESC RGPVD,,,,PR,,7955.0,INR,False,,2026-02-01,Pricelist -2026/HAFELE PRICELIST_MRP revision Eff 1st Feb 2026 (1).pdf,121,900.79.343
hafele,Häfele,900.79.347,False,HBLH-25-09-BRS LRHL R ROSE EPC ESC ANTH,,,,PR,,6835.0,INR,False,,2026-02-01,Pricelist -2026/HAFELE PRICELIST_MRP revision Eff 1st Feb 2026 (1).pdf,121,900.79.347
hafele,Häfele,900.79.335,False,HBLH-25-10-BRS LRHL SQ ROSE EPC ESC NM,,,,PR,,5940.0,INR,False,,2026-02-01,Pricelist -2026/HAFELE PRICELIST_MRP revision Eff 1st Feb 2026 (1).pdf,121,900.79.335
hafele,Häfele,900.79.339,False,HBLH-25-10-BRS LRHL SQ ROSE EPC ESC ABM,,,,PR,,5940.0,INR,False,,2026-02-01,Pricelist -2026/HAFELE PRICELIST_MRP revision Eff 1st Feb 2026 (1).pdf,121,900.79.339
hafele,Häfele,900.79.371,False,HBLH-25-10-BRS LRHL SQ ROSE EPC ESC MBK,,,,PR,,6160.0,INR,False,,2026-02-01,Pricelist -2026/HAFELE PRICELIST_MRP revision Eff 1st Feb 2026 (1).pdf,121,900.79.371
hafele,Häfele,900.79.344,False,HBLH-25-10-BRS LRHL SQ ROSE EP ESC RGPVD,,,,PR,,7060.0,INR,False,,2026-02-01,Pricelist -2026/HAFELE PRICELIST_MRP revision Eff 1st Feb 2026 (1).pdf,121,900.79.344
hafele,Häfele,900.79.348,False,HBLH-25-10-BRS LRHL SQ ROSE EPC ESC ANTH,,,,PR,,5940.0,INR,False,,2026-02-01,Pricelist -2026/HAFELE PRICELIST_MRP revision Eff 1st Feb 2026 (1).pdf,121,900.79.348
hafele,Häfele,900.79.336,False,HBLH-25-12-BRS LRHL R ROSE EPC ESC NM,,,,PR,,6160.0,INR,False,,2026-02-01,Pricelist -2026/HAFELE PRICELIST_MRP revision Eff 1st Feb 2026 (1).pdf,121,900.79.336
hafele,Häfele,900.79.341,False,HBLH-25-12-BRS LRHL R ROSE EPC ESC ABM,,,,PR,,6160.0,INR,False,,2026-02-01,Pricelist -2026/HAFELE PRICELIST_MRP revision Eff 1st Feb 2026 (1).pdf,121,900.79.341
hafele,Häfele,900.79.373,False,HBLH-25-12-BRS LRHL R ROSE EPC ESC MBK,,,,PR,,6385.0,INR,False,,2026-02-01,Pricelist -2026/HAFELE PRICELIST_MRP revision Eff 1st Feb 2026 (1).pdf,121,900.79.373
hafele,Häfele,900.79.345,False,HBLH-25-12-BRS LRHL R ROSE EPC ESC RGPVD,,,,PR,,7395.0,INR,False,,2026-02-01,Pricelist -2026/HAFELE PRICELIST_MRP revision Eff 1st Feb 2026 (1).pdf,121,900.79.345
hafele,Häfele,900.79.350,False,HBLH-25-12-BRS LRHL R ROSE EPC ESC ANTH,,,,PR,,6160.0,INR,False,,2026-02-01,Pricelist -2026/HAFELE PRICELIST_MRP revision Eff 1st Feb 2026 (1).pdf,121,900.79.350
hafele,Häfele,900.79.337,False,HBLH-25-13-BRS LRHL SQ ROSE EPC ESC NM,,,,PR,,5715.0,INR,False,,2026-02-01,Pricelist -2026/HAFELE PRICELIST_MRP revision Eff 1st Feb 2026 (1).pdf,121,900.79.337
hafele,Häfele,900.79.342,False,HBLH-25-13-BRS LRHL SQ ROSE EPC ESC ABM,,,,PR,,5715.0,INR,False,,2026-02-01,Pricelist -2026/HAFELE PRICELIST_MRP revision Eff 1st Feb 2026 (1).pdf,121,900.79.342
hafele,Häfele,900.79.374,False,HBLH-25-13-BRS LRHL SQ ROSE EPC ESC MBK,,,,PR,,5825.0,INR,False,,2026-02-01,Pricelist -2026/HAFELE PRICELIST_MRP revision Eff 1st Feb 2026 (1).pdf,121,900.79.374
hafele,Häfele,900.79.346,False,HBLH-25-13-BRS LRHL SQ ROSE EP ESC RGPVD,,,,PR,,6835.0,INR,False,,2026-02-01,Pricelist -2026/HAFELE PRICELIST_MRP revision Eff 1st Feb 2026 (1).pdf,121,900.79.346
hafele,Häfele,900.79.351,False,HBLH-25-13-BRS LRHL SQ ROSE EPC ESC ANTH,,,,PR,,5715.0,INR,False,,2026-02-01,Pricelist -2026/HAFELE PRICELIST_MRP revision Eff 1st Feb 2026 (1).pdf,121,900.79.351
hafele,Häfele,900.79.340,False,HBLH-25-11-BRS LRHL R ROSE EPC ESC ABM,,,,PR,,5600.0,INR,False,,2026-02-01,Pricelist -2026/HAFELE PRICELIST_MRP revision Eff 1st Feb 2026 (1).pdf,121,900.79.340
hafele,Häfele,900.79.372,False,HBLH-25-11-BRS LRHL R ROSE EPC ESC MBK,,,,PR,,5715.0,INR,False,,2026-02-01,Pricelist -2026/HAFELE PRICELIST_MRP revision Eff 1st Feb 2026 (1).pdf,121,900.79.372
hafele,Häfele,900.79.349,False,HBLH-25-11-BRS LRHL R ROSE EPC ESC ANTH,,,,PR,,5600.0,INR,False,,2026-02-01,Pricelist -2026/HAFELE PRICELIST_MRP revision Eff 1st Feb 2026 (1).pdf,121,900.79.349
hafele,Häfele,901.59.734,False,Euro Profile Cylinder Esc Round NM,,,,PR,,570.0,INR,False,,2026-02-01,Pricelist -2026/HAFELE PRICELIST_MRP revision Eff 1st Feb 2026 (1).pdf,121,901.59.734
hafele,Häfele,901.59.735,False,Euro Profile Cylinder Esc Round ABM,,,,PR,,570.0,INR,False,,2026-02-01,Pricelist -2026/HAFELE PRICELIST_MRP revision Eff 1st Feb 2026 (1).pdf,121,901.59.735
hafele,Häfele,901.59.736,False,Euro Profile Cylinder Esc Round ANTH,,,,PR,,570.0,INR,False,,2026-02-01,Pricelist -2026/HAFELE PRICELIST_MRP revision Eff 1st Feb 2026 (1).pdf,121,901.59.736
hafele,Häfele,901.59.737,False,Euro Profile Cylinder Esc Round MBK,,,,PR,,570.0,INR,False,,2026-02-01,Pricelist -2026/HAFELE PRICELIST_MRP revision Eff 1st Feb 2026 (1).pdf,121,901.59.737
hafele,Häfele,901.59.738,False,Euro Profile Cylinder Esc Round RGPVD,,,,PR,,805.0,INR,False,,2026-02-01,Pricelist -2026/HAFELE PRICELIST_MRP revision Eff 1st Feb 2026 (1).pdf,121,901.59.738
hafele,Häfele,901.59.739,False,Euro Profile Cylinder Esc Square NM,,,,PR,,805.0,INR,False,,2026-02-01,Pricelist -2026/HAFELE PRICELIST_MRP revision Eff 1st Feb 2026 (1).pdf,122,901.59.739
hafele,Häfele,901.59.740,False,Euro Profile Cylinder Esc Square ABM,,,,PR,,805.0,INR,False,,2026-02-01,Pricelist -2026/HAFELE PRICELIST_MRP revision Eff 1st Feb 2026 (1).pdf,122,901.59.740
hafele,Häfele,901.59.741,False,Euro Profile Cylinder Esc Square ANTH,,,,PR,,805.0,INR,False,,2026-02-01,Pricelist -2026/HAFELE PRICELIST_MRP revision Eff 1st Feb 2026 (1).pdf,122,901.59.741
hafele,Häfele,901.59.742,False,Euro Profile Cylinder Esc Square MBK,,,,PR,,805.0,INR,False,,2026-02-01,Pricelist -2026/HAFELE PRICELIST_MRP revision Eff 1st Feb 2026 (1).pdf,122,901.59.742
hafele,Häfele,901.59.743,False,Euro Profile Cylinder Esc Square RGPVD,,,,PR,,1050.0,INR,False,,2026-02-01,Pricelist -2026/HAFELE PRICELIST_MRP revision Eff 1st Feb 2026 (1).pdf,122,901.59.743
hafele,Häfele,903.11.450,False,H Pull Handle Back To Back Fixing 25mm Dia X 220 C/C 300 O/A Max. Door Thickness - 55mm SS304 SSM,25mm,,,PR,,2350.0,INR,False,,2026-02-01,Pricelist -2026/HAFELE PRICELIST_MRP revision Eff 1st Feb 2026 (1).pdf,122,903.11.450
hafele,Häfele,903.11.460,False,H Pull Handle Back To Back Fixing 25mm Dia X 220 C/C 300 O/A Max. Door Thickness - 55mm SS304 SSM+SSP,25mm,,,PR,,2350.0,INR,False,,2026-02-01,Pricelist -2026/HAFELE PRICELIST_MRP revision Eff 1st Feb 2026 (1).pdf,122,903.11.460
hafele,Häfele,903.11.451,False,H Pull Handle Back To Back Fixing 25mm Dia X 305 C/C 450 O/A Max. Door Thickness - 55mm SS 304 SSM,25mm,,,PR,,2530.0,INR,False,,2026-02-01,Pricelist -2026/HAFELE PRICELIST_MRP revision Eff 1st Feb 2026 (1).pdf,122,903.11.451
hafele,Häfele,903.11.461,False,H Pull Handle Back To Back Fixing 25mm Dia X 305 C/C 450 O/A Max. Door Thickness - 55mm SS 304 SSM+SSP,25mm,,,PR,,2530.0,INR,False,,2026-02-01,Pricelist -2026/HAFELE PRICELIST_MRP revision Eff 1st Feb 2026 (1).pdf,122,903.11.461
hafele,Häfele,903.11.452,False,H Pull Handle Back To Back Fixing 25mm Dia X 450C/C X 600 O/A Max. Door Thickness - 55mm SS 304 SSM,25mm,,,PR,,2750.0,INR,False,,2026-02-01,Pricelist -2026/HAFELE PRICELIST_MRP revision Eff 1st Feb 2026 (1).pdf,122,903.11.452
hafele,Häfele,903.11.462,False,H Pull Handle Back To Back Fixing 25mm Dia X 450C/C X 600 O/A Max. Door Thickness - 55mm SS 304 SSM+SSP,25mm,,,PR,,2750.0,INR,False,,2026-02-01,Pricelist -2026/HAFELE PRICELIST_MRP revision Eff 1st Feb 2026 (1).pdf,122,903.11.462
hafele,Häfele,903.12.060,False,H Pull Handle Back To Back Fixing 25mm Dia X 900 C/C 1200 O/A Max. Door Thickness - 55mm SS 304 SSM,25mm,,,PR,,7655.0,INR,False,,2026-02-01,Pricelist -2026/HAFELE PRICELIST_MRP revision Eff 1st Feb 2026 (1).pdf,122,903.12.060
hafele,Häfele,903.12.062,False,H Pull Handle Back To Back Fixing 32mm Dia X 1200 C/C 1500 O/A Max. Door Thickness - 60mm SS 304 SSM,32mm,,,PR,,11090.0,INR,False,,2026-02-01,Pricelist -2026/HAFELE PRICELIST_MRP revision Eff 1st Feb 2026 (1).pdf,122,903.12.062
hafele,Häfele,903.01.601,False,D Pull Handle Back To Back Fixing 19mm Dia X 150mm C/C Max. Door Thickness - 50mm SS 304 SSM,19mm,,,PR,,1590.0,INR,False,,2026-02-01,Pricelist -2026/HAFELE PRICELIST_MRP revision Eff 1st Feb 2026 (1).pdf,122,903.01.601
hafele,Häfele,903.01.602,False,D Pull Handle Back To Back Fixing 19mm Dia X 200mm C/C Max. Door Thickness - 50mm SS 304 SSM,19mm,,,PR,,1725.0,INR,False,,2026-02-01,Pricelist -2026/HAFELE PRICELIST_MRP revision Eff 1st Feb 2026 (1).pdf,122,903.01.602
hafele,Häfele,903.11.470,False,D Pull Handle Back To Back Fixing 25mm Dia X 300mm C/C Max. Door Thickness - 55mm SS 304 SSM,25mm,,,PR,,2755.0,INR,False,,2026-02-01,Pricelist -2026/HAFELE PRICELIST_MRP revision Eff 1st Feb 2026 (1).pdf,122,903.11.470
hafele,Häfele,903.11.480,False,D Pull Handle Back To Back Fixing 25mm Dia X 300mm C/C Max. Door Thickness - 55mm SS 304 SSM+SSP,25mm,,,PR,,2925.0,INR,False,,2026-02-01,Pricelist -2026/HAFELE PRICELIST_MRP revision Eff 1st Feb 2026 (1).pdf,122,903.11.480
hafele,Häfele,903.09.890,False,D Shape Hollow Pull HandleSingle SideConcealed Fixing25mm Dia 300mm C/CMax. Door Thickness - 50mm SS 304 SSM,300mm,,,PC,,2400.0,INR,False,,2026-02-01,Pricelist -2026/HAFELE PRICELIST_MRP revision Eff 1st Feb 2026 (1).pdf,122,903.09.890
hafele,Häfele,903.11.471,False,D Pull Handle Back To Back Fixing 25mm Dia X 450mm C/C Max. Door Thickness - 55mm SS 304 SSM,25mm,,,PR,,3260.0,INR,False,,2026-02-01,Pricelist -2026/HAFELE PRICELIST_MRP revision Eff 1st Feb 2026 (1).pdf,122,903.11.471
hafele,Häfele,903.11.472,False,D Pull Handle Back To Back Fixing 25mm Dia X 600mm C/C Max. Door Thickness - 55mm SS 304 SSM,25mm,,,PR,,3665.0,INR,False,,2026-02-01,Pricelist -2026/HAFELE PRICELIST_MRP revision Eff 1st Feb 2026 (1).pdf,122,903.11.472
hafele,Häfele,903.00.370,False,Pull Handle Back To Back Fixing 25mm Dia X 300mm C/C Max. Door Thickness - 50mm Straight Series SS304 SSM,25mm,,,PR,,5090.0,INR,False,,2026-02-01,Pricelist -2026/HAFELE PRICELIST_MRP revision Eff 1st Feb 2026 (1).pdf,122,903.00.370
hafele,Häfele,903.00.372,False,Pull Handle Back To Back Fixing 25mm Dia X 400mm C/C Max. Door Thickness - 50mm Straight Series SS 304 SSM,25mm,,,PR,,5810.0,INR,False,,2026-02-01,Pricelist -2026/HAFELE PRICELIST_MRP revision Eff 1st Feb 2026 (1).pdf,122,903.00.372
hafele,Häfele,903.19.703,False,Pull Handle Back To Back Fixing 25mm Sqaure X 25mm Radius X 300mm C/C Max. Door Thickness - 50mm Que Series SS 304 SSM,25mm,,,PR,,5120.0,INR,False,,2026-02-01,Pricelist -2026/HAFELE PRICELIST_MRP revision Eff 1st Feb 2026 (1).pdf,122,903.19.703
hafele,Häfele,903.10.550,False,Pull Handle Single Side Fixing 25mm Sqaure X 25mm Radius X 300mm C/C Concelead Bolt Fixing Max. Door Thickness - 50mm Que Series SS 304 SSM,25mm,,,PC,,3135.0,INR,False,,2026-02-01,Pricelist -2026/HAFELE PRICELIST_MRP revision Eff 1st Feb 2026 (1).pdf,122,903.10.550
hafele,Häfele,903.09.760,False,Pull Handle Single Side With Rose 25mm Dia And 300C/C Max. Door Thickness - 50mm Dense Series SS 304 SSM,25mm,,,PC,,2640.0,INR,False,,2026-02-01,Pricelist -2026/HAFELE PRICELIST_MRP revision Eff 1st Feb 2026 (1).pdf,122,903.09.760
hafele,Häfele,903.09.770,False,D Crank Pull Handle 22mm Dia 300mm C/C  Max. Door Thickness - 50mm  SS 304 SSM,22mm,,,PR,,4400.0,INR,False,,2026-02-01,Pricelist -2026/HAFELE PRICELIST_MRP revision Eff 1st Feb 2026 (1).pdf,123,903.09.770
hafele,Häfele,903.13.540,False,D Crank Pull Handle 22mm Dia 300mm C/C  Max. Door Thickness - 50mm SS 304 MBK,22mm,,,PR,,7420.0,INR,False,,2026-02-01,Pricelist -2026/HAFELE PRICELIST_MRP revision Eff 1st Feb 2026 (1).pdf,123,903.13.540
hafele,Häfele,903.09.790,False,D Crank Pull Handle 25mm Dia 400mm C/C Max. Door Thickness - 50mm SS 304 SSM,25mm,,,PR,,7260.0,INR,False,,2026-02-01,Pricelist -2026/HAFELE PRICELIST_MRP revision Eff 1st Feb 2026 (1).pdf,123,903.09.790
hafele,Häfele,903.09.792,False,D Crank Pull Handle 25mm Dia 450mm C/C Max. Door Thickness - 50mm SS 304 SSM,25mm,,,PR,,8405.0,INR,False,,2026-02-01,Pricelist -2026/HAFELE PRICELIST_MRP revision Eff 1st Feb 2026 (1).pdf,123,903.09.792
hafele,Häfele,903.13.542,False,D Crank Pull Handle 25mm Dia 450mm C/C Max. Door Thickness - 50mm SS 304 MBK,25mm,,,PR,,8770.0,INR,False,,2026-02-01,Pricelist -2026/HAFELE PRICELIST_MRP revision Eff 1st Feb 2026 (1).pdf,123,903.13.542
hafele,Häfele,903.09.800,False,D Crank Pull Handle 32mm Dia 600mm C/C Max. Door ThickneSS - 50mm SS 304 SSM,32mm,,,PR,,9585.0,INR,False,,2026-02-01,Pricelist -2026/HAFELE PRICELIST_MRP revision Eff 1st Feb 2026 (1).pdf,123,903.09.800
hafele,Häfele,903.13.543,False,D Crank Pull Handle 32mm Dia 600mm C/C Max. Door Thickness - 50mm SS 304 MBK,32mm,,,PR,,11450.0,INR,False,,2026-02-01,Pricelist -2026/HAFELE PRICELIST_MRP revision Eff 1st Feb 2026 (1).pdf,123,903.13.543
hafele,Häfele,902.01.430,False,Flush Handle Rectangle 150mm X 75mm  Rec/Sq  SS 304 SSM,150mm,,,PC,,1365.0,INR,False,,2026-02-01,Pricelist -2026/HAFELE PRICELIST_MRP revision Eff 1st Feb 2026 (1).pdf,123,902.01.430
hafele,Häfele,902.01.420,False,Flush Handle Rectangle 102mm X 50mm Rec/Oval  SS 304 SSM,102mm,,,PC,,610.0,INR,False,,2026-02-01,Pricelist -2026/HAFELE PRICELIST_MRP revision Eff 1st Feb 2026 (1).pdf,123,902.01.420
hafele,Häfele,902.01.422,False,Flush Handle Rectangle 150mm X 54mm Rec/Oval  SS 304 SSM,150mm,,,PC,,975.0,INR,False,,2026-02-01,Pricelist -2026/HAFELE PRICELIST_MRP revision Eff 1st Feb 2026 (1).pdf,123,902.01.422
hafele,Häfele,902.01.410,False,Flush Handle Oval 102mm X 50mm  SS 304 SSM,102mm,,,PC,,635.0,INR,False,,2026-02-01,Pricelist -2026/HAFELE PRICELIST_MRP revision Eff 1st Feb 2026 (1).pdf,123,902.01.410
hafele,Häfele,902.01.412,False,Flush Handle Oval 150mm X 54mm SS 304 SSM,150mm,,,PC,,955.0,INR,False,,2026-02-01,Pricelist -2026/HAFELE PRICELIST_MRP revision Eff 1st Feb 2026 (1).pdf,123,902.01.412
hafele,Häfele,902.01.400,False,Flush Handle Round 50mm Dia SS 304 SSM,50mm,,,PC,,465.0,INR,False,,2026-02-01,Pricelist -2026/HAFELE PRICELIST_MRP revision Eff 1st Feb 2026 (1).pdf,123,902.01.400
hafele,Häfele,902.01.402,False,Flush Handle Oval 85mm Dia SS Matt SS 304 SSM,85mm,,,PC,,800.0,INR,False,,2026-02-01,Pricelist -2026/HAFELE PRICELIST_MRP revision Eff 1st Feb 2026 (1).pdf,123,902.01.402
hafele,Häfele,903.08.710,False,Flush Handle Rectangle With Screw fixing 102mm X 50mm SS Matt Rec/Oval SS 304 SSM,102mm,,,PC,,590.0,INR,False,,2026-02-01,Pricelist -2026/HAFELE PRICELIST_MRP revision Eff 1st Feb 2026 (1).pdf,123,903.08.710
hafele,Häfele,903.10.625,False,Single Point Panic Exit Device 1300mm Pushbar Alu  Grey,1300mm,,,SET,,9470.0,INR,False,,2026-02-01,Pricelist -2026/HAFELE PRICELIST_MRP revision Eff 1st Feb 2026 (1).pdf,123,903.10.625
hafele,Häfele,903.10.665,False,Double Point Panic Exit Device 1300mm Pushbar Alu  Grey,1300mm,,,SET,,15110.0,INR,False,,2026-02-01,Pricelist -2026/HAFELE PRICELIST_MRP revision Eff 1st Feb 2026 (1).pdf,123,903.10.665
hafele,Häfele,901.02.401,False,Outdoor Lever Handle Alu Grey,,,,PC,,7870.0,INR,False,,2026-02-01,Pricelist -2026/HAFELE PRICELIST_MRP revision Eff 1st Feb 2026 (1).pdf,123,901.02.401
hafele,Häfele,903.78.836,False,Outdoor Lever Handle W/O EPC Alu Grey,,,,PC,,2170.0,INR,False,,2026-02-01,Pricelist -2026/HAFELE PRICELIST_MRP revision Eff 1st Feb 2026 (1).pdf,123,903.78.836
hafele,Häfele,911.52.633,False,"Horizontal Rim Touch Pad Device 900mm  36"" Non-Fire Rated Ul Listed Aluminium",900mm,,,PC,,15785.0,INR,False,,2026-02-01,Pricelist -2026/HAFELE PRICELIST_MRP revision Eff 1st Feb 2026 (1).pdf,123,911.52.633
hafele,Häfele,911.52.634,False,"Horizontal Rim Touch Pad Device900mm  36"" Non-Handed Fire Rated (3 Hours) Ul Listed Aluminium",,,,PC,,19290.0,INR,False,,2026-02-01,Pricelist -2026/HAFELE PRICELIST_MRP revision Eff 1st Feb 2026 (1).pdf,123,911.52.634
hafele,Häfele,911.56.039,False,"Vertical Touch Pad Exit Device 900mm  36""  Non-Handed Fire Rated (3 Hours) Ul Listed Aluminium",900mm,,,PC,,36305.0,INR,False,,2026-02-01,Pricelist -2026/HAFELE PRICELIST_MRP revision Eff 1st Feb 2026 (1).pdf,123,911.56.039
hafele,Häfele,911.56.049,False,External Trim For Rim Panic Device Entry Function (With Key) Matt Chrome,,,,PC,,10620.0,INR,False,,2026-02-01,Pricelist -2026/HAFELE PRICELIST_MRP revision Eff 1st Feb 2026 (1).pdf,123,911.56.049
hafele,Häfele,911.56.019,False,Extension Bolt Pack For External Trim,,,,PC,,765.0,INR,False,,2026-02-01,Pricelist -2026/HAFELE PRICELIST_MRP revision Eff 1st Feb 2026 (1).pdf,123,911.56.019
hafele,Häfele,911.56.047,False,Overlapping Strike For Double Doors,,,,PC,,2800.0,INR,False,,2026-02-01,Pricelist -2026/HAFELE PRICELIST_MRP revision Eff 1st Feb 2026 (1).pdf,123,911.56.047
hafele,Häfele,911.02.165,False,Mortise Lockcase 45mm BS 85mm C/c 24mm Sq Forend SS 304 SSM,45mm,,,PC,,2515.0,INR,False,,2026-02-01,Pricelist -2026/HAFELE PRICELIST_MRP revision Eff 1st Feb 2026 (1).pdf,124,911.02.165
hafele,Häfele,911.02.145,False,Mortise Lockcase 55mm BS 72mm C/C24mm Sq Forend Fire Rated CE SS 304 SSM,55mm,,,PC,,3585.0,INR,False,,2026-02-01,Pricelist -2026/HAFELE PRICELIST_MRP revision Eff 1st Feb 2026 (1).pdf,124,911.02.145
hafele,Häfele,911.02.124,False,Mortise Lockcase 55mm BS 72mm C/C 24mm Sq Forend SS 304 SSM,55mm,,,PC,,2515.0,INR,False,,2026-02-01,Pricelist -2026/HAFELE PRICELIST_MRP revision Eff 1st Feb 2026 (1).pdf,124,911.02.124
hafele,Häfele,911.02.164,False,Mortise Lockcase 55mm BS 72mm C/C 24mm Sq Forend SS 304 SSM / ZA,55mm,,,PC,,2360.0,INR,False,,2026-02-01,Pricelist -2026/HAFELE PRICELIST_MRP revision Eff 1st Feb 2026 (1).pdf,124,911.02.164
hafele,Häfele,911.02.161,False,Mortise Lockcase 60mm BS 85mm C/C 24mm Sq Forend Fire Rated SS 304 SSM,60mm,,,PC,,2515.0,INR,False,,2026-02-01,Pricelist -2026/HAFELE PRICELIST_MRP revision Eff 1st Feb 2026 (1).pdf,124,911.02.161
hafele,Häfele,911.02.149,False,Mortise Bathroom Lockcase 55mm BS 78mm C/C 24 mm Forend 8mm Spindle SS 304 SSM,55mm,,,PC,,2705.0,INR,False,,2026-02-01,Pricelist -2026/HAFELE PRICELIST_MRP revision Eff 1st Feb 2026 (1).pdf,124,911.02.149
hafele,Häfele,911.09.145,False,Mortise Lockcase 60mm BS 85mm C/C 24mm Sq Forend SS 304 ABM,60mm,,,PC,,1850.0,INR,False,,2026-02-01,Pricelist -2026/HAFELE PRICELIST_MRP revision Eff 1st Feb 2026 (1).pdf,124,911.09.145
hafele,Häfele,911.09.146,False,Mortise Lockcase 60mm BS 85mm C/C 24mm Sq Forend SS 304 MBK,60mm,,,PC,,1950.0,INR,False,,2026-02-01,Pricelist -2026/HAFELE PRICELIST_MRP revision Eff 1st Feb 2026 (1).pdf,124,911.09.146
hafele,Häfele,911.09.147,False,Mortise Lockcase 60mm BS 85mm C/C 24mm Sq Forend SS 304 RGPVD,60mm,,,PC,,1950.0,INR,False,,2026-02-01,Pricelist -2026/HAFELE PRICELIST_MRP revision Eff 1st Feb 2026 (1).pdf,124,911.09.147
hafele,Häfele,911.09.149,False,Mortise Lockcase 60mm BS 85mm C/C 24mm Sq Forend SS 304 ANTH,60mm,,,PC,,1950.0,INR,False,,2026-02-01,Pricelist -2026/HAFELE PRICELIST_MRP revision Eff 1st Feb 2026 (1).pdf,124,911.09.149
hafele,Häfele,911.09.144,False,Mortise Lockcase 60mm BS 85mm C/C 24mm Sq Forend SS 304 SSM,60mm,,,PC,,1850.0,INR,False,,2026-02-01,Pricelist -2026/HAFELE PRICELIST_MRP revision Eff 1st Feb 2026 (1).pdf,124,911.09.144
hafele,Häfele,911.09.154,False,Mortise Lockcase 60mm BS 85mm CC.SQ.24mm SSM,60mm,,,PC,,1695.0,INR,False,,2026-02-01,Pricelist -2026/HAFELE PRICELIST_MRP revision Eff 1st Feb 2026 (1).pdf,124,911.09.154
hafele,Häfele,911.18.040,False,Mortise Lockcase Multi Bolt 60mm BS 85mm C/C 24 mm Forend SS 304 SSM,60mm,,,PC,,1745.0,INR,False,,2026-02-01,Pricelist -2026/HAFELE PRICELIST_MRP revision Eff 1st Feb 2026 (1).pdf,124,911.18.040
hafele,Häfele,911.77.591,False,Mortise Lockcase 55mm BS 72mm CN 24mm Fr Double Leaf DIN R SS 304 SSM,55mm,,,PC,,2685.0,INR,False,,2026-02-01,Pricelist -2026/HAFELE PRICELIST_MRP revision Eff 1st Feb 2026 (1).pdf,124,911.77.591
hafele,Häfele,911.77.590,False,Mortise Lockcase 55mm BS 72mm CN 24mm Fr Double Leaf DIN L SS 304 SSM,55mm,,,PC,,2685.0,INR,False,,2026-02-01,Pricelist -2026/HAFELE PRICELIST_MRP revision Eff 1st Feb 2026 (1).pdf,124,911.77.590
hafele,Häfele,911.23.351,False,Mortise Latchcase 55mm BS 24mm Sq Forend SS 304 SSM (Case Size 84x86mm),55mm,,,PC,,1820.0,INR,False,,2026-02-01,Pricelist -2026/HAFELE PRICELIST_MRP revision Eff 1st Feb 2026 (1).pdf,124,911.23.351
hafele,Häfele,911.23.695,False,Mortise Latchcase 55mm BS 24mm Sq Forend SS 304 MBK,55mm,,,PC,,1230.0,INR,False,,2026-02-01,Pricelist -2026/HAFELE PRICELIST_MRP revision Eff 1st Feb 2026 (1).pdf,124,911.23.695
hafele,Häfele,911.23.696,False,Mortise Latchcase 55mm BS 24mm Sq Forend SS 304 ABM,55mm,,,PC,,1130.0,INR,False,,2026-02-01,Pricelist -2026/HAFELE PRICELIST_MRP revision Eff 1st Feb 2026 (1).pdf,124,911.23.696
hafele,Häfele,911.23.698,False,Mortise Latchcase 55mm BS 24mm Sq Forend SS 304 ANTH,55mm,,,PC,,1230.0,INR,False,,2026-02-01,Pricelist -2026/HAFELE PRICELIST_MRP revision Eff 1st Feb 2026 (1).pdf,124,911.23.698
hafele,Häfele,911.23.697,False,Mortise Latchcase 55mm BS 24mm Sq Forend SS 304 RGPVD,55mm,,,PC,,1230.0,INR,False,,2026-02-01,Pricelist -2026/HAFELE PRICELIST_MRP revision Eff 1st Feb 2026 (1).pdf,124,911.23.697
hafele,Häfele,911.23.694,False,Mortise Latchcase 55mm BS 24mm Sq Forend SS 304 SSM,55mm,,,PC,,1130.0,INR,False,,2026-02-01,Pricelist -2026/HAFELE PRICELIST_MRP revision Eff 1st Feb 2026 (1).pdf,124,911.23.694
hafele,Häfele,911.22.490,False,Mortise Dead Lockcase 55mm BS 24mm Forend SS 304 SSM ( Case Size 84x95mm) Fire rated,55mm,,,PC,,1835.0,INR,False,,2026-02-01,Pricelist -2026/HAFELE PRICELIST_MRP revision Eff 1st Feb 2026 (1).pdf,125,911.22.490
hafele,Häfele,911.22.177,False,Mortise Dead Lockcase 55mm BS 24mm Forend SS 304 MBK,55mm,,,PC,,1190.0,INR,False,,2026-02-01,Pricelist -2026/HAFELE PRICELIST_MRP revision Eff 1st Feb 2026 (1).pdf,125,911.22.177
hafele,Häfele,911.22.176,False,Mortise Dead Lockcase 55mm BS 24mm Forend SS 304 ABM,55mm,,,PC,,1090.0,INR,False,,2026-02-01,Pricelist -2026/HAFELE PRICELIST_MRP revision Eff 1st Feb 2026 (1).pdf,125,911.22.176
hafele,Häfele,911.22.179,False,Mortise Dead Lockcase 55mm BS 24mm Forend SS 304 ANTH,55mm,,,PC,,1190.0,INR,False,,2026-02-01,Pricelist -2026/HAFELE PRICELIST_MRP revision Eff 1st Feb 2026 (1).pdf,125,911.22.179
hafele,Häfele,911.22.178,False,Mortise Dead Lockcase 55mm BS 24mm Forend SS 304 RGPVD,55mm,,,PC,,1190.0,INR,False,,2026-02-01,Pricelist -2026/HAFELE PRICELIST_MRP revision Eff 1st Feb 2026 (1).pdf,125,911.22.178
hafele,Häfele,911.22.175,False,Mortise Dead Lockcase 55mm BS 24mm Forend SS 304 SSM,55mm,,,PC,,1090.0,INR,False,,2026-02-01,Pricelist -2026/HAFELE PRICELIST_MRP revision Eff 1st Feb 2026 (1).pdf,125,911.22.175
hafele,Häfele,911.22.550,False,Mortise Dead Lockcase 55mm BS 24mm Forend SS 304 SSM Fire rated,55mm,,,PC,,2415.0,INR,False,,2026-02-01,Pricelist -2026/HAFELE PRICELIST_MRP revision Eff 1st Feb 2026 (1).pdf,125,911.22.550
hafele,Häfele,911.24.008,False,Mortise Roller Latch Lock 45mm BS 85mm C/C 24mm Forend SS 304 SSM,45mm,,,PC,,2735.0,INR,False,,2026-02-01,Pricelist -2026/HAFELE PRICELIST_MRP revision Eff 1st Feb 2026 (1).pdf,125,911.24.008
hafele,Häfele,911.77.292,False,Narrow Sash Lock 30 mm BS 30mm C/C 92mm 24 mm Forend DIN L/R SS 304 SSM,30 mm,,,PC,,2935.0,INR,False,,2026-02-01,Pricelist -2026/HAFELE PRICELIST_MRP revision Eff 1st Feb 2026 (1).pdf,125,911.77.292
hafele,Häfele,911.77.470,False,Narrow Sash Lock 30 mm BS 30mm C/C 92mm 24 mm Forend DIN L/R SS 304 MBK,30 mm,,,PC,,3005.0,INR,False,,2026-02-01,Pricelist -2026/HAFELE PRICELIST_MRP revision Eff 1st Feb 2026 (1).pdf,125,911.77.470
hafele,Häfele,911.77.296,False,Narrow Sash Lock 35 mm BS 30mm C/C 92mm 24 mm Forend DIN L/R SS 304 SSM,35 mm,,,PC,,2985.0,INR,False,,2026-02-01,Pricelist -2026/HAFELE PRICELIST_MRP revision Eff 1st Feb 2026 (1).pdf,125,911.77.296
hafele,Häfele,911.77.471,False,Narrow Sash Lock 35 mm BS 30mm C/C 92mm 24 mm Forend DIN L/R SS 304 MBK,35 mm,,,PC,,3060.0,INR,False,,2026-02-01,Pricelist -2026/HAFELE PRICELIST_MRP revision Eff 1st Feb 2026 (1).pdf,125,911.77.471
hafele,Häfele,911.77.293,False,Narrow Latch Case BS 30mm C/C 92mm  24 mm Forend SS 304 SSM,30mm,,,PC,,2750.0,INR,False,,2026-02-01,Pricelist -2026/HAFELE PRICELIST_MRP revision Eff 1st Feb 2026 (1).pdf,125,911.77.293
hafele,Häfele,911.77.474,False,Narrow Latch Case BS 30mm C/C 92mm  24 mm Forend SS 304 MBK,30mm,,,PC,,2620.0,INR,False,,2026-02-01,Pricelist -2026/HAFELE PRICELIST_MRP revision Eff 1st Feb 2026 (1).pdf,125,911.77.474
hafele,Häfele,911.77.297,False,Narrow Latch Case BS 35mm C/C 92mm  24 mm Forend SS 304 SSM,35mm,,,PC,,2490.0,INR,False,,2026-02-01,Pricelist -2026/HAFELE PRICELIST_MRP revision Eff 1st Feb 2026 (1).pdf,125,911.77.297
hafele,Häfele,911.77.475,False,Narrow Latch Case BS 35mm C/C 92mm  24 mm Forend SS 304 MBK,35mm,,,PC,,2620.0,INR,False,,2026-02-01,Pricelist -2026/HAFELE PRICELIST_MRP revision Eff 1st Feb 2026 (1).pdf,125,911.77.475
hafele,Häfele,911.77.294,False,Narrow Dead Lock BS 30mm C/C 92mm 24mm Forend SS 304 SSM,30mm,,,PC,,2655.0,INR,False,,2026-02-01,Pricelist -2026/HAFELE PRICELIST_MRP revision Eff 1st Feb 2026 (1).pdf,125,911.77.294
hafele,Häfele,911.77.472,False,Narrow Dead Lock BS 30mm C/C 92mm 24mm Forend SS 304 MBK,30mm,,,PC,,2865.0,INR,False,,2026-02-01,Pricelist -2026/HAFELE PRICELIST_MRP revision Eff 1st Feb 2026 (1).pdf,125,911.77.472
hafele,Häfele,911.77.298,False,Narrow Dead Lock BS 35mm C/C 92mm 24mm Forend SS 304 SSM,35mm,,,PC,,2715.0,INR,False,,2026-02-01,Pricelist -2026/HAFELE PRICELIST_MRP revision Eff 1st Feb 2026 (1).pdf,125,911.77.298
hafele,Häfele,911.77.473,False,Narrow Dead Lock BS 35mm C/C 92mm 24mm Forend SS 304 MBK,35mm,,,PC,,2935.0,INR,False,,2026-02-01,Pricelist -2026/HAFELE PRICELIST_MRP revision Eff 1st Feb 2026 (1).pdf,125,911.77.473
hafele,Häfele,911.26.277,False,Double Hook Lock 40mm BS 2Turns 22 mm Forend SSM SS 304,40mm,,,PC,,2450.0,INR,False,,2026-02-01,Pricelist -2026/HAFELE PRICELIST_MRP revision Eff 1st Feb 2026 (1).pdf,126,911.26.277
hafele,Häfele,911.26.306,False,Hook Lock For Sliding 55mm BS 1Turn 20mm Forend SSM SS 304,55mm,,,PC,,2210.0,INR,False,,2026-02-01,Pricelist -2026/HAFELE PRICELIST_MRP revision Eff 1st Feb 2026 (1).pdf,126,911.26.306
hafele,Häfele,911.26.096,False,Mortise Sliding Lockcase 50mm BS 16mm Forend SS 304 NM,50mm,,,PC,,6530.0,INR,False,,2026-02-01,Pricelist -2026/HAFELE PRICELIST_MRP revision Eff 1st Feb 2026 (1).pdf,126,911.26.096
hafele,Häfele,499.10.253,False,Mortise Sliding Lockcase 45mm BS With Oval Flush Handle For WC Function 16mm Forend NM,45mm,,,PC,,5530.0,INR,False,,2026-02-01,Pricelist -2026/HAFELE PRICELIST_MRP revision Eff 1st Feb 2026 (1).pdf,126,499.10.253
hafele,Häfele,911.22.511,False,Mortise Privacy Dead Lock 55mm BS 24mm Forend 8mm Spindle SS 304 SSM,55mm,,,PC,,2140.0,INR,False,,2026-02-01,Pricelist -2026/HAFELE PRICELIST_MRP revision Eff 1st Feb 2026 (1).pdf,126,911.22.511
hafele,Häfele,911.22.612,False,Shaft Door Lock  SS 304  SSM with locking sleeve and key,,,,PC,,1185.0,INR,False,,2026-02-01,Pricelist -2026/HAFELE PRICELIST_MRP revision Eff 1st Feb 2026 (1).pdf,126,911.22.612
hafele,Häfele,911.22.613,False,Toiled Dead Lock 8mm Follower SS 304  SSM,8mm,,,PC,,1095.0,INR,False,,2026-02-01,Pricelist -2026/HAFELE PRICELIST_MRP revision Eff 1st Feb 2026 (1).pdf,126,911.22.613
hafele,Häfele,911.22.404,False,Toilet Indicator Bolt (Thumb Turn Inside + Indicator & Emergency Release Outside)SS 304 SSM,,,,PR,,2840.0,INR,False,,2026-02-01,Pricelist -2026/HAFELE PRICELIST_MRP revision Eff 1st Feb 2026 (1).pdf,126,911.22.404
hafele,Häfele,911.58.258,False,Vigor Night Latch Lock With Knob On Inside I/O Dr Thickness 30 to 85mm With 5 Dimple Keys SN Pc,85mm,,,,,3710.0,INR,False,,2026-02-01,Pricelist -2026/HAFELE PRICELIST_MRP revision Eff 1st Feb 2026 (1).pdf,126,911.58.258
hafele,Häfele,911.58.259,False,Vigor Night Latch Lock With Knob On Inside I/O Dr Thickness 30 to 85mm With 5 Dimple Keys AB,85mm,,,PC,,3740.0,INR,False,,2026-02-01,Pricelist -2026/HAFELE PRICELIST_MRP revision Eff 1st Feb 2026 (1).pdf,126,911.58.259
hafele,Häfele,911.58.266,False,Vigor Night Latch Lock With Knob On Inside I/O Dr Thickness 30 to 85mm With 3 Regular Keys SN,85mm,,,PC,,2395.0,INR,False,,2026-02-01,Pricelist -2026/HAFELE PRICELIST_MRP revision Eff 1st Feb 2026 (1).pdf,126,911.58.266
hafele,Häfele,911.58.267,False,Vigor Night Latch Lock With Knob On Inside I/O Dr Thickness 30 to 85mm With 3 Regular Keys AB,85mm,,,PC,,2660.0,INR,False,,2026-02-01,Pricelist -2026/HAFELE PRICELIST_MRP revision Eff 1st Feb 2026 (1).pdf,126,911.58.267
hafele,Häfele,911.58.250,False,Secure Vertibolt Lock Dr Thickness 30 to 85mm With 5 Dimple Keys SN,85mm,,,PC,,3815.0,INR,False,,2026-02-01,Pricelist -2026/HAFELE PRICELIST_MRP revision Eff 1st Feb 2026 (1).pdf,126,911.58.250
hafele,Häfele,911.58.251,False,Secure Vertibolt Lock Dr Thickness 30 to 85mm With 5 Dimple Keys AB,85mm,,,PC,,4160.0,INR,False,,2026-02-01,Pricelist -2026/HAFELE PRICELIST_MRP revision Eff 1st Feb 2026 (1).pdf,126,911.58.251
hafele,Häfele,916.88.838,False,Euro Profile Double Cylinder (K+K) 62MM ABM,62MM,,,PC,,1400.0,INR,False,,2026-02-01,Pricelist -2026/HAFELE PRICELIST_MRP revision Eff 1st Feb 2026 (1).pdf,127,916.88.838
hafele,Häfele,916.88.840,False,Euro Profile Double Cylinder (K+K) 62MM ANTH,62MM,,,PC,,1460.0,INR,False,,2026-02-01,Pricelist -2026/HAFELE PRICELIST_MRP revision Eff 1st Feb 2026 (1).pdf,127,916.88.840
hafele,Häfele,916.88.839,False,Euro Profile Double Cylinder (K+K) 62MM MBK,62MM,,,PC,,1460.0,INR,False,,2026-02-01,Pricelist -2026/HAFELE PRICELIST_MRP revision Eff 1st Feb 2026 (1).pdf,127,916.88.839
hafele,Häfele,916.88.837,False,Euro Profile Double Cylinder (K+K) 62MM NM,62MM,,,PC,,1400.0,INR,False,,2026-02-01,Pricelist -2026/HAFELE PRICELIST_MRP revision Eff 1st Feb 2026 (1).pdf,127,916.88.837
hafele,Häfele,916.88.842,False,Euro Profile Double Cylinder(K+K)62MM RGPVD,62MM,,,PC,,1460.0,INR,False,,2026-02-01,Pricelist -2026/HAFELE PRICELIST_MRP revision Eff 1st Feb 2026 (1).pdf,127,916.88.842
hafele,Häfele,916.88.844,False,Euro Profile Double Cylinder (K+K) 70MM ABM,70MM,,,PC,,1460.0,INR,False,,2026-02-01,Pricelist -2026/HAFELE PRICELIST_MRP revision Eff 1st Feb 2026 (1).pdf,127,916.88.844
hafele,Häfele,916.88.846,False,Euro Profile Double Cylinder (K+K) 70MM ANTH,70MM,,,PC,,1515.0,INR,False,,2026-02-01,Pricelist -2026/HAFELE PRICELIST_MRP revision Eff 1st Feb 2026 (1).pdf,127,916.88.846
hafele,Häfele,916.88.843,False,Euro Profile Double Cylinder (K+K) 70MM NM,70MM,,,PC,,1460.0,INR,False,,2026-02-01,Pricelist -2026/HAFELE PRICELIST_MRP revision Eff 1st Feb 2026 (1).pdf,127,916.88.843
hafele,Häfele,916.88.845,False,Euro Profile Double Cylinder(K+K)70MM MBK,70MM,,,PC,,1515.0,INR,False,,2026-02-01,Pricelist -2026/HAFELE PRICELIST_MRP revision Eff 1st Feb 2026 (1).pdf,127,916.88.845
hafele,Häfele,916.88.848,False,Euro Profile Double Cylinder(K+K)70MM RGPVD,70MM,,,PC,,1350.0,INR,False,,2026-02-01,Pricelist -2026/HAFELE PRICELIST_MRP revision Eff 1st Feb 2026 (1).pdf,127,916.88.848
hafele,Häfele,916.88.850,False,Euro Profile Double Cylinder(K+K)80MM ABM,80MM,,,PC,,1515.0,INR,False,,2026-02-01,Pricelist -2026/HAFELE PRICELIST_MRP revision Eff 1st Feb 2026 (1).pdf,127,916.88.850
hafele,Häfele,916.88.852,False,Euro Profile Double Cylinder(K+K)80MM ANTH,80MM,,,PC,,1570.0,INR,False,,2026-02-01,Pricelist -2026/HAFELE PRICELIST_MRP revision Eff 1st Feb 2026 (1).pdf,127,916.88.852
hafele,Häfele,916.88.851,False,Euro Profile Double Cylinder(K+K)80MM MBK,80MM,,,PC,,1570.0,INR,False,,2026-02-01,Pricelist -2026/HAFELE PRICELIST_MRP revision Eff 1st Feb 2026 (1).pdf,127,916.88.851
hafele,Häfele,916.88.849,False,Euro Profile Double Cylinder(K+K)80MM NM,80MM,,,PC,,1515.0,INR,False,,2026-02-01,Pricelist -2026/HAFELE PRICELIST_MRP revision Eff 1st Feb 2026 (1).pdf,127,916.88.849
hafele,Häfele,916.88.854,False,Euro Profile Double Cylinder(K+K)80MM RGPVD,80MM,,,PC,,1570.0,INR,False,,2026-02-01,Pricelist -2026/HAFELE PRICELIST_MRP revision Eff 1st Feb 2026 (1).pdf,127,916.88.854
hafele,Häfele,916.88.856,False,Euro Profile Double Cylinder(K+K)90MM ABM,90MM,,,PC,,1570.0,INR,False,,2026-02-01,Pricelist -2026/HAFELE PRICELIST_MRP revision Eff 1st Feb 2026 (1).pdf,127,916.88.856
hafele,Häfele,916.88.858,False,Euro Profile Double Cylinder(K+K)90MM ANTH,90MM,,,PC,,1625.0,INR,False,,2026-02-01,Pricelist -2026/HAFELE PRICELIST_MRP revision Eff 1st Feb 2026 (1).pdf,127,916.88.858
hafele,Häfele,916.88.857,False,Euro Profile Double Cylinder(K+K)90MM MBK,90MM,,,PC,,1625.0,INR,False,,2026-02-01,Pricelist -2026/HAFELE PRICELIST_MRP revision Eff 1st Feb 2026 (1).pdf,127,916.88.857
hafele,Häfele,916.88.855,False,Euro Profile Double Cylinder(K+K)90MM NM,90MM,,,PC,,1570.0,INR,False,,2026-02-01,Pricelist -2026/HAFELE PRICELIST_MRP revision Eff 1st Feb 2026 (1).pdf,127,916.88.855
hafele,Häfele,916.88.860,False,Euro Profile Double Cylinder(K+K)90MM RGPVD,90MM,,,PC,,1625.0,INR,False,,2026-02-01,Pricelist -2026/HAFELE PRICELIST_MRP revision Eff 1st Feb 2026 (1).pdf,127,916.88.860
hafele,Häfele,916.88.862,False,Euro Profile Double Cylinder(K+K)100MM ABM,100MM,,,PC,,1450.0,INR,False,,2026-02-01,Pricelist -2026/HAFELE PRICELIST_MRP revision Eff 1st Feb 2026 (1).pdf,127,916.88.862
hafele,Häfele,916.88.864,False,Euro Profile Double Cylinder(K+K)100MM ANTH,100MM,,,PC,,1500.0,INR,False,,2026-02-01,Pricelist -2026/HAFELE PRICELIST_MRP revision Eff 1st Feb 2026 (1).pdf,127,916.88.864
hafele,Häfele,916.88.863,False,Euro Profile Double Cylinder(K+K)100MM MBK,100MM,,,PC,,1680.0,INR,False,,2026-02-01,Pricelist -2026/HAFELE PRICELIST_MRP revision Eff 1st Feb 2026 (1).pdf,127,916.88.863
hafele,Häfele,916.88.861,False,Euro Profile Double Cylinder(K+K)100MM NM,100MM,,,PC,,1625.0,INR,False,,2026-02-01,Pricelist -2026/HAFELE PRICELIST_MRP revision Eff 1st Feb 2026 (1).pdf,127,916.88.861
hafele,Häfele,916.88.866,False,Euro Profile Double Cylinder(K+K)100MM RGPVD,100MM,,,PC,,1500.0,INR,False,,2026-02-01,Pricelist -2026/HAFELE PRICELIST_MRP revision Eff 1st Feb 2026 (1).pdf,127,916.88.866
hafele,Häfele,916.88.806,False,Euro Profile Thumbturn Cylinder (T+K) 62MM ABM,62MM,,,PC,,1460.0,INR,False,,2026-02-01,Pricelist -2026/HAFELE PRICELIST_MRP revision Eff 1st Feb 2026 (1).pdf,128,916.88.806
hafele,Häfele,916.88.807,False,Euro Profile Thumbturn Cylinder (T+K) 62MM ANTH,62MM,,,PC,,1515.0,INR,False,,2026-02-01,Pricelist -2026/HAFELE PRICELIST_MRP revision Eff 1st Feb 2026 (1).pdf,128,916.88.807
hafele,Häfele,916.88.808,False,Euro Profile Thumbturn Cylinder (T+K) 62MM MBK,62MM,,,PC,,1515.0,INR,False,,2026-02-01,Pricelist -2026/HAFELE PRICELIST_MRP revision Eff 1st Feb 2026 (1).pdf,128,916.88.808
hafele,Häfele,916.88.805,False,Euro Profile Thumbturn Cylinder (T+K) 62MM NM,62MM,,,PC,,1460.0,INR,False,,2026-02-01,Pricelist -2026/HAFELE PRICELIST_MRP revision Eff 1st Feb 2026 (1).pdf,128,916.88.805
hafele,Häfele,916.88.810,False,Euro Profile Thumbturn Cylinder (T+K) 62MM RGPVD,62MM,,,PC,,1515.0,INR,False,,2026-02-01,Pricelist -2026/HAFELE PRICELIST_MRP revision Eff 1st Feb 2026 (1).pdf,128,916.88.810
hafele,Häfele,916.88.811,False,Euro Profile Thumbturn Cylinder (T+K) 70MM ABM,70MM,,,PC,,1515.0,INR,False,,2026-02-01,Pricelist -2026/HAFELE PRICELIST_MRP revision Eff 1st Feb 2026 (1).pdf,128,916.88.811
hafele,Häfele,916.88.812,False,Euro Profile Thumbturn Cylinder (T+K) 70MM ANTH,70MM,,,PC,,1570.0,INR,False,,2026-02-01,Pricelist -2026/HAFELE PRICELIST_MRP revision Eff 1st Feb 2026 (1).pdf,128,916.88.812
hafele,Häfele,916.88.813,False,Euro Profile Thumbturn Cylinder (T+K) 70MM MBK,70MM,,,PC,,1570.0,INR,False,,2026-02-01,Pricelist -2026/HAFELE PRICELIST_MRP revision Eff 1st Feb 2026 (1).pdf,128,916.88.813
hafele,Häfele,916.88.815,False,Euro Profile Thumbturn Cylinder (T+K) 70MM NM,70MM,,,PC,,1515.0,INR,False,,2026-02-01,Pricelist -2026/HAFELE PRICELIST_MRP revision Eff 1st Feb 2026 (1).pdf,128,916.88.815
hafele,Häfele,916.88.818,False,Euro Profile Thumbturn Cylinder (T+K) 70MM RGPVD,70MM,,,PC,,1570.0,INR,False,,2026-02-01,Pricelist -2026/HAFELE PRICELIST_MRP revision Eff 1st Feb 2026 (1).pdf,128,916.88.818
hafele,Häfele,916.88.816,False,Euro Profile Thumbturn Cylinder (T+K) 80MM ABM,80MM,,,PC,,1570.0,INR,False,,2026-02-01,Pricelist -2026/HAFELE PRICELIST_MRP revision Eff 1st Feb 2026 (1).pdf,128,916.88.816
hafele,Häfele,916.88.820,False,Euro Profile Thumbturn Cylinder (T+K) 80MM ANTH,80MM,,,PC,,1625.0,INR,False,,2026-02-01,Pricelist -2026/HAFELE PRICELIST_MRP revision Eff 1st Feb 2026 (1).pdf,128,916.88.820
hafele,Häfele,916.88.819,False,Euro Profile Thumbturn Cylinder(T+K) 80MM MBK,80MM,,,PC,,1625.0,INR,False,,2026-02-01,Pricelist -2026/HAFELE PRICELIST_MRP revision Eff 1st Feb 2026 (1).pdf,128,916.88.819
hafele,Häfele,916.88.822,False,Euro Profile Thumbturn Cylinder(T+K) 80MM RGPVD,80MM,,,PC,,1625.0,INR,False,,2026-02-01,Pricelist -2026/HAFELE PRICELIST_MRP revision Eff 1st Feb 2026 (1).pdf,128,916.88.822
hafele,Häfele,916.88.817,False,Euro Profile Thumbutrn Cylinder (T+K) 80MM NM,80MM,,,PC,,1570.0,INR,False,,2026-02-01,Pricelist -2026/HAFELE PRICELIST_MRP revision Eff 1st Feb 2026 (1).pdf,128,916.88.817
hafele,Häfele,916.88.824,False,Euro Profile Thumbturn Cylinder(T+K) 90MM ABM,90MM,,,PC,,1625.0,INR,False,,2026-02-01,Pricelist -2026/HAFELE PRICELIST_MRP revision Eff 1st Feb 2026 (1).pdf,128,916.88.824
hafele,Häfele,916.88.826,False,Euro Profile Thumbturn Cylinder(T+K) 90MM ANTH,90MM,,,PC,,1680.0,INR,False,,2026-02-01,Pricelist -2026/HAFELE PRICELIST_MRP revision Eff 1st Feb 2026 (1).pdf,128,916.88.826
hafele,Häfele,916.88.825,False,Euro Profile Thumbturn Cylinder(T+K) 90MM MBK,90MM,,,PC,,1680.0,INR,False,,2026-02-01,Pricelist -2026/HAFELE PRICELIST_MRP revision Eff 1st Feb 2026 (1).pdf,128,916.88.825
hafele,Häfele,916.88.823,False,Euro Profile Thumbturn Cylinder(T+K) 90MM NM,90MM,,,PC,,1625.0,INR,False,,2026-02-01,Pricelist -2026/HAFELE PRICELIST_MRP revision Eff 1st Feb 2026 (1).pdf,128,916.88.823
hafele,Häfele,916.88.828,False,Euro Profile Thumbturn Cylinder(T+K) 90MM RGPVD,90MM,,,PC,,1680.0,INR,False,,2026-02-01,Pricelist -2026/HAFELE PRICELIST_MRP revision Eff 1st Feb 2026 (1).pdf,128,916.88.828
hafele,Häfele,916.88.830,False,Euro Profile Thumbturn Cylinder(T+K) 100MM ABM,100MM,,,PC,,1680.0,INR,False,,2026-02-01,Pricelist -2026/HAFELE PRICELIST_MRP revision Eff 1st Feb 2026 (1).pdf,128,916.88.830
hafele,Häfele,916.88.832,False,Euro Profile Thumbturn Cylinder(T+K) 100MM ANTH,100MM,,,PC,,1740.0,INR,False,,2026-02-01,Pricelist -2026/HAFELE PRICELIST_MRP revision Eff 1st Feb 2026 (1).pdf,128,916.88.832
hafele,Häfele,916.88.831,False,Euro Profile Thumbturn Cylinder(T+K) 100MM MBK,100MM,,,PC,,1740.0,INR,False,,2026-02-01,Pricelist -2026/HAFELE PRICELIST_MRP revision Eff 1st Feb 2026 (1).pdf,128,916.88.831
hafele,Häfele,916.88.829,False,Euro Profile Thumbturn Cylinder(T+K) 100MM NM,100MM,,,PC,,1680.0,INR,False,,2026-02-01,Pricelist -2026/HAFELE PRICELIST_MRP revision Eff 1st Feb 2026 (1).pdf,128,916.88.829
hafele,Häfele,916.88.834,False,Euro Profile Thumbturn Cylinder(T+K) 100MM RGPVD,100MM,,,PC,,1740.0,INR,False,,2026-02-01,Pricelist -2026/HAFELE PRICELIST_MRP revision Eff 1st Feb 2026 (1).pdf,128,916.88.834
hafele,Häfele,916.88.868,False,Euro Profile SINGLE Cylinder WITH KEY 31+10MM ABM,10MM,,,PC,,1120.0,INR,False,,2026-02-01,Pricelist -2026/HAFELE PRICELIST_MRP revision Eff 1st Feb 2026 (1).pdf,129,916.88.868
hafele,Häfele,916.88.869,False,Euro Profile SINGLE Cylinder WITH KEY 31+10MM MBK,10MM,,,PC,,1180.0,INR,False,,2026-02-01,Pricelist -2026/HAFELE PRICELIST_MRP revision Eff 1st Feb 2026 (1).pdf,129,916.88.869
hafele,Häfele,916.88.867,False,Euro Profile SINGLE Cylinder WITH KEY 31+10MM NM,10MM,,,PC,,1120.0,INR,False,,2026-02-01,Pricelist -2026/HAFELE PRICELIST_MRP revision Eff 1st Feb 2026 (1).pdf,129,916.88.867
hafele,Häfele,916.88.871,False,Euro Profile SINGLE Cylinder WITH KEY 35+10MM ABM,10MM,,,PC,,1235.0,INR,False,,2026-02-01,Pricelist -2026/HAFELE PRICELIST_MRP revision Eff 1st Feb 2026 (1).pdf,129,916.88.871
hafele,Häfele,916.88.872,False,Euro Profile SINGLE Cylinder WITH KEY 35+10MM MBK,10MM,,,PC,,1290.0,INR,False,,2026-02-01,Pricelist -2026/HAFELE PRICELIST_MRP revision Eff 1st Feb 2026 (1).pdf,129,916.88.872
hafele,Häfele,916.88.870,False,Euro Profile SINGLE Cylinder WITH KEY 35+10MM NM,10MM,,,PC,,1235.0,INR,False,,2026-02-01,Pricelist -2026/HAFELE PRICELIST_MRP revision Eff 1st Feb 2026 (1).pdf,129,916.88.870
hafele,Häfele,916.88.874,False,Euro Profile SINGLE Cylinder WITH KEY 40+10MM ABM,10MM,,,PC,,1345.0,INR,False,,2026-02-01,Pricelist -2026/HAFELE PRICELIST_MRP revision Eff 1st Feb 2026 (1).pdf,129,916.88.874
hafele,Häfele,916.88.875,False,Euro Profile SINGLE Cylinder WITH KEY 40+10MM MBK,10MM,,,PC,,1400.0,INR,False,,2026-02-01,Pricelist -2026/HAFELE PRICELIST_MRP revision Eff 1st Feb 2026 (1).pdf,129,916.88.875
hafele,Häfele,916.88.873,False,Euro Profile SINGLE Cylinder WITH KEY 40+10MM NM,10MM,,,PC,,1345.0,INR,False,,2026-02-01,Pricelist -2026/HAFELE PRICELIST_MRP revision Eff 1st Feb 2026 (1).pdf,129,916.88.873
hafele,Häfele,916.88.877,False,Euro Profile SINGLE Cylinder WITH KNOB 31+10MM ABM,10MM,,,PC,,1120.0,INR,False,,2026-02-01,Pricelist -2026/HAFELE PRICELIST_MRP revision Eff 1st Feb 2026 (1).pdf,129,916.88.877
hafele,Häfele,916.88.878,False,Euro Profile SINGLE Cylinder WITH KNOB 31+10MM MBK,10MM,,,PC,,1180.0,INR,False,,2026-02-01,Pricelist -2026/HAFELE PRICELIST_MRP revision Eff 1st Feb 2026 (1).pdf,129,916.88.878
hafele,Häfele,916.88.876,False,Euro Profile SINGLE Cylinder WITH KNOB 31+10MM NM,10MM,,,PC,,1120.0,INR,False,,2026-02-01,Pricelist -2026/HAFELE PRICELIST_MRP revision Eff 1st Feb 2026 (1).pdf,129,916.88.876
hafele,Häfele,916.88.880,False,Euro Profile SINGLE Cylinder WITH KNOB 35+10MM ABM,10MM,,,PC,,1235.0,INR,False,,2026-02-01,Pricelist -2026/HAFELE PRICELIST_MRP revision Eff 1st Feb 2026 (1).pdf,129,916.88.880
hafele,Häfele,916.88.881,False,Euro Profile SINGLE Cylinder WITH KNOB 35+10MM MBK,10MM,,,PC,,1290.0,INR,False,,2026-02-01,Pricelist -2026/HAFELE PRICELIST_MRP revision Eff 1st Feb 2026 (1).pdf,129,916.88.881
hafele,Häfele,916.88.879,False,Euro Profile SINGLE Cylinder WITH KNOB 35+10MM NM,10MM,,,PC,,1235.0,INR,False,,2026-02-01,Pricelist -2026/HAFELE PRICELIST_MRP revision Eff 1st Feb 2026 (1).pdf,129,916.88.879
hafele,Häfele,916.88.883,False,Euro Profile SINGLE Cylinder WITH KNOB 40+10MM ABM,10MM,,,PC,,1345.0,INR,False,,2026-02-01,Pricelist -2026/HAFELE PRICELIST_MRP revision Eff 1st Feb 2026 (1).pdf,129,916.88.883
hafele,Häfele,916.88.884,False,Euro Profile SINGLE Cylinder WITH KNOB 40+10MM MBK,10MM,,,PC,,1400.0,INR,False,,2026-02-01,Pricelist -2026/HAFELE PRICELIST_MRP revision Eff 1st Feb 2026 (1).pdf,129,916.88.884
hafele,Häfele,916.88.882,False,Euro Profile SINGLE Cylinder WITH KNOB 40+10MM NM,10MM,,,PC,,1345.0,INR,False,,2026-02-01,Pricelist -2026/HAFELE PRICELIST_MRP revision Eff 1st Feb 2026 (1).pdf,129,916.88.882
hafele,Häfele,916.88.886,False,Euro Profile PRIVACY Cylinder (T+EM) COINRELEASE 62MM ABM,62MM,,,PC,,1290.0,INR,False,,2026-02-01,Pricelist -2026/HAFELE PRICELIST_MRP revision Eff 1st Feb 2026 (1).pdf,129,916.88.886
hafele,Häfele,916.88.888,False,Euro Profile PRIVACY Cylinder (T+EM) COINRELEASE 62MM ANTH,62MM,,,PC,,1345.0,INR,False,,2026-02-01,Pricelist -2026/HAFELE PRICELIST_MRP revision Eff 1st Feb 2026 (1).pdf,129,916.88.888
hafele,Häfele,916.88.887,False,Euro Profile PRIVACY Cylinder (T+EM) COINRELEASE 62MM MBK,62MM,,,PC,,1345.0,INR,False,,2026-02-01,Pricelist -2026/HAFELE PRICELIST_MRP revision Eff 1st Feb 2026 (1).pdf,129,916.88.887
hafele,Häfele,916.88.885,False,Euro Profile PRIVACY Cylinder (T+EM) COINRELEASE 62MM NM,62MM,,,PC,,1290.0,INR,False,,2026-02-01,Pricelist -2026/HAFELE PRICELIST_MRP revision Eff 1st Feb 2026 (1).pdf,129,916.88.885
hafele,Häfele,916.88.890,False,Euro Profile PRIVACY Cylinder (T+EM) COINRELEASE 62MM RGPVD,62MM,,,PC,,1345.0,INR,False,,2026-02-01,Pricelist -2026/HAFELE PRICELIST_MRP revision Eff 1st Feb 2026 (1).pdf,129,916.88.890
hafele,Häfele,916.88.892,False,Euro Profile PRIVACY Cylinder (T+EM) COINRELEASE 70MM ABM,70MM,,,PC,,1345.0,INR,False,,2026-02-01,Pricelist -2026/HAFELE PRICELIST_MRP revision Eff 1st Feb 2026 (1).pdf,129,916.88.892
hafele,Häfele,916.88.894,False,Euro Profile PRIVACY Cylinder (T+EM) COINRELEASE 70MM ANTH,70MM,,,PC,,1400.0,INR,False,,2026-02-01,Pricelist -2026/HAFELE PRICELIST_MRP revision Eff 1st Feb 2026 (1).pdf,129,916.88.894
hafele,Häfele,916.88.893,False,Euro Profile PRIVACY Cylinder (T+EM) COINRELEASE 70MM MBK,70MM,,,PC,,1400.0,INR,False,,2026-02-01,Pricelist -2026/HAFELE PRICELIST_MRP revision Eff 1st Feb 2026 (1).pdf,129,916.88.893
hafele,Häfele,916.88.891,False,Euro Profile PRIVACY Cylinder (T+EM) COINRELEASE 70MM NM,70MM,,,PC,,1345.0,INR,False,,2026-02-01,Pricelist -2026/HAFELE PRICELIST_MRP revision Eff 1st Feb 2026 (1).pdf,129,916.88.891
hafele,Häfele,916.88.896,False,Euro Profile PRIVACY Cylinder(T+EM)COINRELEASE70MMRGPVD,,,,PC,,1400.0,INR,False,,2026-02-01,Pricelist -2026/HAFELE PRICELIST_MRP revision Eff 1st Feb 2026 (1).pdf,129,916.88.896
hafele,Häfele,916.88.458,False,Euro Profile DIMPLE KEY Double Cylinder(K+K)62MM ABM,62MM,,,PC,,1515.0,INR,False,,2026-02-01,Pricelist -2026/HAFELE PRICELIST_MRP revision Eff 1st Feb 2026 (1).pdf,129,916.88.458
hafele,Häfele,916.88.467,False,Euro Profile DIMPLE KEY Double Cylinder(K+K)62MM ANTH,62MM,,,PC,,1400.0,INR,False,,2026-02-01,Pricelist -2026/HAFELE PRICELIST_MRP revision Eff 1st Feb 2026 (1).pdf,129,916.88.467
hafele,Häfele,916.88.459,False,Euro Profile DIMPLE KEY Double Cylinder(K+K)62MM MBK,62MM,,,PC,,1570.0,INR,False,,2026-02-01,Pricelist -2026/HAFELE PRICELIST_MRP revision Eff 1st Feb 2026 (1).pdf,129,916.88.459
hafele,Häfele,916.88.462,False,Euro Profile DIMPLE KEY Double Cylinder(K+K)62MM NM,62MM,,,PC,,1515.0,INR,False,,2026-02-01,Pricelist -2026/HAFELE PRICELIST_MRP revision Eff 1st Feb 2026 (1).pdf,129,916.88.462
hafele,Häfele,916.88.465,False,Euro Profile DIMPLE KEY Double Cylinder(K+K)62MM RGPVD,62MM,,,PC,,1570.0,INR,False,,2026-02-01,Pricelist -2026/HAFELE PRICELIST_MRP revision Eff 1st Feb 2026 (1).pdf,129,916.88.465
hafele,Häfele,916.88.463,False,Euro Profile DIMPLE KEY Double Cylinder(K+K)70MM ABM,70MM,,,PC,,1570.0,INR,False,,2026-02-01,Pricelist -2026/HAFELE PRICELIST_MRP revision Eff 1st Feb 2026 (1).pdf,129,916.88.463
hafele,Häfele,916.88.468,False,Euro Profile DIMPLE KEY Double Cylinder(K+K)70MM ANTH,70MM,,,PC,,1625.0,INR,False,,2026-02-01,Pricelist -2026/HAFELE PRICELIST_MRP revision Eff 1st Feb 2026 (1).pdf,129,916.88.468
hafele,Häfele,916.88.469,False,Euro Profile DIMPLE KEY Double Cylinder(K+K)70MM MBK,70MM,,,PC,,1625.0,INR,False,,2026-02-01,Pricelist -2026/HAFELE PRICELIST_MRP revision Eff 1st Feb 2026 (1).pdf,129,916.88.469
hafele,Häfele,916.88.464,False,Euro Profile DIMPLE KEY Double Cylinder(K+K)70MM NM,70MM,,,PC,,1570.0,INR,False,,2026-02-01,Pricelist -2026/HAFELE PRICELIST_MRP revision Eff 1st Feb 2026 (1).pdf,129,916.88.464
hafele,Häfele,916.88.471,False,Euro Profile DIMPLE KEY Double Cylinder(K+K)70MM RGPVD,70MM,,,PC,,1625.0,INR,False,,2026-02-01,Pricelist -2026/HAFELE PRICELIST_MRP revision Eff 1st Feb 2026 (1).pdf,129,916.88.471
hafele,Häfele,916.88.474,False,Euro Profile DIMPLE KEY Double Cylinder(K+K)80MM ABM,80MM,,,PC,,1625.0,INR,False,,2026-02-01,Pricelist -2026/HAFELE PRICELIST_MRP revision Eff 1st Feb 2026 (1).pdf,129,916.88.474
hafele,Häfele,916.88.473,False,Euro Profile DIMPLE KEY Double Cylinder(K+K)80MM ANTH,80MM,,,PC,,1680.0,INR,False,,2026-02-01,Pricelist -2026/HAFELE PRICELIST_MRP revision Eff 1st Feb 2026 (1).pdf,129,916.88.473
hafele,Häfele,916.88.476,False,Euro Profile DIMPLE KEY Double Cylinder(K+K)80MM MBK,80MM,,,PC,,1680.0,INR,False,,2026-02-01,Pricelist -2026/HAFELE PRICELIST_MRP revision Eff 1st Feb 2026 (1).pdf,129,916.88.476
hafele,Häfele,916.88.470,False,Euro Profile DIMPLE KEY Double Cylinder(K+K)80MM NM,80MM,,,PC,,1625.0,INR,False,,2026-02-01,Pricelist -2026/HAFELE PRICELIST_MRP revision Eff 1st Feb 2026 (1).pdf,129,916.88.470
hafele,Häfele,916.88.475,False,Euro Profile DIMPLE KEY Double Cylinder(K+K)80MM RGPVD,80MM,,,PC,,1680.0,INR,False,,2026-02-01,Pricelist -2026/HAFELE PRICELIST_MRP revision Eff 1st Feb 2026 (1).pdf,129,916.88.475
hafele,Häfele,916.88.478,False,Euro Profile DIMPLE KEY Double Cylinder(K+K)90MM ABM,90MM,,,PC,,1680.0,INR,False,,2026-02-01,Pricelist -2026/HAFELE PRICELIST_MRP revision Eff 1st Feb 2026 (1).pdf,129,916.88.478
hafele,Häfele,916.88.480,False,Euro Profile DIMPLE KEY Double Cylinder(K+K)90MM ANTH,90MM,,,PC,,1740.0,INR,False,,2026-02-01,Pricelist -2026/HAFELE PRICELIST_MRP revision Eff 1st Feb 2026 (1).pdf,129,916.88.480
hafele,Häfele,916.88.479,False,Euro Profile DIMPLE KEY Double Cylinder(K+K)90MM MBK,90MM,,,PC,,1550.0,INR,False,,2026-02-01,Pricelist -2026/HAFELE PRICELIST_MRP revision Eff 1st Feb 2026 (1).pdf,129,916.88.479
hafele,Häfele,916.88.482,False,Euro Profile DIMPLE KEY Double Cylinder(K+K)90MM NM,90MM,,,PC,,1680.0,INR,False,,2026-02-01,Pricelist -2026/HAFELE PRICELIST_MRP revision Eff 1st Feb 2026 (1).pdf,129,916.88.482
hafele,Häfele,916.88.483,False,Euro Profile DIMPLE KEY Double Cylinder(K+K)90MM RGPVD,90MM,,,PC,,1550.0,INR,False,,2026-02-01,Pricelist -2026/HAFELE PRICELIST_MRP revision Eff 1st Feb 2026 (1).pdf,129,916.88.483
hafele,Häfele,916.88.484,False,Euro Profile DIMPLE KEY Double Cylinder(K+K)100MM ABM,100MM,,,PC,,1550.0,INR,False,,2026-02-01,Pricelist -2026/HAFELE PRICELIST_MRP revision Eff 1st Feb 2026 (1).pdf,129,916.88.484
hafele,Häfele,916.88.486,False,Euro Profile DIMPLE KEY Double Cylinder(K+K)100MM ANTH,100MM,,,PC,,1600.0,INR,False,,2026-02-01,Pricelist -2026/HAFELE PRICELIST_MRP revision Eff 1st Feb 2026 (1).pdf,129,916.88.486
hafele,Häfele,916.88.487,False,Euro Profile DIMPLE KEY Double Cylinder(K+K)100MM MBK,100MM,,,PC,,1600.0,INR,False,,2026-02-01,Pricelist -2026/HAFELE PRICELIST_MRP revision Eff 1st Feb 2026 (1).pdf,129,916.88.487
hafele,Häfele,916.88.485,False,Euro Profile DIMPLE KEY Double Cylinder(K+K)100MM NM,100MM,,,PC,,1740.0,INR,False,,2026-02-01,Pricelist -2026/HAFELE PRICELIST_MRP revision Eff 1st Feb 2026 (1).pdf,129,916.88.485
hafele,Häfele,916.88.489,False,Euro Profile DIMPLE KEY Double Cylinder(K+K)100MM RGPVD,100MM,,,PC,,1600.0,INR,False,,2026-02-01,Pricelist -2026/HAFELE PRICELIST_MRP revision Eff 1st Feb 2026 (1).pdf,129,916.88.489
hafele,Häfele,916.88.434,False,Euro Profile DIMPLE KEY Thumbturn Cylinder (T+K) 62MM ABM,62MM,,,PC,,1570.0,INR,False,,2026-02-01,Pricelist -2026/HAFELE PRICELIST_MRP revision Eff 1st Feb 2026 (1).pdf,130,916.88.434
hafele,Häfele,916.88.432,False,Euro Profile DIMPLE KEY Thumbturn Cylinder (T+K) 62MM ANTH,62MM,,,PC,,1625.0,INR,False,,2026-02-01,Pricelist -2026/HAFELE PRICELIST_MRP revision Eff 1st Feb 2026 (1).pdf,130,916.88.432
hafele,Häfele,916.88.433,False,Euro Profile DIMPLE KEY Thumbturn Cylinder (T+K) 62MM MBK,62MM,,,PC,,1625.0,INR,False,,2026-02-01,Pricelist -2026/HAFELE PRICELIST_MRP revision Eff 1st Feb 2026 (1).pdf,130,916.88.433
hafele,Häfele,916.88.430,False,Euro Profile DIMPLE KEY Thumbturn Cylinder (T+K) 62MM NM,62MM,,,PC,,1570.0,INR,False,,2026-02-01,Pricelist -2026/HAFELE PRICELIST_MRP revision Eff 1st Feb 2026 (1).pdf,130,916.88.430
hafele,Häfele,916.88.436,False,Euro Profile DIMPLE KEY Thumbturn Cylinder (T+K) 62MM RGPVD,62MM,,,PC,,1625.0,INR,False,,2026-02-01,Pricelist -2026/HAFELE PRICELIST_MRP revision Eff 1st Feb 2026 (1).pdf,130,916.88.436
hafele,Häfele,916.88.439,False,Euro Profile DIMPLE KEY Thumbturn Cylinder (T+K) 70MM ABM,70MM,,,PC,,1625.0,INR,False,,2026-02-01,Pricelist -2026/HAFELE PRICELIST_MRP revision Eff 1st Feb 2026 (1).pdf,130,916.88.439
hafele,Häfele,916.88.435,False,Euro Profile DIMPLE KEY Thumbturn Cylinder (T+K) 70MM ANTH,70MM,,,PC,,1680.0,INR,False,,2026-02-01,Pricelist -2026/HAFELE PRICELIST_MRP revision Eff 1st Feb 2026 (1).pdf,130,916.88.435
hafele,Häfele,916.88.438,False,Euro Profile DIMPLE KEY Thumbturn Cylinder (T+K) 70MM MBK,70MM,,,PC,,1680.0,INR,False,,2026-02-01,Pricelist -2026/HAFELE PRICELIST_MRP revision Eff 1st Feb 2026 (1).pdf,130,916.88.438
hafele,Häfele,916.88.440,False,Euro Profile DIMPLE KEY thumbturn Cylinder (T+K) 70MM NM,70MM,,,PC,,1625.0,INR,False,,2026-02-01,Pricelist -2026/HAFELE PRICELIST_MRP revision Eff 1st Feb 2026 (1).pdf,130,916.88.440
hafele,Häfele,916.88.442,False,Euro Profile DIMPLE KEY Thumbturn Cylinder (T+K) 70MM RGPVD,70MM,,,PC,,1680.0,INR,False,,2026-02-01,Pricelist -2026/HAFELE PRICELIST_MRP revision Eff 1st Feb 2026 (1).pdf,130,916.88.442
hafele,Häfele,916.88.443,False,Euro Profile DIMPLE KEY Thumbturn Cylinder (T+K) 80MM ABM,80MM,,,PC,,1680.0,INR,False,,2026-02-01,Pricelist -2026/HAFELE PRICELIST_MRP revision Eff 1st Feb 2026 (1).pdf,130,916.88.443
hafele,Häfele,916.88.447,False,Euro Profile DIMPLE KEY Thumbturn Cylinder (T+K) 80MM ANTH,80MM,,,PC,,1740.0,INR,False,,2026-02-01,Pricelist -2026/HAFELE PRICELIST_MRP revision Eff 1st Feb 2026 (1).pdf,130,916.88.447
hafele,Häfele,916.88.441,False,Euro Profile DIMPLE KEY Thumbturn Cylinder (T+K) 80MM NM,80MM,,,PC,,1680.0,INR,False,,2026-02-01,Pricelist -2026/HAFELE PRICELIST_MRP revision Eff 1st Feb 2026 (1).pdf,130,916.88.441
hafele,Häfele,916.88.448,False,Euro Profile DIMPLE KEY Thumbturn Cylinder(T+K)80MM MBK,80MM,,,PC,,1740.0,INR,False,,2026-02-01,Pricelist -2026/HAFELE PRICELIST_MRP revision Eff 1st Feb 2026 (1).pdf,130,916.88.448
hafele,Häfele,916.88.445,False,Euro Profile DIMPLE KEY Thumbturn Cylinder(T+K)80MM RGPVD,80MM,,,PC,,1740.0,INR,False,,2026-02-01,Pricelist -2026/HAFELE PRICELIST_MRP revision Eff 1st Feb 2026 (1).pdf,130,916.88.445
hafele,Häfele,916.88.452,False,Euro Profile DIMPLE KEY Thumbturn Cylinder(T+K)90MM ABM,90MM,,,PC,,1740.0,INR,False,,2026-02-01,Pricelist -2026/HAFELE PRICELIST_MRP revision Eff 1st Feb 2026 (1).pdf,130,916.88.452
hafele,Häfele,916.88.450,False,Euro Profile DIMPLE KEY Thumbturn Cylinder(T+K)90MM ANTH,90MM,,,PC,,1795.0,INR,False,,2026-02-01,Pricelist -2026/HAFELE PRICELIST_MRP revision Eff 1st Feb 2026 (1).pdf,130,916.88.450
hafele,Häfele,916.88.449,False,Euro Profile DIMPLE KEY Thumbturn Cylinder(T+K)90MM MBK,90MM,,,PC,,1795.0,INR,False,,2026-02-01,Pricelist -2026/HAFELE PRICELIST_MRP revision Eff 1st Feb 2026 (1).pdf,130,916.88.449
hafele,Häfele,916.88.444,False,Euro Profile DIMPLE KEY Thumbturn Cylinder(T+K)90MM NM,90MM,,,PC,,1740.0,INR,False,,2026-02-01,Pricelist -2026/HAFELE PRICELIST_MRP revision Eff 1st Feb 2026 (1).pdf,130,916.88.444
hafele,Häfele,916.88.455,False,Euro Profile DIMPLE KEY Thumbturn Cylinder(T+K)90MM RGPVD,90MM,,,PC,,1795.0,INR,False,,2026-02-01,Pricelist -2026/HAFELE PRICELIST_MRP revision Eff 1st Feb 2026 (1).pdf,130,916.88.455
hafele,Häfele,916.88.454,False,Euro Profile DIMPLE KEY Thumbturn Cylinder(T+K)100MM ABM,100MM,,,PC,,1795.0,INR,False,,2026-02-01,Pricelist -2026/HAFELE PRICELIST_MRP revision Eff 1st Feb 2026 (1).pdf,130,916.88.454
hafele,Häfele,916.88.456,False,Euro Profile DIMPLE KEY Thumbturn Cylinder(T+K)100MM ANTH,100MM,,,PC,,1850.0,INR,False,,2026-02-01,Pricelist -2026/HAFELE PRICELIST_MRP revision Eff 1st Feb 2026 (1).pdf,130,916.88.456
hafele,Häfele,916.88.453,False,Euro Profile DIMPLE KEY Thumbturn Cylinder(T+K)100MM MBK,100MM,,,PC,,1850.0,INR,False,,2026-02-01,Pricelist -2026/HAFELE PRICELIST_MRP revision Eff 1st Feb 2026 (1).pdf,130,916.88.453
hafele,Häfele,916.88.457,False,Euro Profile DIMPLE KEY Thumbturn Cylinder(T+K)100MM NM,100MM,,,PC,,1795.0,INR,False,,2026-02-01,Pricelist -2026/HAFELE PRICELIST_MRP revision Eff 1st Feb 2026 (1).pdf,130,916.88.457
hafele,Häfele,916.88.461,False,Euro Profile DIMPLE KEY Thumbturn Cylinder(T+K)100MM RGPVD,100MM,,,PC,,1850.0,INR,False,,2026-02-01,Pricelist -2026/HAFELE PRICELIST_MRP revision Eff 1st Feb 2026 (1).pdf,130,916.88.461
hafele,Häfele,903.58.031,False,EPC Escutcheon Square SS 304 SSM,,,,PR,,855.0,INR,False,,2026-02-01,Pricelist -2026/HAFELE PRICELIST_MRP revision Eff 1st Feb 2026 (1).pdf,130,903.58.031
hafele,Häfele,903.99.664,False,EPC Escutcheon Round SS 304 SSM,,,,PR,,505.0,INR,False,,2026-02-01,Pricelist -2026/HAFELE PRICELIST_MRP revision Eff 1st Feb 2026 (1).pdf,130,903.99.664
hafele,Häfele,903.58.302,False,EPC Escutcheon Round SS 304 MBK,,,,PR,,960.0,INR,False,,2026-02-01,Pricelist -2026/HAFELE PRICELIST_MRP revision Eff 1st Feb 2026 (1).pdf,130,903.58.302
hafele,Häfele,903.58.300,False,EPC Escutcheon Oval SS 304 SSM,,,,PR,,615.0,INR,False,,2026-02-01,Pricelist -2026/HAFELE PRICELIST_MRP revision Eff 1st Feb 2026 (1).pdf,130,903.58.300
hafele,Häfele,903.58.299,False,EPC Escutcheon Oval SS304 MBK,,,,PR,,690.0,INR,False,,2026-02-01,Pricelist -2026/HAFELE PRICELIST_MRP revision Eff 1st Feb 2026 (1).pdf,130,903.58.299
hafele,Häfele,902.53.922,False,"Toilet Escutcheons with Thumb turn, Emergency Release and Indicator 8 mm Spindle",8 mm,,,PR,,1760.0,INR,False,,2026-02-01,Pricelist -2026/HAFELE PRICELIST_MRP revision Eff 1st Feb 2026 (1).pdf,130,902.53.922
hafele,Häfele,911.83.680,False,Cylindrical Knob Lock Entry Lock 3 Brass Keys 5 Pin Tumbler Rose Dia 75 mm Dr Thk 30-45mm BS 60mm SS 304 SSM,75 mm,,,PC,,1690.0,INR,False,,2026-02-01,Pricelist -2026/HAFELE PRICELIST_MRP revision Eff 1st Feb 2026 (1).pdf,130,911.83.680
hafele,Häfele,911.83.681,False,Cylindrical Knob Lock WC Function Rose Dia 75 mm Dr Thk 30-45mm BS 60mm SS 304 SSM,75 mm,,,PC,,1580.0,INR,False,,2026-02-01,Pricelist -2026/HAFELE PRICELIST_MRP revision Eff 1st Feb 2026 (1).pdf,130,911.83.681
hafele,Häfele,911.81.168,False,FLush Bolt for Metal Door 304mm SS 304 SSM,304mm,,,PC,,1325.0,INR,False,,2026-02-01,Pricelist -2026/HAFELE PRICELIST_MRP revision Eff 1st Feb 2026 (1).pdf,131,911.81.168
hafele,Häfele,911.81.331,False,Flush Bolt for Metal Door 600mm SS 304 SSM,600mm,,,PC,,1660.0,INR,False,,2026-02-01,Pricelist -2026/HAFELE PRICELIST_MRP revision Eff 1st Feb 2026 (1).pdf,131,911.81.331
hafele,Häfele,911.62.897,False,Flush Bolt for Timber Doors 19x200mm SS 304 SSM,,,,PC,,2490.0,INR,False,,2026-02-01,Pricelist -2026/HAFELE PRICELIST_MRP revision Eff 1st Feb 2026 (1).pdf,131,911.62.897
hafele,Häfele,911.81.066,False,Flush Bolt for Timber Doors 19x300mm SS 304 SSM,,,,PC,,2890.0,INR,False,,2026-02-01,Pricelist -2026/HAFELE PRICELIST_MRP revision Eff 1st Feb 2026 (1).pdf,131,911.81.066
hafele,Häfele,911.81.065,False,Flush Bolt for Timber Doors 19x600mm SS 304 SSM,,,,PC,,5110.0,INR,False,,2026-02-01,Pricelist -2026/HAFELE PRICELIST_MRP revision Eff 1st Feb 2026 (1).pdf,131,911.81.065
hafele,Häfele,911.81.395,False,"Seamless Tower Bolt 101 mm x 10mm Rod 4"" SS 304 SSM",101 mm,,,PC,,725.0,INR,False,,2026-02-01,Pricelist -2026/HAFELE PRICELIST_MRP revision Eff 1st Feb 2026 (1).pdf,131,911.81.395
hafele,Häfele,911.81.396,False,"Seamless Tower Bolt 152 mm x 10mm Rod 6"" SS 304 SSM",152 mm,,,PC,,925.0,INR,False,,2026-02-01,Pricelist -2026/HAFELE PRICELIST_MRP revision Eff 1st Feb 2026 (1).pdf,131,911.81.396
hafele,Häfele,911.81.397,False,"Seamless Tower Bolt 203 mm x 10mm Rod 8"" SS 304 SSM",203 mm,,,PC,,1145.0,INR,False,,2026-02-01,Pricelist -2026/HAFELE PRICELIST_MRP revision Eff 1st Feb 2026 (1).pdf,131,911.81.397
hafele,Häfele,911.81.398,False,"Seamless Tower Bolt 254 mm x 10mm Rod 10"" SS 304 SSM",254 mm,,,PC,,1425.0,INR,False,,2026-02-01,Pricelist -2026/HAFELE PRICELIST_MRP revision Eff 1st Feb 2026 (1).pdf,131,911.81.398
hafele,Häfele,911.81.399,False,"Seamless Tower Bolt 304 mm x 10mm Rod 12"" SS 304 SSM",304 mm,,,PC,,1690.0,INR,False,,2026-02-01,Pricelist -2026/HAFELE PRICELIST_MRP revision Eff 1st Feb 2026 (1).pdf,131,911.81.399
hafele,Häfele,911.81.405,False,"Seamless Tower Bolt 457 mm x 10mm Rod 18"" SS 304 SSM",457 mm,,,PC,,2690.0,INR,False,,2026-02-01,Pricelist -2026/HAFELE PRICELIST_MRP revision Eff 1st Feb 2026 (1).pdf,131,911.81.405
hafele,Häfele,911.81.406,False,"Seamless Tower Bolt 609 mm x 10mm Rod 24"" SS 304 SSM",609 mm,,,PC,,3250.0,INR,False,,2026-02-01,Pricelist -2026/HAFELE PRICELIST_MRP revision Eff 1st Feb 2026 (1).pdf,131,911.81.406
hafele,Häfele,911.81.650,False,BR RND TWR BLT 10x102MM SN,,,,PC,,730.0,INR,False,,2026-02-01,Pricelist -2026/HAFELE PRICELIST_MRP revision Eff 1st Feb 2026 (1).pdf,131,911.81.650
hafele,Häfele,911.81.655,False,BR RND TWR BLT 10x152MM SN,,,,PC,,1090.0,INR,False,,2026-02-01,Pricelist -2026/HAFELE PRICELIST_MRP revision Eff 1st Feb 2026 (1).pdf,131,911.81.655
hafele,Häfele,911.81.660,False,BR RND TWR BLT 10x203MM SN,,,,PC,,1440.0,INR,False,,2026-02-01,Pricelist -2026/HAFELE PRICELIST_MRP revision Eff 1st Feb 2026 (1).pdf,131,911.81.660
hafele,Häfele,911.81.665,False,BR RND TWR BLT 10x254MM SN,,,,PC,,1790.0,INR,False,,2026-02-01,Pricelist -2026/HAFELE PRICELIST_MRP revision Eff 1st Feb 2026 (1).pdf,131,911.81.665
hafele,Häfele,911.81.669,False,BR RND TWR BLT 10x305MM SN,,,,PC,,2160.0,INR,False,,2026-02-01,Pricelist -2026/HAFELE PRICELIST_MRP revision Eff 1st Feb 2026 (1).pdf,131,911.81.669
hafele,Häfele,911.81.675,False,BR RND TWR BLT 10x457MM SN,,,,PC,,3205.0,INR,False,,2026-02-01,Pricelist -2026/HAFELE PRICELIST_MRP revision Eff 1st Feb 2026 (1).pdf,131,911.81.675
hafele,Häfele,911.81.652,False,BR RND TWR BLT 10x102MM ABR,,,,PC,,730.0,INR,False,,2026-02-01,Pricelist -2026/HAFELE PRICELIST_MRP revision Eff 1st Feb 2026 (1).pdf,131,911.81.652
hafele,Häfele,911.81.657,False,BR RND TWR BLT 10x152MM ABR,,,,PC,,1090.0,INR,False,,2026-02-01,Pricelist -2026/HAFELE PRICELIST_MRP revision Eff 1st Feb 2026 (1).pdf,131,911.81.657
hafele,Häfele,911.81.662,False,BR RND TWR BLT 10x203MM ABR,,,,PC,,1440.0,INR,False,,2026-02-01,Pricelist -2026/HAFELE PRICELIST_MRP revision Eff 1st Feb 2026 (1).pdf,131,911.81.662
hafele,Häfele,911.81.667,False,BR RND TWR BLT 10x254MM ABR,,,,PC,,1790.0,INR,False,,2026-02-01,Pricelist -2026/HAFELE PRICELIST_MRP revision Eff 1st Feb 2026 (1).pdf,131,911.81.667
hafele,Häfele,911.81.673,False,BR RND TWR BLT 10x305MM ABR,,,,PC,,2160.0,INR,False,,2026-02-01,Pricelist -2026/HAFELE PRICELIST_MRP revision Eff 1st Feb 2026 (1).pdf,131,911.81.673
hafele,Häfele,911.81.677,False,BR RND TWR BLT 10x457MM ABR,,,,PC,,3205.0,INR,False,,2026-02-01,Pricelist -2026/HAFELE PRICELIST_MRP revision Eff 1st Feb 2026 (1).pdf,131,911.81.677
hafele,Häfele,911.81.653,False,BR RND TWR BLT 10x102MM ANTH,,,,PC,,730.0,INR,False,,2026-02-01,Pricelist -2026/HAFELE PRICELIST_MRP revision Eff 1st Feb 2026 (1).pdf,131,911.81.653
hafele,Häfele,911.81.658,False,BR RND TWR BLT 10x152MM ANTH,,,,PC,,1090.0,INR,False,,2026-02-01,Pricelist -2026/HAFELE PRICELIST_MRP revision Eff 1st Feb 2026 (1).pdf,131,911.81.658
hafele,Häfele,911.81.663,False,BR RND TWR BLT 10x203MM ANTH,,,,PC,,1440.0,INR,False,,2026-02-01,Pricelist -2026/HAFELE PRICELIST_MRP revision Eff 1st Feb 2026 (1).pdf,131,911.81.663
hafele,Häfele,911.81.674,False,BR RND TWR BLT 10x254MM ANTH,,,,PC,,1790.0,INR,False,,2026-02-01,Pricelist -2026/HAFELE PRICELIST_MRP revision Eff 1st Feb 2026 (1).pdf,131,911.81.674
hafele,Häfele,911.81.671,False,BR RND TWR BLT 10x305MM ANTH,,,,PC,,2160.0,INR,False,,2026-02-01,Pricelist -2026/HAFELE PRICELIST_MRP revision Eff 1st Feb 2026 (1).pdf,131,911.81.671
hafele,Häfele,911.81.678,False,BR RND TWR BLT 10x457MM ANTH,,,,PC,,3205.0,INR,False,,2026-02-01,Pricelist -2026/HAFELE PRICELIST_MRP revision Eff 1st Feb 2026 (1).pdf,131,911.81.678
hafele,Häfele,911.81.651,False,BR RND TWR BLT 10x102MM MBK,,,,PC,,740.0,INR,False,,2026-02-01,Pricelist -2026/HAFELE PRICELIST_MRP revision Eff 1st Feb 2026 (1).pdf,131,911.81.651
hafele,Häfele,911.81.656,False,BR RND TWR BLT 10x152MM MBK,,,,PC,,1110.0,INR,False,,2026-02-01,Pricelist -2026/HAFELE PRICELIST_MRP revision Eff 1st Feb 2026 (1).pdf,131,911.81.656
hafele,Häfele,911.81.661,False,BR RND TWR BLT 10x203MM MBK,,,,PC,,1480.0,INR,False,,2026-02-01,Pricelist -2026/HAFELE PRICELIST_MRP revision Eff 1st Feb 2026 (1).pdf,131,911.81.661
hafele,Häfele,911.81.666,False,BR RND TWR BLT 10x254MM MBK,,,,PC,,1850.0,INR,False,,2026-02-01,Pricelist -2026/HAFELE PRICELIST_MRP revision Eff 1st Feb 2026 (1).pdf,131,911.81.666
hafele,Häfele,911.81.670,False,BR RND TWR BLT 10x305MM MBK,,,,PC,,2220.0,INR,False,,2026-02-01,Pricelist -2026/HAFELE PRICELIST_MRP revision Eff 1st Feb 2026 (1).pdf,131,911.81.670
hafele,Häfele,911.81.676,False,BR RND TWR BLT 10x457MM MBK,,,,PC,,3450.0,INR,False,,2026-02-01,Pricelist -2026/HAFELE PRICELIST_MRP revision Eff 1st Feb 2026 (1).pdf,131,911.81.676
hafele,Häfele,911.81.654,False,BR RND TWR BLT 10x102MM RGPVD,,,,PC,,990.0,INR,False,,2026-02-01,Pricelist -2026/HAFELE PRICELIST_MRP revision Eff 1st Feb 2026 (1).pdf,132,911.81.654
hafele,Häfele,911.81.659,False,BR RND TWR BLT 10x152MM RGPVD,,,,PC,,1480.0,INR,False,,2026-02-01,Pricelist -2026/HAFELE PRICELIST_MRP revision Eff 1st Feb 2026 (1).pdf,132,911.81.659
hafele,Häfele,911.81.664,False,BR RND TWR BLT 10x203MM RGPVD,,,,PC,,1975.0,INR,False,,2026-02-01,Pricelist -2026/HAFELE PRICELIST_MRP revision Eff 1st Feb 2026 (1).pdf,132,911.81.664
hafele,Häfele,911.81.668,False,BR RND TWR BLT 10x254MM RGPVD,,,,PC,,2465.0,INR,False,,2026-02-01,Pricelist -2026/HAFELE PRICELIST_MRP revision Eff 1st Feb 2026 (1).pdf,132,911.81.668
hafele,Häfele,911.81.672,False,BR RND TWR BLT 10x305MM RGPVD,,,,PC,,2960.0,INR,False,,2026-02-01,Pricelist -2026/HAFELE PRICELIST_MRP revision Eff 1st Feb 2026 (1).pdf,132,911.81.672
hafele,Häfele,911.81.679,False,BR RND TWR BLT 10x457MM RGPVD,,,,PC,,4440.0,INR,False,,2026-02-01,Pricelist -2026/HAFELE PRICELIST_MRP revision Eff 1st Feb 2026 (1).pdf,132,911.81.679
hafele,Häfele,911.81.680,False,BR OVL TWR BLT 8x102MM SN,,,,PC,,805.0,INR,False,,2026-02-01,Pricelist -2026/HAFELE PRICELIST_MRP revision Eff 1st Feb 2026 (1).pdf,132,911.81.680
hafele,Häfele,911.81.685,False,BR OVL TWR BLT 8x152MM SN,,,,PC,,1175.0,INR,False,,2026-02-01,Pricelist -2026/HAFELE PRICELIST_MRP revision Eff 1st Feb 2026 (1).pdf,132,911.81.685
hafele,Häfele,911.81.690,False,BR OVL TWR BLT 8x203MM SN,,,,PC,,1605.0,INR,False,,2026-02-01,Pricelist -2026/HAFELE PRICELIST_MRP revision Eff 1st Feb 2026 (1).pdf,132,911.81.690
hafele,Häfele,911.81.695,False,BR OVL TWR BLT 8x254MM SN,,,,PC,,1975.0,INR,False,,2026-02-01,Pricelist -2026/HAFELE PRICELIST_MRP revision Eff 1st Feb 2026 (1).pdf,132,911.81.695
hafele,Häfele,911.81.700,False,BR OVL TWR BLT 8x305MM SN,,,,PC,,2345.0,INR,False,,2026-02-01,Pricelist -2026/HAFELE PRICELIST_MRP revision Eff 1st Feb 2026 (1).pdf,132,911.81.700
hafele,Häfele,911.81.705,False,BR OVL TWR BLT 8x457MM SN,,,,PC,,3700.0,INR,False,,2026-02-01,Pricelist -2026/HAFELE PRICELIST_MRP revision Eff 1st Feb 2026 (1).pdf,132,911.81.705
hafele,Häfele,911.81.682,False,BR OVL TWR BLT 8x102MM ABR,,,,PC,,805.0,INR,False,,2026-02-01,Pricelist -2026/HAFELE PRICELIST_MRP revision Eff 1st Feb 2026 (1).pdf,132,911.81.682
hafele,Häfele,911.81.687,False,BR OVL TWR BLT 8x152MM ABR,,,,PC,,1175.0,INR,False,,2026-02-01,Pricelist -2026/HAFELE PRICELIST_MRP revision Eff 1st Feb 2026 (1).pdf,132,911.81.687
hafele,Häfele,911.81.692,False,BR OVL TWR BLT 8x203MM ABR,,,,PC,,1605.0,INR,False,,2026-02-01,Pricelist -2026/HAFELE PRICELIST_MRP revision Eff 1st Feb 2026 (1).pdf,132,911.81.692
hafele,Häfele,911.81.697,False,BR OVL TWR BLT 8x254MM ABR,,,,PC,,1975.0,INR,False,,2026-02-01,Pricelist -2026/HAFELE PRICELIST_MRP revision Eff 1st Feb 2026 (1).pdf,132,911.81.697
hafele,Häfele,911.81.702,False,BR OVL TWR BLT 8x305MM ABR,,,,PC,,2345.0,INR,False,,2026-02-01,Pricelist -2026/HAFELE PRICELIST_MRP revision Eff 1st Feb 2026 (1).pdf,132,911.81.702
hafele,Häfele,911.81.707,False,BR OVL TWR BLT 8x457MM ABR,,,,PC,,3700.0,INR,False,,2026-02-01,Pricelist -2026/HAFELE PRICELIST_MRP revision Eff 1st Feb 2026 (1).pdf,132,911.81.707
hafele,Häfele,911.81.683,False,BR OVL TWR BLT 8x102MM ANTH,,,,PC,,715.0,INR,False,,2026-02-01,Pricelist -2026/HAFELE PRICELIST_MRP revision Eff 1st Feb 2026 (1).pdf,132,911.81.683
hafele,Häfele,911.81.688,False,BR OVL TWR BLT 8x152MM ANTH,,,,PC,,1175.0,INR,False,,2026-02-01,Pricelist -2026/HAFELE PRICELIST_MRP revision Eff 1st Feb 2026 (1).pdf,132,911.81.688
hafele,Häfele,911.81.693,False,BR OVL TWR BLT 8x203MM ANTH,,,,PC,,1605.0,INR,False,,2026-02-01,Pricelist -2026/HAFELE PRICELIST_MRP revision Eff 1st Feb 2026 (1).pdf,132,911.81.693
hafele,Häfele,911.81.698,False,BR OVL TWR BLT 8x254MM ANTH,,,,PC,,1975.0,INR,False,,2026-02-01,Pricelist -2026/HAFELE PRICELIST_MRP revision Eff 1st Feb 2026 (1).pdf,132,911.81.698
hafele,Häfele,911.81.703,False,BR OVL TWR BLT 8x305MM ANTH,,,,PC,,2345.0,INR,False,,2026-02-01,Pricelist -2026/HAFELE PRICELIST_MRP revision Eff 1st Feb 2026 (1).pdf,132,911.81.703
hafele,Häfele,911.81.708,False,BR OVL TWR BLT 8x457MM ANTH,,,,PC,,3700.0,INR,False,,2026-02-01,Pricelist -2026/HAFELE PRICELIST_MRP revision Eff 1st Feb 2026 (1).pdf,132,911.81.708
hafele,Häfele,911.81.681,False,BR OVL TWR BLT 8x102MM MBK,,,,PC,,865.0,INR,False,,2026-02-01,Pricelist -2026/HAFELE PRICELIST_MRP revision Eff 1st Feb 2026 (1).pdf,132,911.81.681
hafele,Häfele,911.81.686,False,BR OVL TWR BLT 8x152MM MBK,,,,PC,,1235.0,INR,False,,2026-02-01,Pricelist -2026/HAFELE PRICELIST_MRP revision Eff 1st Feb 2026 (1).pdf,132,911.81.686
hafele,Häfele,911.81.691,False,BR OVL TWR BLT 8x203MM MBK,,,,PC,,1665.0,INR,False,,2026-02-01,Pricelist -2026/HAFELE PRICELIST_MRP revision Eff 1st Feb 2026 (1).pdf,132,911.81.691
hafele,Häfele,911.81.696,False,BR OVL TWR BLT 8x254MM MBK,,,,PC,,2035.0,INR,False,,2026-02-01,Pricelist -2026/HAFELE PRICELIST_MRP revision Eff 1st Feb 2026 (1).pdf,132,911.81.696
hafele,Häfele,911.81.701,False,BR OVL TWR BLT 8x305MM MBK,,,,PC,,2405.0,INR,False,,2026-02-01,Pricelist -2026/HAFELE PRICELIST_MRP revision Eff 1st Feb 2026 (1).pdf,132,911.81.701
hafele,Häfele,911.81.706,False,BR OVL TWR BLT 8x457MM MBK,,,,PC,,3820.0,INR,False,,2026-02-01,Pricelist -2026/HAFELE PRICELIST_MRP revision Eff 1st Feb 2026 (1).pdf,132,911.81.706
hafele,Häfele,911.81.684,False,BR OVL TWR BLT 8x102MM RGPVD,,,,PC,,1050.0,INR,False,,2026-02-01,Pricelist -2026/HAFELE PRICELIST_MRP revision Eff 1st Feb 2026 (1).pdf,132,911.81.684
hafele,Häfele,911.81.689,False,BR OVL TWR BLT 8x152MM RGPVD,,,,PC,,1540.0,INR,False,,2026-02-01,Pricelist -2026/HAFELE PRICELIST_MRP revision Eff 1st Feb 2026 (1).pdf,132,911.81.689
hafele,Häfele,911.81.694,False,BR OVL TWR BLT 8x203MM RGPVD,,,,PC,,2095.0,INR,False,,2026-02-01,Pricelist -2026/HAFELE PRICELIST_MRP revision Eff 1st Feb 2026 (1).pdf,132,911.81.694
hafele,Häfele,911.81.699,False,BR OVL TWR BLT 8x254MM RGPVD,,,,PC,,2590.0,INR,False,,2026-02-01,Pricelist -2026/HAFELE PRICELIST_MRP revision Eff 1st Feb 2026 (1).pdf,132,911.81.699
hafele,Häfele,911.81.704,False,BR OVL TWR BLT 8x305MM RGPVD,,,,PC,,3080.0,INR,False,,2026-02-01,Pricelist -2026/HAFELE PRICELIST_MRP revision Eff 1st Feb 2026 (1).pdf,132,911.81.704
hafele,Häfele,911.81.709,False,BR OVL TWR BLT 8x457MM RGPVD,,,,PC,,4500.0,INR,False,,2026-02-01,Pricelist -2026/HAFELE PRICELIST_MRP revision Eff 1st Feb 2026 (1).pdf,132,911.81.709
hafele,Häfele,911.81.880,False,"ALDROP 203mm (8"") X 16mm SS 304, SSM",203mm,,,PC,,2450.0,INR,False,,2026-02-01,Pricelist -2026/HAFELE PRICELIST_MRP revision Eff 1st Feb 2026 (1).pdf,133,911.81.880
hafele,Häfele,911.81.888,False,"ALDROP 250mm (10"") X16mm SS 304 SSM",250mm,,,PC,,2900.0,INR,False,,2026-02-01,Pricelist -2026/HAFELE PRICELIST_MRP revision Eff 1st Feb 2026 (1).pdf,133,911.81.888
hafele,Häfele,911.81.881,False,"ALDROP 305mm (12"") X 16mm SS 304 SSM",305mm,,,PC,,3150.0,INR,False,,2026-02-01,Pricelist -2026/HAFELE PRICELIST_MRP revision Eff 1st Feb 2026 (1).pdf,133,911.81.881
hafele,Häfele,959.00.090,False,Door Viewer with Cover Glass Lens 200°  Door Thickness 35-55mm Brass SN,55mm,,,PC,,1210.0,INR,False,,2026-02-01,Pricelist -2026/HAFELE PRICELIST_MRP revision Eff 1st Feb 2026 (1).pdf,133,959.00.090
hafele,Häfele,959.00.197,False,Door Viewer with Cover Glass Lens 180°  Door Thickness 35-55mm Brass AB,55mm,,,PC,,790.0,INR,False,,2026-02-01,Pricelist -2026/HAFELE PRICELIST_MRP revision Eff 1st Feb 2026 (1).pdf,133,959.00.197
hafele,Häfele,959.00.198,False,Door Viewer with Cover Glass Lens 180°  Door Thickness 35-55mm Brass MBR,55mm,,,PC,,790.0,INR,False,,2026-02-01,Pricelist -2026/HAFELE PRICELIST_MRP revision Eff 1st Feb 2026 (1).pdf,133,959.00.198
hafele,Häfele,959.00.199,False,Door Viewer with Cover Glass Lens 180°  Door Thickness 35-55mm Brass PB,55mm,,,PC,,790.0,INR,False,,2026-02-01,Pricelist -2026/HAFELE PRICELIST_MRP revision Eff 1st Feb 2026 (1).pdf,133,959.00.199
hafele,Häfele,959.00.200,False,Door Viewer with Cover Glass Lens 180°  Door Thickness 35-55mm Brass MBK,55mm,,,PC,,835.0,INR,False,,2026-02-01,Pricelist -2026/HAFELE PRICELIST_MRP revision Eff 1st Feb 2026 (1).pdf,133,959.00.200
hafele,Häfele,959.00.201,False,Door Viewer with Cover Glass Lens 180°  Door Thickness 35-55mm Brass NM,55mm,,,PC,,740.0,INR,False,,2026-02-01,Pricelist -2026/HAFELE PRICELIST_MRP revision Eff 1st Feb 2026 (1).pdf,133,959.00.201
hafele,Häfele,959.00.206,False,Door Viewer with Cover Glass Lens 160°  Door Thickness 55-70mm Brass NM,70mm,,,PC,,1095.0,INR,False,,2026-02-01,Pricelist -2026/HAFELE PRICELIST_MRP revision Eff 1st Feb 2026 (1).pdf,133,959.00.206
hafele,Häfele,937.01.116,False,Floor Mounted Door Stopper Half Round ZA SN,,,,PC,,500.0,INR,False,,2026-02-01,Pricelist -2026/HAFELE PRICELIST_MRP revision Eff 1st Feb 2026 (1).pdf,133,937.01.116
hafele,Häfele,937.55.140,False,Floor Mounted Door Stopper Half Round SS 304 SSM,,,,PC,,745.0,INR,False,,2026-02-01,Pricelist -2026/HAFELE PRICELIST_MRP revision Eff 1st Feb 2026 (1).pdf,133,937.55.140
hafele,Häfele,937.53.560,False,Cylindrical Door Stopper SS 304 SSM,,,,PC,,945.0,INR,False,,2026-02-01,Pricelist -2026/HAFELE PRICELIST_MRP revision Eff 1st Feb 2026 (1).pdf,133,937.53.560
hafele,Häfele,911.60.016,False,Door Security Chain SS 304 SSM,,,,PC,,685.0,INR,False,,2026-02-01,Pricelist -2026/HAFELE PRICELIST_MRP revision Eff 1st Feb 2026 (1).pdf,133,911.60.016
hafele,Häfele,937.13.530,False,Wall Mounted Door Stop 72 mm SS 304 SSM,72 mm,,,PC,,835.0,INR,False,,2026-02-01,Pricelist -2026/HAFELE PRICELIST_MRP revision Eff 1st Feb 2026 (1).pdf,133,937.13.530
hafele,Häfele,938.75.000,False,Magnetic Door Stop ZA SSM,,,,PC,,1005.0,INR,False,,2026-02-01,Pricelist -2026/HAFELE PRICELIST_MRP revision Eff 1st Feb 2026 (1).pdf,133,938.75.000
hafele,Häfele,938.75.013,False,Magnetic Door Stop ZA MBK,,,,PC,,1065.0,INR,False,,2026-02-01,Pricelist -2026/HAFELE PRICELIST_MRP revision Eff 1st Feb 2026 (1).pdf,133,938.75.013
hafele,Häfele,938.75.015,False,Magnetic Door Stop ZA MBR,,,,PC,,1095.0,INR,False,,2026-02-01,Pricelist -2026/HAFELE PRICELIST_MRP revision Eff 1st Feb 2026 (1).pdf,133,938.75.015
hafele,Häfele,987.10.000,False,Unisex Symbol Plate 76 mm Dia SS 304 SSM,76 mm,,,PC,,1060.0,INR,False,,2026-02-01,Pricelist -2026/HAFELE PRICELIST_MRP revision Eff 1st Feb 2026 (1).pdf,133,987.10.000
hafele,Häfele,987.10.100,False,Male Symbol Plate 76 mm Dia SS 304 SSM,76 mm,,,PC,,945.0,INR,False,,2026-02-01,Pricelist -2026/HAFELE PRICELIST_MRP revision Eff 1st Feb 2026 (1).pdf,133,987.10.100
hafele,Häfele,911.62.158,False,Dust Proof Strike SS 304 NM,,,,PC,,1060.0,INR,False,,2026-02-01,Pricelist -2026/HAFELE PRICELIST_MRP revision Eff 1st Feb 2026 (1).pdf,133,911.62.158
hafele,Häfele,911.62.156,False,Dust Proof Strike SS 304 PB,,,,PC,,660.0,INR,False,,2026-02-01,Pricelist -2026/HAFELE PRICELIST_MRP revision Eff 1st Feb 2026 (1).pdf,133,911.62.156
hafele,Häfele,911.59.425,False,Spring Loaded Security Door Chain  SSM,,,,PC,,1950.0,INR,False,,2026-02-01,Pricelist -2026/HAFELE PRICELIST_MRP revision Eff 1st Feb 2026 (1).pdf,133,911.59.425
hafele,Häfele,911.59.423,False,Spring Loaded Security Door Chain  CP,,,,PC,,1920.0,INR,False,,2026-02-01,Pricelist -2026/HAFELE PRICELIST_MRP revision Eff 1st Feb 2026 (1).pdf,133,911.59.423
hafele,Häfele,911.59.428,False,Spring Loaded Security Door Chain  PB,,,,PC,,2270.0,INR,False,,2026-02-01,Pricelist -2026/HAFELE PRICELIST_MRP revision Eff 1st Feb 2026 (1).pdf,133,911.59.428
hafele,Häfele,911.59.438,False,Spring Loaded Security Door Chain  MBR,,,,PC,,2445.0,INR,False,,2026-02-01,Pricelist -2026/HAFELE PRICELIST_MRP revision Eff 1st Feb 2026 (1).pdf,133,911.59.438
hafele,Häfele,911.59.431,False,Spring Loaded Security Door Chain  MBK,,,,PC,,1925.0,INR,False,,2026-02-01,Pricelist -2026/HAFELE PRICELIST_MRP revision Eff 1st Feb 2026 (1).pdf,133,911.59.431
hafele,Häfele,911.59.422,False,Spring Loaded Security Door Chain AB,,,,PC,,2270.0,INR,False,,2026-02-01,Pricelist -2026/HAFELE PRICELIST_MRP revision Eff 1st Feb 2026 (1).pdf,133,911.59.422
hafele,Häfele,911.59.156,False,Security Door Guard ZA SN,,,,PC,,1345.0,INR,False,,2026-02-01,Pricelist -2026/HAFELE PRICELIST_MRP revision Eff 1st Feb 2026 (1).pdf,133,911.59.156
hafele,Häfele,911.59.158,False,Security Door Guard ZA PB,,,,PC,,1370.0,INR,False,,2026-02-01,Pricelist -2026/HAFELE PRICELIST_MRP revision Eff 1st Feb 2026 (1).pdf,133,911.59.158
hafele,Häfele,911.59.151,False,Security Door Guard ZA AB,,,,PC,,1425.0,INR,False,,2026-02-01,Pricelist -2026/HAFELE PRICELIST_MRP revision Eff 1st Feb 2026 (1).pdf,133,911.59.151
hafele,Häfele,911.62.389,False,Security Bolt  SS 304 SSM,,,,SET,,1810.0,INR,False,,2026-02-01,Pricelist -2026/HAFELE PRICELIST_MRP revision Eff 1st Feb 2026 (1).pdf,134,911.62.389
hafele,Häfele,950.06.305,False,Automatic Drop Down Door Seal 600 mm Cut To Size 380 mm,600 mm,,,PC,,6570.0,INR,False,,2026-02-01,Pricelist -2026/HAFELE PRICELIST_MRP revision Eff 1st Feb 2026 (1).pdf,134,950.06.305
hafele,Häfele,950.06.304,False,Automatic Drop Down Door Seal 820 mm Cut To Size 600 mm,820 mm,,,PC,,6975.0,INR,False,,2026-02-01,Pricelist -2026/HAFELE PRICELIST_MRP revision Eff 1st Feb 2026 (1).pdf,134,950.06.304
hafele,Häfele,950.06.301,False,Automatic Drop Down Door Seal 920 mm Cut To Size 820 mm,920 mm,,,PC,,7600.0,INR,False,,2026-02-01,Pricelist -2026/HAFELE PRICELIST_MRP revision Eff 1st Feb 2026 (1).pdf,134,950.06.301
hafele,Häfele,950.06.302,False,Automatic Drop Down Door Seal 1070 mm Cut To Size 920 mm,1070 mm,,,PC,,8090.0,INR,False,,2026-02-01,Pricelist -2026/HAFELE PRICELIST_MRP revision Eff 1st Feb 2026 (1).pdf,134,950.06.302
hafele,Häfele,950.06.303,False,Automatic Drop Down Door Seal 1220 mm Cut To Size 1070 mm,1220 mm,,,PC,,8815.0,INR,False,,2026-02-01,Pricelist -2026/HAFELE PRICELIST_MRP revision Eff 1st Feb 2026 (1).pdf,134,950.06.303
hafele,Häfele,950.06.321,False,Nylon Brush Strip Seal 915mm,915mm,,,PC,,2470.0,INR,False,,2026-02-01,Pricelist -2026/HAFELE PRICELIST_MRP revision Eff 1st Feb 2026 (1).pdf,134,950.06.321
hafele,Häfele,950.49.704,False,Nylon Brush Strip Seal 1000mm With Aluminum Carrier,1000mm,,,PC,,2630.0,INR,False,,2026-02-01,Pricelist -2026/HAFELE PRICELIST_MRP revision Eff 1st Feb 2026 (1).pdf,134,950.49.704
hafele,Häfele,950.06.601,False,Intumescent Fire Seal For Fire Resisting Doors And Frames (per meter) MTR,,,,,,775.0,INR,False,,2026-02-01,Pricelist -2026/HAFELE PRICELIST_MRP revision Eff 1st Feb 2026 (1).pdf,134,950.06.601
hafele,Häfele,950.49.708,False,Fire And Smoke Seal- 2 Hr Fire Rated Brown,,,,MTR,,695.0,INR,False,,2026-02-01,Pricelist -2026/HAFELE PRICELIST_MRP revision Eff 1st Feb 2026 (1).pdf,134,950.49.708
hafele,Häfele,950.06.323,False,Acoustic And Smoke Door Frame Seal Set Size (2*2100mm 1*1000mm) Non Grooove,2100mm,,,SET,,3625.0,INR,False,,2026-02-01,Pricelist -2026/HAFELE PRICELIST_MRP revision Eff 1st Feb 2026 (1).pdf,134,950.06.323
hafele,Häfele,950.06.362,False,Compression Silicon Weather Seal 1000 mm,1000 mm,,,PCS,,580.0,INR,False,,2026-02-01,Pricelist -2026/HAFELE PRICELIST_MRP revision Eff 1st Feb 2026 (1).pdf,134,950.06.362
hafele,Häfele,950.15.181,False,Internal Door Seal 1mtr Dark Brown,,,,MTR,,151.0,INR,False,,2026-02-01,Pricelist -2026/HAFELE PRICELIST_MRP revision Eff 1st Feb 2026 (1).pdf,134,950.15.181
hafele,Häfele,950.06.331,False,Self Adhesive  P Seal Brown (1 pc = 6 mtr),,,,MTR,,1120.0,INR,False,,2026-02-01,Pricelist -2026/HAFELE PRICELIST_MRP revision Eff 1st Feb 2026 (1).pdf,134,950.06.331
hafele,Häfele,950.06.324,False,Self Adhesive Door Weather E Seals 2 X 3000mm,3000mm,,,SET,,920.0,INR,False,,2026-02-01,Pricelist -2026/HAFELE PRICELIST_MRP revision Eff 1st Feb 2026 (1).pdf,134,950.06.324
hafele,Häfele,909.00.729,False,Alternate Spindle ( One Sided Spindle For Lever Handle),,,,PC,,1310.0,INR,False,,2026-02-01,Pricelist -2026/HAFELE PRICELIST_MRP revision Eff 1st Feb 2026 (1).pdf,134,909.00.729
hafele,Häfele,909.46.060,False,Spindle For Fixing Half Set Of Lever Handle,,,,PC,,2690.0,INR,False,,2026-02-01,Pricelist -2026/HAFELE PRICELIST_MRP revision Eff 1st Feb 2026 (1).pdf,134,909.46.060
hafele,Häfele,022.38.004,False,M4 X 15 SS 304 Metal Door Screws,,,,PC,,10.0,INR,False,,2026-02-01,Pricelist -2026/HAFELE PRICELIST_MRP revision Eff 1st Feb 2026 (1).pdf,134,022.38.004
hafele,Häfele,022.38.005,False,M5 X 15 SS 304 Metal Door Screws,,,,PC,,10.0,INR,False,,2026-02-01,Pricelist -2026/HAFELE PRICELIST_MRP revision Eff 1st Feb 2026 (1).pdf,134,022.38.005
hafele,Häfele,926.32.199,False,No 10 X32 SS 304 Phillip Head Wood Screw,,,,PC,,10.0,INR,False,,2026-02-01,Pricelist -2026/HAFELE PRICELIST_MRP revision Eff 1st Feb 2026 (1).pdf,134,926.32.199
hafele,Häfele,981.22.570,False,"Shower sliding, 8 mm Glass thickness,40kg Maximum weight carrying capacity,One fixed one sliding with soft closing both side,2100mm Ht,2100mm W (1 Set: All hardware Including Profiles and Handle),Excluding Glass, Black Matt",8 mm,,,SET,,75000.0,INR,False,,2026-02-01,Pricelist -2026/HAFELE PRICELIST_MRP revision Eff 1st Feb 2026 (1).pdf,136,981.22.570
hafele,Häfele,981.22.571,False,"Shower sliding, 8 mm Glass thickness,40kg Maximum weight carrying capacity,One fixed one sliding with soft closing both side,2100mm Ht,2100mm W (1 Set: All hardware Including Profiles and Handle),Excluding Glass, Rose Gold",8 mm,,,SET,,82000.0,INR,False,,2026-02-01,Pricelist -2026/HAFELE PRICELIST_MRP revision Eff 1st Feb 2026 (1).pdf,136,981.22.571
hafele,Häfele,981.20.314,False,"Echo Shower Sliding System. 2 Rollers, 2 Anti De-rail, 2 Wall Supports, 2 Door Stop, 2 Track Supports, 1 Floor Guide & 1 Slide Pull Handle,Excluding Glass, SS polished",,,,SET,,16780.0,INR,False,,2026-02-01,Pricelist -2026/HAFELE PRICELIST_MRP revision Eff 1st Feb 2026 (1).pdf,136,981.20.314
hafele,Häfele,981.20.316,False,"Echo Rectangular track, 30x2000, SS polished",,,,PC,,6170.0,INR,False,,2026-02-01,Pricelist -2026/HAFELE PRICELIST_MRP revision Eff 1st Feb 2026 (1).pdf,136,981.20.316
hafele,Häfele,981.20.317,False,"Echo Rectangular track, 30x1600, SS polished",,,,PC,,5875.0,INR,False,,2026-02-01,Pricelist -2026/HAFELE PRICELIST_MRP revision Eff 1st Feb 2026 (1).pdf,136,981.20.317
hafele,Häfele,981.22.573,False,"Glass to glass 180 degree hinge for 8 to 10mm Glass,Black Matt",10mm,,,PC,,15120.0,INR,False,,2026-02-01,Pricelist -2026/HAFELE PRICELIST_MRP revision Eff 1st Feb 2026 (1).pdf,137,981.22.573
hafele,Häfele,981.22.575,False,"Glass to glass 180 degree hinge for 8 to 10mm Glass,Rose Gold",10mm,,,PC,,16240.0,INR,False,,2026-02-01,Pricelist -2026/HAFELE PRICELIST_MRP revision Eff 1st Feb 2026 (1).pdf,137,981.22.575
hafele,Häfele,981.22.572,False,"Wall to glass 90 Degree Hinge for 8 to 10mm Glass,Black Matt",10mm,,,PC,,12320.0,INR,False,,2026-02-01,Pricelist -2026/HAFELE PRICELIST_MRP revision Eff 1st Feb 2026 (1).pdf,137,981.22.572
hafele,Häfele,981.22.574,False,"Wall to glass 90 Degree Hinge for 8 to 10mm Glass,Rose Gold",10mm,,,PC,,13440.0,INR,False,,2026-02-01,Pricelist -2026/HAFELE PRICELIST_MRP revision Eff 1st Feb 2026 (1).pdf,137,981.22.574
hafele,Häfele,981.22.577,False,"Glass to glass 180 degree hinge for 8 to 10mm Glass,Black Matt",10mm,,,PC,,10640.0,INR,False,,2026-02-01,Pricelist -2026/HAFELE PRICELIST_MRP revision Eff 1st Feb 2026 (1).pdf,137,981.22.577
hafele,Häfele,981.22.579,False,"Glass to glass 180 degree hinge for 8 to 10mm Glass,Rose Gold",10mm,,,PC,,11705.0,INR,False,,2026-02-01,Pricelist -2026/HAFELE PRICELIST_MRP revision Eff 1st Feb 2026 (1).pdf,137,981.22.579
hafele,Häfele,981.22.576,False,"Wall to glass 90 Degree Hinge  for 8 to 10mm Glass,Black Matt",10mm,,,PC,,8960.0,INR,False,,2026-02-01,Pricelist -2026/HAFELE PRICELIST_MRP revision Eff 1st Feb 2026 (1).pdf,137,981.22.576
hafele,Häfele,981.22.578,False,"Wall to glass 90 Degree Hinge for 8 to 10mm Glass,Rose Gold",10mm,,,PC,,9860.0,INR,False,,2026-02-01,Pricelist -2026/HAFELE PRICELIST_MRP revision Eff 1st Feb 2026 (1).pdf,137,981.22.578
hafele,Häfele,981.22.580,False,"Side Profile for Openable shower cubicle Length 2500mm for 8 to 10mm Glass,Black Matt",2500mm,,,PC,,10000.0,INR,False,,2026-02-01,Pricelist -2026/HAFELE PRICELIST_MRP revision Eff 1st Feb 2026 (1).pdf,137,981.22.580
hafele,Häfele,981.22.582,False,"Side Profile for Openable shower cubicle Length 2500mm for 8 to 10mm Glass,Rose Gold",2500mm,,,PC,,11760.0,INR,False,,2026-02-01,Pricelist -2026/HAFELE PRICELIST_MRP revision Eff 1st Feb 2026 (1).pdf,137,981.22.582
hafele,Häfele,981.22.581,False,"Bottom Profile for Openable shower cubicle Length 1500mm for 8 to 10mm Glass,Black Matt",1500mm,,,PC,,9000.0,INR,False,,2026-02-01,Pricelist -2026/HAFELE PRICELIST_MRP revision Eff 1st Feb 2026 (1).pdf,137,981.22.581
hafele,Häfele,981.22.583,False,"Bottom Profile for Openable shower cubicle Length 1500mm for 8 to 10mm Glass,Rose Gold",1500mm,,,PC,,10640.0,INR,False,,2026-02-01,Pricelist -2026/HAFELE PRICELIST_MRP revision Eff 1st Feb 2026 (1).pdf,137,981.22.583
hafele,Häfele,981.22.584,False,"Stabilizer Rod for fixed glass 1000MM for 8 to 10mm Glass,Black Matt",1000MM,,,PC,,10000.0,INR,False,,2026-02-01,Pricelist -2026/HAFELE PRICELIST_MRP revision Eff 1st Feb 2026 (1).pdf,137,981.22.584
hafele,Häfele,981.22.585,False,"Stabilizer Rod for fixed glass 1000MM for 8 to 10mm Glass,Rose Gold",1000MM,,,PC,,10500.0,INR,False,,2026-02-01,Pricelist -2026/HAFELE PRICELIST_MRP revision Eff 1st Feb 2026 (1).pdf,137,981.22.585
hafele,Häfele,981.22.591,False,"Handle With Inside Knob C/C 457mm for 8 to 10mm Glass,Black Matt",457mm,,,PC,,9000.0,INR,False,,2026-02-01,Pricelist -2026/HAFELE PRICELIST_MRP revision Eff 1st Feb 2026 (1).pdf,137,981.22.591
hafele,Häfele,981.22.586,False,"Handle With Inside Knob C/C 457mm for 8 to 10mm Glass,Rose Gold",457mm,,,PC,,9500.0,INR,False,,2026-02-01,Pricelist -2026/HAFELE PRICELIST_MRP revision Eff 1st Feb 2026 (1).pdf,137,981.22.586
hafele,Häfele,981.22.544,False,"Wall to Glass Hinge 180° for 8 to 12mm Glass,Brushed Nickel",12mm,,,PC,,3475.0,INR,False,,2026-02-01,Pricelist -2026/HAFELE PRICELIST_MRP revision Eff 1st Feb 2026 (1).pdf,138,981.22.544
hafele,Häfele,981.22.545,False,"Wall to Glass Hinge 90° for 8 to 12mm Glass (Off Set Mounted Side Hinge),Brushed Nickel",12mm,,,PC,,3585.0,INR,False,,2026-02-01,Pricelist -2026/HAFELE PRICELIST_MRP revision Eff 1st Feb 2026 (1).pdf,138,981.22.545
hafele,Häfele,981.22.546,False,"Glass to Glass Hinge 180° for 8 to 12mm Glass,Brushed Nickel",12mm,,,PC,,5490.0,INR,False,,2026-02-01,Pricelist -2026/HAFELE PRICELIST_MRP revision Eff 1st Feb 2026 (1).pdf,138,981.22.546
hafele,Häfele,981.22.606,False,"Glass to Glass Hinge 135° for 8 to 12mm Glass,Brushed Nickel",12mm,,,PC,,6220.0,INR,False,,2026-02-01,Pricelist -2026/HAFELE PRICELIST_MRP revision Eff 1st Feb 2026 (1).pdf,138,981.22.606
hafele,Häfele,981.22.603,False,"Glass to Glass Hinge 90° for 8 to 12mm Glass,Brushed Nickel",12mm,,,PC,,6385.0,INR,False,,2026-02-01,Pricelist -2026/HAFELE PRICELIST_MRP revision Eff 1st Feb 2026 (1).pdf,138,981.22.603
hafele,Häfele,981.22.547,False,"Wall to Glass Hinge 180° for 8 to 12mm Glass,Chrome Polished",12mm,,,PC,,3475.0,INR,False,,2026-02-01,Pricelist -2026/HAFELE PRICELIST_MRP revision Eff 1st Feb 2026 (1).pdf,138,981.22.547
hafele,Häfele,981.22.548,False,"Wall to Glass Hinge 90° for 8 to 12mm Glass (Off Set Mounted Side Hinge),Chrome Polished",12mm,,,PC,,3585.0,INR,False,,2026-02-01,Pricelist -2026/HAFELE PRICELIST_MRP revision Eff 1st Feb 2026 (1).pdf,138,981.22.548
hafele,Häfele,981.22.549,False,"Glass to Glass Hinge 180° for 8 to 12mm Glass,Chrome Polished",12mm,,,PC,,5490.0,INR,False,,2026-02-01,Pricelist -2026/HAFELE PRICELIST_MRP revision Eff 1st Feb 2026 (1).pdf,138,981.22.549
hafele,Häfele,981.22.605,False,"Glass to Glass Hinge 135° for 8 to 12mm Glass,Chrome Polished",12mm,,,PC,,6555.0,INR,False,,2026-02-01,Pricelist -2026/HAFELE PRICELIST_MRP revision Eff 1st Feb 2026 (1).pdf,138,981.22.605
hafele,Häfele,981.22.604,False,"Glass to Glass Hinge 90° for 8 to 12mm Glass,Chrome Polished",12mm,,,PC,,6720.0,INR,False,,2026-02-01,Pricelist -2026/HAFELE PRICELIST_MRP revision Eff 1st Feb 2026 (1).pdf,138,981.22.604
hafele,Häfele,981.22.550,False,"Wall to Glass Hinge 180° for 8 to 12mm Glass,Black Matt",12mm,,,PC,,3585.0,INR,False,,2026-02-01,Pricelist -2026/HAFELE PRICELIST_MRP revision Eff 1st Feb 2026 (1).pdf,138,981.22.550
hafele,Häfele,981.22.551,False,"Wall to Glass Hinge 90° for 8 to 12mm Glass (Off Set Mounted Side Hinge),Black Matt",12mm,,,PC,,3755.0,INR,False,,2026-02-01,Pricelist -2026/HAFELE PRICELIST_MRP revision Eff 1st Feb 2026 (1).pdf,138,981.22.551
hafele,Häfele,981.22.552,False,"Glass to Glass Hinge 180° for 8 to 12mm Glass,Black Matt",12mm,,,PC,,5595.0,INR,False,,2026-02-01,Pricelist -2026/HAFELE PRICELIST_MRP revision Eff 1st Feb 2026 (1).pdf,138,981.22.552
hafele,Häfele,981.22.560,False,"Wall to Glass Hinge 180° for 8 to 12mm Glass,Rose Gold",12mm,,,PC,,3950.0,INR,False,,2026-02-01,Pricelist -2026/HAFELE PRICELIST_MRP revision Eff 1st Feb 2026 (1).pdf,138,981.22.560
hafele,Häfele,981.22.562,False,"Glass to Glass Hinge 180° for 8 to 12mm Glass,Rose Gold",12mm,,,PC,,6440.0,INR,False,,2026-02-01,Pricelist -2026/HAFELE PRICELIST_MRP revision Eff 1st Feb 2026 (1).pdf,138,981.22.562
hafele,Häfele,981.70.210,False,"Floor to Glass Connector for 8 to 12mm Glass (U Connector),SS Matt",12mm,,,PC,,485.0,INR,False,,2026-02-01,Pricelist -2026/HAFELE PRICELIST_MRP revision Eff 1st Feb 2026 (1).pdf,139,981.70.210
hafele,Häfele,981.70.212,False,"Wall to Glass Connector 90° for 8 to 12mm Glass (L Connector),SS Matt",12mm,,,PC,,625.0,INR,False,,2026-02-01,Pricelist -2026/HAFELE PRICELIST_MRP revision Eff 1st Feb 2026 (1).pdf,139,981.70.212
hafele,Häfele,981.70.214,False,"Glass to Glass Connector 90° for 8 to 12mm Glass,SS Matt",12mm,,,PC,,750.0,INR,False,,2026-02-01,Pricelist -2026/HAFELE PRICELIST_MRP revision Eff 1st Feb 2026 (1).pdf,139,981.70.214
hafele,Häfele,981.70.211,False,"Floor to Glass Connector for 8 to 12mm Glass (U Connector),SS Polished",12mm,,,PC,,485.0,INR,False,,2026-02-01,Pricelist -2026/HAFELE PRICELIST_MRP revision Eff 1st Feb 2026 (1).pdf,139,981.70.211
hafele,Häfele,981.70.213,False,"Wall to Glass Connector 90° for 8 to 12mm Glass (L Connector),SS Polished",12mm,,,PC,,625.0,INR,False,,2026-02-01,Pricelist -2026/HAFELE PRICELIST_MRP revision Eff 1st Feb 2026 (1).pdf,139,981.70.213
hafele,Häfele,981.70.215,False,"Glass to Glass Connector 90° for 8 to 12mm Glass,SS Polished",12mm,,,PC,,750.0,INR,False,,2026-02-01,Pricelist -2026/HAFELE PRICELIST_MRP revision Eff 1st Feb 2026 (1).pdf,139,981.70.215
hafele,Häfele,981.22.553,False,"Floor to Glass Connector for 8 to 12mm Glass (U Connector),Black Matt",12mm,,,PC,,1300.0,INR,False,,2026-02-01,Pricelist -2026/HAFELE PRICELIST_MRP revision Eff 1st Feb 2026 (1).pdf,139,981.22.553
hafele,Häfele,981.22.554,False,"Wall to Glass Connector 90° for 8 to 12mm Glass (L Connector),Black Matt",12mm,,,PC,,1490.0,INR,False,,2026-02-01,Pricelist -2026/HAFELE PRICELIST_MRP revision Eff 1st Feb 2026 (1).pdf,139,981.22.554
hafele,Häfele,981.22.563,False,"Floor to Glass Connector for 8 to 12mm Glass (U Connector),Rose Gold",12mm,,,PC,,1340.0,INR,False,,2026-02-01,Pricelist -2026/HAFELE PRICELIST_MRP revision Eff 1st Feb 2026 (1).pdf,139,981.22.563
hafele,Häfele,981.22.564,False,"Wall to Glass Connector 90° for 8 to 12mm Glass (L Connector),Rose Gold",12mm,,,PC,,1515.0,INR,False,,2026-02-01,Pricelist -2026/HAFELE PRICELIST_MRP revision Eff 1st Feb 2026 (1).pdf,139,981.22.564
hafele,Häfele,981.70.206,False,"Wall support to Header Bar,SS Matt",,,,PC,,795.0,INR,False,,2026-02-01,Pricelist -2026/HAFELE PRICELIST_MRP revision Eff 1st Feb 2026 (1).pdf,139,981.70.206
hafele,Häfele,981.70.207,False,"Glass Middle Support for Header Bar,SS Matt",,,,PC,,850.0,INR,False,,2026-02-01,Pricelist -2026/HAFELE PRICELIST_MRP revision Eff 1st Feb 2026 (1).pdf,139,981.70.207
hafele,Häfele,981.70.208,False,"19mm SS Rod for Header Bar, Size 2000mm,SS Matt",19mm,,,PC,,1700.0,INR,False,,2026-02-01,Pricelist -2026/HAFELE PRICELIST_MRP revision Eff 1st Feb 2026 (1).pdf,139,981.70.208
hafele,Häfele,981.70.209,False,"19mm SS Rod for Header Bar, Size 3000mm,SS Matt",19mm,,,PC,,2500.0,INR,False,,2026-02-01,Pricelist -2026/HAFELE PRICELIST_MRP revision Eff 1st Feb 2026 (1).pdf,139,981.70.209
hafele,Häfele,981.70.201,False,"Wall support to Header Bar,Chrome Polished",,,,PC,,795.0,INR,False,,2026-02-01,Pricelist -2026/HAFELE PRICELIST_MRP revision Eff 1st Feb 2026 (1).pdf,139,981.70.201
hafele,Häfele,981.70.202,False,"Glass Middle Support for Header Bar,Chrome Polished",,,,PC,,850.0,INR,False,,2026-02-01,Pricelist -2026/HAFELE PRICELIST_MRP revision Eff 1st Feb 2026 (1).pdf,139,981.70.202
hafele,Häfele,981.70.203,False,"Universal Shower rail connector for 19 mm tube,Chrome Polished",19 mm,,,PC,,2200.0,INR,False,,2026-02-01,Pricelist -2026/HAFELE PRICELIST_MRP revision Eff 1st Feb 2026 (1).pdf,139,981.70.203
hafele,Häfele,981.70.204,False,"19mm SS Rod for Header Bar, Size 2000mm,Chrome Polished",19mm,,,PC,,2000.0,INR,False,,2026-02-01,Pricelist -2026/HAFELE PRICELIST_MRP revision Eff 1st Feb 2026 (1).pdf,139,981.70.204
hafele,Häfele,981.70.205,False,"19mm SS Rod for Header Bar, Size 3000mm,Chrome Polished",19mm,,,PC,,2900.0,INR,False,,2026-02-01,Pricelist -2026/HAFELE PRICELIST_MRP revision Eff 1st Feb 2026 (1).pdf,139,981.70.205
hafele,Häfele,981.22.556,False,"Wall support to Header Bar,Black Matt",,,,PC,,1095.0,INR,False,,2026-02-01,Pricelist -2026/HAFELE PRICELIST_MRP revision Eff 1st Feb 2026 (1).pdf,139,981.22.556
hafele,Häfele,981.22.557,False,"Glass Middle Support for Header Bar,Black Matt",,,,PC,,1350.0,INR,False,,2026-02-01,Pricelist -2026/HAFELE PRICELIST_MRP revision Eff 1st Feb 2026 (1).pdf,139,981.22.557
hafele,Häfele,981.22.558,False,"Universal Shower rail connector for 19 mm tube,Black Matt",19 mm,,,PC,,1495.0,INR,False,,2026-02-01,Pricelist -2026/HAFELE PRICELIST_MRP revision Eff 1st Feb 2026 (1).pdf,139,981.22.558
hafele,Häfele,981.22.559,False,"19mm SS Rod for Header Bar, Size 2000mm,Black Matt",19mm,,,PC,,3795.0,INR,False,,2026-02-01,Pricelist -2026/HAFELE PRICELIST_MRP revision Eff 1st Feb 2026 (1).pdf,139,981.22.559
hafele,Häfele,981.22.566,False,"Wall support to Header Bar,Rose Gold",,,,PC,,1260.0,INR,False,,2026-02-01,Pricelist -2026/HAFELE PRICELIST_MRP revision Eff 1st Feb 2026 (1).pdf,139,981.22.566
hafele,Häfele,981.22.567,False,"Glass Middle Support for Header Bar,Rose Gold",,,,PC,,1455.0,INR,False,,2026-02-01,Pricelist -2026/HAFELE PRICELIST_MRP revision Eff 1st Feb 2026 (1).pdf,139,981.22.567
hafele,Häfele,981.22.569,False,"19mm SS Rod for Header Bar, Size 2000mm,Rose Gold",19mm,,,PC,,4985.0,INR,False,,2026-02-01,Pricelist -2026/HAFELE PRICELIST_MRP revision Eff 1st Feb 2026 (1).pdf,139,981.22.569
hafele,Häfele,983.13.040,False,"Towel Bar with Pull Handle, Size 19mmx 450mm (Towel Bar) and 19x200mm (Pull Handle), SS Matt",450mm,,,PAIR,,3320.0,INR,False,,2026-02-01,Pricelist -2026/HAFELE PRICELIST_MRP revision Eff 1st Feb 2026 (1).pdf,140,983.13.040
hafele,Häfele,983.13.050,False,"Towel Bar with Pull Handle, Size 25mmx 450mm (Towel Bar) and 25x200mm (Pull Handle), SS Matt",450mm,,,PAIR,,4100.0,INR,False,,2026-02-01,Pricelist -2026/HAFELE PRICELIST_MRP revision Eff 1st Feb 2026 (1).pdf,140,983.13.050
hafele,Häfele,983.13.041,False,"Towel Bar with Pull Handle, Size 19mmx 450mm (Towel Bar) and 19x200mm (Pull Handle), SS Polished",450mm,,,PAIR,,3320.0,INR,False,,2026-02-01,Pricelist -2026/HAFELE PRICELIST_MRP revision Eff 1st Feb 2026 (1).pdf,140,983.13.041
hafele,Häfele,983.13.051,False,"Towel Bar with Pull Handle, Size 25mmx 450mm (Towel Bar) and 25x200mm (Pull Handle), SS Polished",450mm,,,PAIR,,4100.0,INR,False,,2026-02-01,Pricelist -2026/HAFELE PRICELIST_MRP revision Eff 1st Feb 2026 (1).pdf,140,983.13.051
hafele,Häfele,980.47.010,False,"Towel Bar with Knob 25mmx450mm, SS Matt",,,,PC,,4055.0,INR,False,,2026-02-01,Pricelist -2026/HAFELE PRICELIST_MRP revision Eff 1st Feb 2026 (1).pdf,140,980.47.010
hafele,Häfele,980.47.011,False,"Towel Bar with Knob 25mmx450mm, SS Polished",,,,PC,,4055.0,INR,False,,2026-02-01,Pricelist -2026/HAFELE PRICELIST_MRP revision Eff 1st Feb 2026 (1).pdf,140,980.47.011
hafele,Häfele,981.22.555,False,"Towel Bar with Pull Handle, Size 19mmx 450mm (Towel Bar) and 19x200mm (Pull Handle),Black Matt",450mm,,,PAIR,,4475.0,INR,False,,2026-02-01,Pricelist -2026/HAFELE PRICELIST_MRP revision Eff 1st Feb 2026 (1).pdf,140,981.22.555
hafele,Häfele,981.22.565,False,"Towel Bar with Pull Handle, Size 19mmx 450mm (Towel Bar) and 19x200mm (Pull Handle),Rose Gold",450mm,,,PAIR,,4980.0,INR,False,,2026-02-01,Pricelist -2026/HAFELE PRICELIST_MRP revision Eff 1st Feb 2026 (1).pdf,140,981.22.565
hafele,Häfele,903.19.764,False,SS304 grab bar 32mm dia 450mm c/c ss matt,32mm,,,PC,,2770.0,INR,False,,2026-02-01,Pricelist -2026/HAFELE PRICELIST_MRP revision Eff 1st Feb 2026 (1).pdf,140,903.19.764
hafele,Häfele,903.19.765,False,SS304 grab bar 32mm dia 450mm c/c ss polished,32mm,,,PC,,2865.0,INR,False,,2026-02-01,Pricelist -2026/HAFELE PRICELIST_MRP revision Eff 1st Feb 2026 (1).pdf,140,903.19.765
hafele,Häfele,903.19.774,False,SS304 grab bar 32mm dia 600mm c/c ss matt,32mm,,,PC,,3160.0,INR,False,,2026-02-01,Pricelist -2026/HAFELE PRICELIST_MRP revision Eff 1st Feb 2026 (1).pdf,140,903.19.774
hafele,Häfele,903.19.775,False,SS304 grab bar 32mm dia 600mm c/c ss polished,32mm,,,PC,,3250.0,INR,False,,2026-02-01,Pricelist -2026/HAFELE PRICELIST_MRP revision Eff 1st Feb 2026 (1).pdf,140,903.19.775
hafele,Häfele,950.28.200,False,"Wall Seal with Soft Lip for 8mm Glass, Size 2500mm,Transparent",8mm,,,PC,,345.0,INR,False,,2026-02-01,Pricelist -2026/HAFELE PRICELIST_MRP revision Eff 1st Feb 2026 (1).pdf,141,950.28.200
hafele,Häfele,950.28.201,False,"Wall Seal with Soft Lip for 10mm Glass, Size 2500mm,Transparent",10mm,,,PC,,345.0,INR,False,,2026-02-01,Pricelist -2026/HAFELE PRICELIST_MRP revision Eff 1st Feb 2026 (1).pdf,141,950.28.201
hafele,Häfele,950.28.202,False,"Wall Seal with Soft Lip for 12mm Glass, Size 2500mm,Transparent",12mm,,,PC,,380.0,INR,False,,2026-02-01,Pricelist -2026/HAFELE PRICELIST_MRP revision Eff 1st Feb 2026 (1).pdf,141,950.28.202
hafele,Häfele,950.28.203,False,"Weather Seal for 8mm Glass used between Door & Side Panel opp. Hinge end, Size 2500mm,Transparent",8mm,,,PC,,345.0,INR,False,,2026-02-01,Pricelist -2026/HAFELE PRICELIST_MRP revision Eff 1st Feb 2026 (1).pdf,141,950.28.203
hafele,Häfele,950.28.204,False,"Weather Seal for 10mm Glass used between Door & Side Panel opp. Hinge end, Size 2500mm,Transparent",10mm,,,PC,,345.0,INR,False,,2026-02-01,Pricelist -2026/HAFELE PRICELIST_MRP revision Eff 1st Feb 2026 (1).pdf,141,950.28.204
hafele,Häfele,950.28.205,False,"Weather Seal for 12mm Glass used between Door & Side Panel opp. Hinge end, Size 2500mm,Transparent",12mm,,,PC,,380.0,INR,False,,2026-02-01,Pricelist -2026/HAFELE PRICELIST_MRP revision Eff 1st Feb 2026 (1).pdf,141,950.28.205
hafele,Häfele,950.28.211,False,"Bottom Seal for Glass extruded with water run off plate for 8 mm Glass ,Size 2200mm,Transparent",8 mm,,,PC,,345.0,INR,False,,2026-02-01,Pricelist -2026/HAFELE PRICELIST_MRP revision Eff 1st Feb 2026 (1).pdf,141,950.28.211
hafele,Häfele,950.28.212,False,"Bottom Seal for Glass extruded with water run off plate for 10 mm Glass ,Size 2200mm,Transparent",10 mm,,,PC,,345.0,INR,False,,2026-02-01,Pricelist -2026/HAFELE PRICELIST_MRP revision Eff 1st Feb 2026 (1).pdf,141,950.28.212
hafele,Häfele,950.28.213,False,"Bottom Seal for Glass extruded with water run off plate for 12 mm Glass ,Size 2200mm,Transparent",12 mm,,,PC,,380.0,INR,False,,2026-02-01,Pricelist -2026/HAFELE PRICELIST_MRP revision Eff 1st Feb 2026 (1).pdf,141,950.28.213
hafele,Häfele,950.28.217,False,"Wall Seal with Soft Lip for 8mm Glass, Size 2500mm,Black",8mm,,,PC,,380.0,INR,False,,2026-02-01,Pricelist -2026/HAFELE PRICELIST_MRP revision Eff 1st Feb 2026 (1).pdf,141,950.28.217
hafele,Häfele,950.28.218,False,"Wall Seal with Soft Lip for 10mm Glass, Size 2500mm,Black",10mm,,,PC,,380.0,INR,False,,2026-02-01,Pricelist -2026/HAFELE PRICELIST_MRP revision Eff 1st Feb 2026 (1).pdf,141,950.28.218
hafele,Häfele,950.28.219,False,"Wall Seal with Soft Lip for 12mm Glass, Size 2500mm,Black",12mm,,,PC,,418.0,INR,False,,2026-02-01,Pricelist -2026/HAFELE PRICELIST_MRP revision Eff 1st Feb 2026 (1).pdf,141,950.28.219
hafele,Häfele,950.28.220,False,"Weather Seal for 8mm Glass used between Door & Side Panel opp. Hinge end, Size 2500mm,Black",8mm,,,PC,,380.0,INR,False,,2026-02-01,Pricelist -2026/HAFELE PRICELIST_MRP revision Eff 1st Feb 2026 (1).pdf,141,950.28.220
hafele,Häfele,950.28.221,False,"Weather Seal for 10mm Glass used between Door & Side Panel opp. Hinge end, Size 2500mm,Black",10mm,,,PC,,380.0,INR,False,,2026-02-01,Pricelist -2026/HAFELE PRICELIST_MRP revision Eff 1st Feb 2026 (1).pdf,141,950.28.221
hafele,Häfele,950.28.222,False,"Weather Seal for 12mm Glass used between Door & Side Panel opp. Hinge end, Size 2500mm,Black",12mm,,,PC,,418.0,INR,False,,2026-02-01,Pricelist -2026/HAFELE PRICELIST_MRP revision Eff 1st Feb 2026 (1).pdf,141,950.28.222
hafele,Häfele,950.28.223,False,"Bottom Seal for Glass extruded with water run off plate for 8 mm Glass ,Size 2200mm,Black",8 mm,,,PC,,380.0,INR,False,,2026-02-01,Pricelist -2026/HAFELE PRICELIST_MRP revision Eff 1st Feb 2026 (1).pdf,141,950.28.223
hafele,Häfele,950.28.224,False,"Bottom Seal for Glass extruded with water run off plate for 10 mm Glass ,Size 2200mm,Black",10 mm,,,PC,,380.0,INR,False,,2026-02-01,Pricelist -2026/HAFELE PRICELIST_MRP revision Eff 1st Feb 2026 (1).pdf,141,950.28.224
hafele,Häfele,950.28.225,False,"Bottom Seal for Glass extruded with water run off plate for 12 mm Glass ,Size 2200mm,Black",12 mm,,,PC,,418.0,INR,False,,2026-02-01,Pricelist -2026/HAFELE PRICELIST_MRP revision Eff 1st Feb 2026 (1).pdf,141,950.28.225
hafele,Häfele,950.28.206,False,"Magnetic Seal 180° (supplied in pairs) for 8 mm Glass, Size 2500mm,Transparent",8 mm,,,PAIR,,1290.0,INR,False,,2026-02-01,Pricelist -2026/HAFELE PRICELIST_MRP revision Eff 1st Feb 2026 (1).pdf,142,950.28.206
hafele,Häfele,950.28.207,False,"Magnetic Seal 180° (supplied in pairs) for 10 mm Glass, Size 2500mm,Transparent",10 mm,,,PAIR,,1290.0,INR,False,,2026-02-01,Pricelist -2026/HAFELE PRICELIST_MRP revision Eff 1st Feb 2026 (1).pdf,142,950.28.207
hafele,Häfele,950.28.208,False,"Magnetic Seal 180° (supplied in pairs) for 12 mm Glass, Size 2500mm,Transparent",12 mm,,,PAIR,,1290.0,INR,False,,2026-02-01,Pricelist -2026/HAFELE PRICELIST_MRP revision Eff 1st Feb 2026 (1).pdf,142,950.28.208
hafele,Häfele,950.28.209,False,"Magnetic Seal 135° (supplied in Pairs) for 10 mm Glass, Size 2500mm,Transparent",10 mm,,,PAIR,,1290.0,INR,False,,2026-02-01,Pricelist -2026/HAFELE PRICELIST_MRP revision Eff 1st Feb 2026 (1).pdf,142,950.28.209
hafele,Häfele,950.28.210,False,"Magnetic Seal 135° (supplied in Pairs) for 12 mm Glass, Size 2500mm,Transparent",12 mm,,,PAIR,,1290.0,INR,False,,2026-02-01,Pricelist -2026/HAFELE PRICELIST_MRP revision Eff 1st Feb 2026 (1).pdf,142,950.28.210
hafele,Häfele,950.28.214,False,"Magnetic Seal 180° (supplied in pairs) for 8 mm Glass, Size 2500mm,Black",8 mm,,,PAIR,,1419.0,INR,False,,2026-02-01,Pricelist -2026/HAFELE PRICELIST_MRP revision Eff 1st Feb 2026 (1).pdf,142,950.28.214
hafele,Häfele,950.28.215,False,"Magnetic Seal 180° (supplied in pairs) for 10 mm Glass, Size 2500mm,Black",10 mm,,,PAIR,,1419.0,INR,False,,2026-02-01,Pricelist -2026/HAFELE PRICELIST_MRP revision Eff 1st Feb 2026 (1).pdf,142,950.28.215
hafele,Häfele,950.28.216,False,"Magnetic Seal 180° (supplied in pairs) for 12 mm Glass, Size 2500mm,Black",12 mm,,,PAIR,,1419.0,INR,False,,2026-02-01,Pricelist -2026/HAFELE PRICELIST_MRP revision Eff 1st Feb 2026 (1).pdf,142,950.28.216
hafele,Häfele,931.46.256,False,"Hydraulic patch for wooden doors, SS 304",,,,PC,,21490.0,INR,False,,2026-02-01,Pricelist -2026/HAFELE PRICELIST_MRP revision Eff 1st Feb 2026 (1).pdf,143,931.46.256
hafele,Häfele,931.46.255,False,"Hydraulic patch for glass doors , SS 304",,,,PC,,20040.0,INR,False,,2026-02-01,Pricelist -2026/HAFELE PRICELIST_MRP revision Eff 1st Feb 2026 (1).pdf,143,931.46.255
hafele,Häfele,932.04.300,False,"SFS 80 Single Cylinder Floor Spring, 80KG Door Weight, Door width upto 915mm, SS Matt Cover Plate",915mm,,,PC,,5825.0,INR,False,,2026-02-01,Pricelist -2026/HAFELE PRICELIST_MRP revision Eff 1st Feb 2026 (1).pdf,143,932.04.300
hafele,Häfele,932.00.015,False,"FS302, Size 3, Double cylinder floor spring with 90° hold open and SS 304 Cover plate(Without Accessories),Max. door leaf weight 100 Kg,SS Matt, For door width 850-1000mm",1000mm,,,PC,,12210.0,INR,False,,2026-02-01,Pricelist -2026/HAFELE PRICELIST_MRP revision Eff 1st Feb 2026 (1).pdf,143,932.00.015
hafele,Häfele,932.00.016,False,"FS403, Size 4, Double cylinder floor spring with 90° hold open and SS 304 Cover plate (Without Accessories),Max. door leaf weight 120 Kg,SS Matt, For door width 1000-1200mm",1200mm,,,PC,,13105.0,INR,False,,2026-02-01,Pricelist -2026/HAFELE PRICELIST_MRP revision Eff 1st Feb 2026 (1).pdf,143,932.00.016
hafele,Häfele,932.79.042,False,"FS 405 Double Cylinder Floor Spring with 90° Hold Open and SS Cover plate, Size 4 (Without accessories), Max. door leaf weight 130kg ,SS Matt,For door widths 1000-1200mm",1200mm,,,PC,,13125.0,INR,False,,2026-02-01,Pricelist -2026/HAFELE PRICELIST_MRP revision Eff 1st Feb 2026 (1).pdf,143,932.79.042
hafele,Häfele,932.79.270,False,"Floor Spring, EN5, 185KG Door Weight, Door width upto 1250mm, SS Matt Cover Plate",1250mm,,,PC,,24375.0,INR,False,,2026-02-01,Pricelist -2026/HAFELE PRICELIST_MRP revision Eff 1st Feb 2026 (1).pdf,143,932.79.270
hafele,Häfele,932.79.170,False,"Floor Spring, EN5-6, 300KG Door Weight, Door width upto 1500mm (Includes Double action accessories for Wooden Doors)",1500mm,,,PC,,54490.0,INR,False,,2026-02-01,Pricelist -2026/HAFELE PRICELIST_MRP revision Eff 1st Feb 2026 (1).pdf,143,932.79.170
hafele,Häfele,932.86.031,False,"FS 6100 Heavy Duty Floor Spring with Double Action Accessories and SS Cover Plate, suitable for Door weight: upto 600kg (Double Action) and upto 400kg (Single Action) Hold Open",,,,PC,,145600.0,INR,False,,2026-02-01,Pricelist -2026/HAFELE PRICELIST_MRP revision Eff 1st Feb 2026 (1).pdf,143,932.86.031
hafele,Häfele,932.79.090,False,Double Action accessories for Floor Spring suitable for Timber doors,,,,SET,,1430.0,INR,False,,2026-02-01,Pricelist -2026/HAFELE PRICELIST_MRP revision Eff 1st Feb 2026 (1).pdf,143,932.79.090
hafele,Häfele,932.77.090,False,"Floor Pivot with bearing ,SS Matt",,,,PC,,3280.0,INR,False,,2026-02-01,Pricelist -2026/HAFELE PRICELIST_MRP revision Eff 1st Feb 2026 (1).pdf,143,932.77.090
hafele,Häfele,932.04.306,False,"SFS 80 Single Cylinder Floor Spring( Weight 80 Kg, Door Width 915 MM)+ Patch Fitting+ Lock (932.04.300+981.50.010+981.50.020+981.70.200+981.50.030)",915 MM,,,SET,,12495.0,INR,False,,2026-02-01,Pricelist -2026/HAFELE PRICELIST_MRP revision Eff 1st Feb 2026 (1).pdf,143,932.04.306
hafele,Häfele,932.04.307,False,"SFS 80 Single Cylinder Floor Spring( Weight 80 Kg, Door Width 915 MM)+ Patch Fitting(932.04.300+981.50.010+981.50.020+981.70.200)",915 MM,,,SET,,10080.0,INR,False,,2026-02-01,Pricelist -2026/HAFELE PRICELIST_MRP revision Eff 1st Feb 2026 (1).pdf,143,932.04.307
hafele,Häfele,932.00.018,False,100 KG Double Cylinder floor Spring with Patch fitting & Lock (932.00.015+981.50.010+981.50.020+981.50.030+981.70.200),,,,SET,,20485.0,INR,False,,2026-02-01,Pricelist -2026/HAFELE PRICELIST_MRP revision Eff 1st Feb 2026 (1).pdf,143,932.00.018
hafele,Häfele,932.00.019,False,100 KG Double Cylinder floor Spring with Patch fitting (932.00.015+981.50.010+981.50.020+981.70.200),,,,SET,,16800.0,INR,False,,2026-02-01,Pricelist -2026/HAFELE PRICELIST_MRP revision Eff 1st Feb 2026 (1).pdf,143,932.00.019
hafele,Häfele,932.00.020,False,120 KG Double Cylinder floor Spring with Patch fitting & Lock (932.00.016+981.50.010+981.50.020+981.50.030+981.70.200),,,,SET,,21560.0,INR,False,,2026-02-01,Pricelist -2026/HAFELE PRICELIST_MRP revision Eff 1st Feb 2026 (1).pdf,143,932.00.020
hafele,Häfele,932.00.021,False,120 KG Double Cylinder floor Spring with Patch fitting (932.00.016+981.50.010+981.50.020+981.70.200),,,,SET,,17640.0,INR,False,,2026-02-01,Pricelist -2026/HAFELE PRICELIST_MRP revision Eff 1st Feb 2026 (1).pdf,143,932.00.021
hafele,Häfele,932.79.311,False,130 KG Double Cylinder floor Spring with Patch fitting & Lock (932.79.042+981.50.010+981.50.020+981.50.030+981.70.200),,,,SET,,19400.0,INR,False,,2026-02-01,Pricelist -2026/HAFELE PRICELIST_MRP revision Eff 1st Feb 2026 (1).pdf,143,932.79.311
hafele,Häfele,932.79.312,False,130 KG Double Cylinder floor Spring with Patch fitting (932.79.042+981.50.010+981.50.020+981.70.200),,,,SET,,15850.0,INR,False,,2026-02-01,Pricelist -2026/HAFELE PRICELIST_MRP revision Eff 1st Feb 2026 (1).pdf,143,932.79.312
hafele,Häfele,981.50.010,False,"Bottom patch fitting,for 10-12mm glass, SS Matt",12mm,,,PC,,2135.0,INR,False,,2026-02-01,Pricelist -2026/HAFELE PRICELIST_MRP revision Eff 1st Feb 2026 (1).pdf,144,981.50.010
hafele,Häfele,981.50.020,False,"Top patch fitting for 10-12mm glass, SS Matt",12mm,,,PC,,2135.0,INR,False,,2026-02-01,Pricelist -2026/HAFELE PRICELIST_MRP revision Eff 1st Feb 2026 (1).pdf,144,981.50.020
hafele,Häfele,981.50.050,False,"Fanlight pivot patch fitting for 10-12 mm glass,SS Matt",12 mm,,,PC,,2180.0,INR,False,,2026-02-01,Pricelist -2026/HAFELE PRICELIST_MRP revision Eff 1st Feb 2026 (1).pdf,144,981.50.050
hafele,Häfele,981.50.040,False,"Side panel patch fitting for 10-12 mm glass,SS Matt",12 mm,,,PC,,4355.0,INR,False,,2026-02-01,Pricelist -2026/HAFELE PRICELIST_MRP revision Eff 1st Feb 2026 (1).pdf,144,981.50.040
hafele,Häfele,981.50.030,False,"Corner patch lock with cylinder fo 10-12 mm glass, SS Matt",12 mm,,,PC,,4120.0,INR,False,,2026-02-01,Pricelist -2026/HAFELE PRICELIST_MRP revision Eff 1st Feb 2026 (1).pdf,144,981.50.030
hafele,Häfele,981.00.120,False,"Top Patch for Connecting 2 or 4 Glass Panels for 10 to 12mm Glass, SS Matt",12mm,,,PC,,6160.0,INR,False,,2026-02-01,Pricelist -2026/HAFELE PRICELIST_MRP revision Eff 1st Feb 2026 (1).pdf,144,981.00.120
hafele,Häfele,981.00.060,False,"Top Patch for Fixed Glass Panel on Top & Side for 10 to 12mm Glass, SS Matt",12mm,,,PC,,3740.0,INR,False,,2026-02-01,Pricelist -2026/HAFELE PRICELIST_MRP revision Eff 1st Feb 2026 (1).pdf,144,981.00.060
hafele,Häfele,981.70.200,False,"Top Pivot with SS Plate for Glass doors with Wooden Fixed Panel on Top, SS Matt",,,,PC,,530.0,INR,False,,2026-02-01,Pricelist -2026/HAFELE PRICELIST_MRP revision Eff 1st Feb 2026 (1).pdf,144,981.70.200
hafele,Häfele,981.22.201,False,"Double Connector-Side Connector for Holding Fixed Panels or Support Fin Bracket for 10 to 12mm Glass, SS Matt",12mm,,,PC,,1925.0,INR,False,,2026-02-01,Pricelist -2026/HAFELE PRICELIST_MRP revision Eff 1st Feb 2026 (1).pdf,144,981.22.201
hafele,Häfele,981.22.200,False,"Single Connector - Side Connector to Hold Fixed Panels or Support Fin Bracket for 10 to 12mm Glass, SS Matt",12mm,,,PC,,1460.0,INR,False,,2026-02-01,Pricelist -2026/HAFELE PRICELIST_MRP revision Eff 1st Feb 2026 (1).pdf,144,981.22.200
hafele,Häfele,932.79.309,False,"FS 405 Double Cylinder Floor Spring with 90° Hold Open and SS Cover plate, Size 4 (Without accessories), Max. door leaf weight 130kg ,Black Matt,For door widths 1000-1200mm",1200mm,,,PC,,16355.0,INR,False,,2026-02-01,Pricelist -2026/HAFELE PRICELIST_MRP revision Eff 1st Feb 2026 (1).pdf,144,932.79.309
hafele,Häfele,981.50.183,False,"Bottom patch fitting,for 10-12mm glass, Black Matt",12mm,,,PC,,3120.0,INR,False,,2026-02-01,Pricelist -2026/HAFELE PRICELIST_MRP revision Eff 1st Feb 2026 (1).pdf,144,981.50.183
hafele,Häfele,981.50.083,False,"Top patch fitting for 10-12mm glass, Black Matt",12mm,,,PC,,3120.0,INR,False,,2026-02-01,Pricelist -2026/HAFELE PRICELIST_MRP revision Eff 1st Feb 2026 (1).pdf,144,981.50.083
hafele,Häfele,981.50.053,False,"Fanlight pivot patch fitting for 10-12 mm glass,Black Matt",12 mm,,,PC,,4750.0,INR,False,,2026-02-01,Pricelist -2026/HAFELE PRICELIST_MRP revision Eff 1st Feb 2026 (1).pdf,144,981.50.053
hafele,Häfele,981.50.043,False,"Side panel patch fitting for 10-12 mm glass,Black Matt",12 mm,,,PC,,5045.0,INR,False,,2026-02-01,Pricelist -2026/HAFELE PRICELIST_MRP revision Eff 1st Feb 2026 (1).pdf,144,981.50.043
hafele,Häfele,981.50.063,False,"Corner patch lock with cylinder fo 10-12 mm glass, Black Matt",12 mm,,,PC,,4770.0,INR,False,,2026-02-01,Pricelist -2026/HAFELE PRICELIST_MRP revision Eff 1st Feb 2026 (1).pdf,144,981.50.063
hafele,Häfele,981.07.282,False,"Top Pivot with SS Plate for Glass doors with Wooden Fixed Panel on Top, Black Matt",,,,PC,,630.0,INR,False,,2026-02-01,Pricelist -2026/HAFELE PRICELIST_MRP revision Eff 1st Feb 2026 (1).pdf,144,981.07.282
hafele,Häfele,903.11.456,False,"H Pull Handle C/C300mm Overall Length 450mm, Dia.19mm,for 10- 12mm Glass,SS 304,Black Matt Pair",450mm,,,,,3999.0,INR,False,,2026-02-01,Pricelist -2026/HAFELE PRICELIST_MRP revision Eff 1st Feb 2026 (1).pdf,145,903.11.456
hafele,Häfele,903.11.481,False,D PH B2B 25 X 450 C/C 475 O/A SSM+SSP Pair,,,,,,3270.0,INR,False,,2026-02-01,Pricelist -2026/HAFELE PRICELIST_MRP revision Eff 1st Feb 2026 (1).pdf,145,903.11.481
hafele,Häfele,903.13.541,False,CRANK PULL HLE 25MM X 400MM SS304 MBK Pair,25MM,,,,,8580.0,INR,False,,2026-02-01,Pricelist -2026/HAFELE PRICELIST_MRP revision Eff 1st Feb 2026 (1).pdf,146,903.13.541
hafele,Häfele,981.51.064,False,"Pivot door hinge ,65 Kg,8-10 mm Glass , Black Matt finish",10 mm,,,SET,,11000.0,INR,False,,2026-02-01,Pricelist -2026/HAFELE PRICELIST_MRP revision Eff 1st Feb 2026 (1).pdf,146,981.51.064
hafele,Häfele,981.51.063,False,"Pivot door hinge ,65 Kg,8-10 mm Glass , Aluminum annodized finish",10 mm,,,SET,,10000.0,INR,False,,2026-02-01,Pricelist -2026/HAFELE PRICELIST_MRP revision Eff 1st Feb 2026 (1).pdf,146,981.51.063
hafele,Häfele,912.21.009,False,"Stella Digital Lock with Fingerprint, Mech Key Access and Bluetooth Enabled Key Sharing (Hafele Smart Living App) Finish: Black Matt Standard Door Thickness: 30-50 mm",50 mm,,,PC,,7000.0,INR,False,,2026-02-01,Pricelist -2026/HAFELE PRICELIST_MRP revision Eff 1st Feb 2026 (1).pdf,148,912.21.009
hafele,Häfele,912.21.010,False,"Stella Digital Lock with Fingerprint, Mech Key Access and Bluetooth Enabled Key Sharing (Hafele Smart Living App) Finish: Antique Brass Standard Door Thickness: 30-50 mm",50 mm,,,PC,,7000.0,INR,False,,2026-02-01,Pricelist -2026/HAFELE PRICELIST_MRP revision Eff 1st Feb 2026 (1).pdf,148,912.21.010
hafele,Häfele,912.21.011,False,"Stella Digital Lock with Fingerprint, Mech Key Access and Bluetooth Enabled Key Sharing (Hafele Smart Living App) Finish: Stainless Steel Standard Door Thickness: 30-50 mm",50 mm,,,PC,,7000.0,INR,False,,2026-02-01,Pricelist -2026/HAFELE PRICELIST_MRP revision Eff 1st Feb 2026 (1).pdf,148,912.21.011
hafele,Häfele,912.20.711,False,"RE-Ach Digital Lock with Fingerprint, RFID, Keypad, Password, Mech Key Access and Bluetooth Enabled Key Sharing (Hafele Smart Living App) Finish: Black Standard Door Thickness: 32-110 mm",110 mm,,,PC,,19600.0,INR,False,,2026-02-01,Pricelist -2026/HAFELE PRICELIST_MRP revision Eff 1st Feb 2026 (1).pdf,148,912.20.711
hafele,Häfele,912.20.712,False,"RE-Ach Digital Lock with Fingerprint, RFID, Keypad, Password, Mech Key Access and Bluetooth Enabled Key Sharing (Hafele Smart Living App) Finish: Antique Copper Standard Door Thickness: 32-110 mm",110 mm,,,PC,,20720.0,INR,False,,2026-02-01,Pricelist -2026/HAFELE PRICELIST_MRP revision Eff 1st Feb 2026 (1).pdf,148,912.20.712
hafele,Häfele,912.20.467,False,"RE-Split Digital Lock with Fingerprint, Keypad, Password, Mech Key Access and Bluetooth Enabled Key Sharing (Hafele Smart Living App) Finish: Black Standard Door Thickness: 32-110 mm",110 mm,,,PC,,27645.0,INR,False,,2026-02-01,Pricelist -2026/HAFELE PRICELIST_MRP revision Eff 1st Feb 2026 (1).pdf,148,912.20.467
hafele,Häfele,912.21.020,False,"Vega Digital Lock with Fingerprint, RFID, Keypad Password, Mech Key Access and Built-in Wi-Fi Key (Hafele Smart Living App) VDP compatibility with accessories Finish: Black Standard Door Thickness: 35-110 mm",110 mm,,,PC,,32470.0,INR,False,,2026-02-01,Pricelist -2026/HAFELE PRICELIST_MRP revision Eff 1st Feb 2026 (1).pdf,148,912.21.020
hafele,Häfele,499.21.226,False,"Nova Digital Lock with Fingerprint, Keypad, Password and Bluetooth Enabled Key Sharing (Hafele Smart Living App) VDP Compatibility with Accessory Module Finish: Black/Gray Standard Door Thickness: 30-90 mm",90 mm,,,PC,,35840.0,INR,False,,2026-02-01,Pricelist -2026/HAFELE PRICELIST_MRP revision Eff 1st Feb 2026 (1).pdf,149,499.21.226
hafele,Häfele,912.20.483,False,"RE-Twist Push N Twist Lock with Fingerprint, RFID, Keypad Password, Mech Key Access and Built-in Wi-Fi Key (Hafele Smart Living App) Finish: Black Standard Door Thickness: 35-110 mm",110 mm,,,PC,,45285.0,INR,False,,2026-02-01,Pricelist -2026/HAFELE PRICELIST_MRP revision Eff 1st Feb 2026 (1).pdf,149,912.20.483
hafele,Häfele,499.21.225,False,"Zenith Digital Lock with Fingerprint, Keypad, Password, Mechanical key access and Built-in Wi-Fi Key (Hafele Smart Living App) In-Built Camera for Video Surveillance and 2-Way Communication VDP Compatibility with Accessory Module Finish: Black/Gray Standard Door Thickness: 35-110 mm",110 mm,,,PC,,50400.0,INR,False,,2026-02-01,Pricelist -2026/HAFELE PRICELIST_MRP revision Eff 1st Feb 2026 (1).pdf,149,499.21.225
hafele,Häfele,499.21.224,False,"Horizon Digital Lock with Face Recognition, Fingerprint, Keypad, Password, Mechanical key access and Built-in Wi-Fi Key (Hafele Smart Living App) In-Built Camera for Video Surveillance and 2-Way Communication VDP Compatibility with Accessory Module Digital Door Viewer Ambient Lighting Finish: Black/Gray Standard Door Thickness: 35-110 mm",110 mm,,,PC,,68320.0,INR,False,,2026-02-01,Pricelist -2026/HAFELE PRICELIST_MRP revision Eff 1st Feb 2026 (1).pdf,149,499.21.224
hafele,Häfele,499.21.223,False,"Infinity Digital Lock with Face Recognition, Palm Vein ID, Fingerprint, Keypad, Password, Mechanical key access and Built-in Wi-Fi Key (Hafele Smart Living App) In-Built Camera for Video Surveillance and 2-Way Communication VDP Compatibility with Accessory Module Digital Door Viewer Ambient Lighting Finish: Black/Gray Standard Door Thickness: 35-110 mm",110 mm,,,PC,,95090.0,INR,False,,2026-02-01,Pricelist -2026/HAFELE PRICELIST_MRP revision Eff 1st Feb 2026 (1).pdf,149,499.21.223
hafele,Häfele,912.05.007,False,"Classical Digital Lock with Fingerprint, RFID, Keypad Password, Mech Key Access and Built-in Wi-Fi Key (Hafele Smart Living App) VDP compatibility with accessories Sturdy Metallic Construction Big Size Lockbody With Additional 2 Hookbolts Lockbody Length: Finish: Antique Copper Door Thickness: 50-150 mm (Standard: 50-70 mm)",150 mm,,,PC,,134400.0,INR,False,,2026-02-01,Pricelist -2026/HAFELE PRICELIST_MRP revision Eff 1st Feb 2026 (1).pdf,149,912.05.007
hafele,Häfele,231.98.621,False,Kabi-Block Furniture lock with auto locking mode Mounting technique: Surface mount Finish: Matt black Standard door thickness: 14 to 27 mm Application: Openable cabinet and drawer furniture lock,27 mm,,,PC,,3640.0,INR,False,,2026-02-01,Pricelist -2026/HAFELE PRICELIST_MRP revision Eff 1st Feb 2026 (1).pdf,150,231.98.621
hafele,Häfele,231.98.635,False,"Kabi-Orb Furniture lock with BLE Mounting technique: Surface mount Finish: Matt black Standard door thickness: 14 to 27 mm Application: Openable cabinet and drawer furniture lock with pull knob BLE features via Hafele Smart Living App: App access, User management, Audit trails",27 mm,,,PC,,5040.0,INR,False,,2026-02-01,Pricelist -2026/HAFELE PRICELIST_MRP revision Eff 1st Feb 2026 (1).pdf,150,231.98.635
hafele,Häfele,231.98.628,False,"Kabi-Orb Furniture lock with BLE Mounting technique: Surface mount Finish: Rose Gold Standard door thickness: 14 to 27 mm Application: Openable cabinet and drawer furniture lock with pull knob BLE features via Hafele Smart Living App: App access, User management, Audit trails",27 mm,,,PC,,5040.0,INR,False,,2026-02-01,Pricelist -2026/HAFELE PRICELIST_MRP revision Eff 1st Feb 2026 (1).pdf,150,231.98.628
hafele,Häfele,231.98.629,False,"Kabi-Orb Furniture lock with BLE Mounting technique: Surface mount Finish: Gun Metal Standard door thickness: 14 to 27 mm Application: Openable cabinet and drawer furniture lock with pull knob BLE features via Hafele Smart Living App: App access, User management, Audit trails",27 mm,,,PC,,5040.0,INR,False,,2026-02-01,Pricelist -2026/HAFELE PRICELIST_MRP revision Eff 1st Feb 2026 (1).pdf,150,231.98.629
hafele,Häfele,231.98.625,False,Kabi-Iris Furniture lock with auto locking mode Mounting technique: Surface mount Finish: Matt black Standard door thickness: 14 to 27 mm Application: Openable cabinet and drawer furniture lock with pull knob,27 mm,,,PC,,6105.0,INR,False,,2026-02-01,Pricelist -2026/HAFELE PRICELIST_MRP revision Eff 1st Feb 2026 (1).pdf,150,231.98.625
hafele,Häfele,231.98.626,False,Kabi-Iris Furniture lock with auto locking mode Mounting technique: Surface mount Finish: Rose Gold Standard door thickness: 14 to 27 mm Application: Openable cabinet and drawer furniture lock with pull knob,27 mm,,,PC,,6330.0,INR,False,,2026-02-01,Pricelist -2026/HAFELE PRICELIST_MRP revision Eff 1st Feb 2026 (1).pdf,150,231.98.626
hafele,Häfele,231.98.627,False,Kabi-Slim Furniture lock with auto locking mode Mounting technique: Flush mount Finish: Matt black Standard door thickness: 14 to 27 mm Application: Openable cabinet and drawer furniture lock,27 mm,,,PC,,7840.0,INR,False,,2026-02-01,Pricelist -2026/HAFELE PRICELIST_MRP revision Eff 1st Feb 2026 (1).pdf,150,231.98.627
hafele,Häfele,231.98.633,False,"Kabi-Flow Digital Furniture Lock Kit with wireless fingerprint access lock with hidden lockbody. Mounting technique: Surface mount Finish: Matt black Tangible door weight (without soft close): 45 Kg Application: Openable hinge door, sliding door and drawer furniture lock",,,,PC,,6500.0,INR,False,,2026-02-01,Pricelist -2026/HAFELE PRICELIST_MRP revision Eff 1st Feb 2026 (1).pdf,150,231.98.633
hafele,Häfele,912.05.008,False,Classical Lock Dummy Handle for Double Door Application To be Installed on Alternate Door Visually Similar to Classical Digital Lock Finish: Antique Copper,,,,PC,,61600.0,INR,False,,2026-02-01,Pricelist -2026/HAFELE PRICELIST_MRP revision Eff 1st Feb 2026 (1).pdf,151,912.05.008
hafele,Häfele,912.20.658,False,"RF I/O Module  Compatible with Infinity Digital Lock, Horizon Digital Lock, Zenith Digital Lock and Nova Digital Lock",,,,PC,,7000.0,INR,False,,2026-02-01,Pricelist -2026/HAFELE PRICELIST_MRP revision Eff 1st Feb 2026 (1).pdf,151,912.20.658
hafele,Häfele,912.21.012,False,433 Transmitter Module Compatible with Classical Digital Lock and Vega Digital Lock,,,,PC,,4630.0,INR,False,,2026-02-01,Pricelist -2026/HAFELE PRICELIST_MRP revision Eff 1st Feb 2026 (1).pdf,151,912.21.012
hafele,Häfele,912.21.013,False,433 Receiver Module Compatible with Classical Digital Lock and Vega Digital Lock,,,,PC,,3215.0,INR,False,,2026-02-01,Pricelist -2026/HAFELE PRICELIST_MRP revision Eff 1st Feb 2026 (1).pdf,151,912.21.013
hafele,Häfele,912.05.780,False,Hafele Smart RFID Card,,,,PC,,580.0,INR,False,,2026-02-01,Pricelist -2026/HAFELE PRICELIST_MRP revision Eff 1st Feb 2026 (1).pdf,151,912.05.780
hafele,Häfele,231.98.634,False,"Kabi-Flow Lock Body. Additional Lockbody for multiple locks with single fingerprint requirement. Upto 4 lockbodies can be bound with single wireless fingerprint device. Mounting technique: Surface mount Finish: Matt black Tangible door weight (without soft close): 45 Kg Application: Openable hinge door, sliding door and drawer furniture lock",,,,PC,,3080.0,INR,False,,2026-02-01,Pricelist -2026/HAFELE PRICELIST_MRP revision Eff 1st Feb 2026 (1).pdf,151,231.98.634
