vendor,brand,item_code,code_synthesized,description,size,finish,colour,uom,pack_qty,mrp,currency,gst_inclusive,hsn,price_valid_from,source_file,source_page,raw_line
hettich,Hettich,9242867,False,Base 14.5 (Crank 0°) with Mounting Plate (D 1.5 mm),,,,Pair,100,138.0,INR,False,83021090,2026-02-01,Pricelist -2026/Hettich Price List February 2026.pdf,9,9242867
hettich,Hettich,9242868,False,Base 5 (Crank 9.5°) with Mounting Plate (D 1.5 mm),,,,Pair,100,146.0,INR,False,83021090,2026-02-01,Pricelist -2026/Hettich Price List February 2026.pdf,9,9242868
hettich,Hettich,9242869,False,Base -1.5 (Crank 16°) with Mounting Plate (D 1.5 mm),,,,Pair,100,154.0,INR,False,83021090,2026-02-01,Pricelist -2026/Hettich Price List February 2026.pdf,9,9242869
hettich,Hettich,9042758,False,Dampener for Hinge Cup overlay doors,,,,Pc,100,200.0,INR,False,83024200,2026-02-01,Pricelist -2026/Hettich Price List February 2026.pdf,9,9042758
hettich,Hettich,9242874,False,Base 12.5 (Crank 0°) with Mounting Plate (D 0 mm),,,,Pair,100,335.0,INR,False,83021090,2026-02-01,Pricelist -2026/Hettich Price List February 2026.pdf,9,9242874
hettich,Hettich,9242876,False,Base 3 (Crank 9.5°) with Mounting Plate (D 0 mm),,,,Pair,100,373.0,INR,False,83021090,2026-02-01,Pricelist -2026/Hettich Price List February 2026.pdf,9,9242876
hettich,Hettich,9242877,False,Base -3.5 (Crank 16°) with Mounting Plate (D 0 mm),,,,Pair,100,411.0,INR,False,83021090,2026-02-01,Pricelist -2026/Hettich Price List February 2026.pdf,9,9242877
hettich,Hettich,9242878,False,Base 18 (Crank -5°) with Mounting Plate (D 0 mm),,,,Pair,100,1126.0,INR,False,83021090,2026-02-01,Pricelist -2026/Hettich Price List February 2026.pdf,9,9242878
hettich,Hettich,9242883,False,Base 8 (Crank 5°) with Mounting Plate (D 0 mm),,,,Pair,100,1161.0,INR,False,83021090,2026-02-01,Pricelist -2026/Hettich Price List February 2026.pdf,9,9242883
hettich,Hettich,9242885,False,Base -3 (Crank 16°) with Mounting Plate (D 0 mm),,,,Pair,100,1172.0,INR,False,83021090,2026-02-01,Pricelist -2026/Hettich Price List February 2026.pdf,9,9242885
hettich,Hettich,9242890,False,Base 12.5 (Crank 0°) with Intermat Mounting plate,,,,Pair,50,1068.0,INR,False,83021090,2026-02-01,Pricelist -2026/Hettich Price List February 2026.pdf,9,9242890
hettich,Hettich,9243042,False,Corner unit folding door with Intermat Mounting Plate (D O mm); cup in sensys design,,,,Pair,100,966.0,INR,False,83021090,2026-02-01,Pricelist -2026/Hettich Price List February 2026.pdf,9,9243042
hettich,Hettich,9242888,False,Corner unit folding door with Intermat Mounting Plate (D O mm); cup in Intermat design,,,,Pair,100,976.0,INR,False,83021090,2026-02-01,Pricelist -2026/Hettich Price List February 2026.pdf,9,9242888
hettich,Hettich,9242895,False,Blind corner (W 90°),,,,Pair,100,952.0,INR,False,83021090,2026-02-01,Pricelist -2026/Hettich Price List February 2026.pdf,9,9242895
hettich,Hettich,9383405,False,on Hinge (Silent) - 25 mm - Crank with 4 Hole Mounting Plate,,,,Pair,50,196.0,INR,False,83021090,2026-02-01,Pricelist -2026/Hettich Price List February 2026.pdf,10,9383405
hettich,Hettich,9383406,False,on Hinge (Silent) - 25 mm - Crank with 4 Hole Mounting Plate,,,,Pair,50,206.0,INR,False,83021090,2026-02-01,Pricelist -2026/Hettich Price List February 2026.pdf,10,9383406
hettich,Hettich,9383407,False,on Hinge (Silent) - 25 mm - Crank with 4 Hole Mounting Plate,,,,Pair,50,216.0,INR,False,83021090,2026-02-01,Pricelist -2026/Hettich Price List February 2026.pdf,10,9383407
hettich,Hettich,9281432,False,Hinge - 25 mm - 0 Crank with plate and cover caps,,,,Pair,50,384.0,INR,False,83021090,2026-02-01,Pricelist -2026/Hettich Price List February 2026.pdf,10,9281432
hettich,Hettich,9281434,False,Hinge - 25 mm - 9.5 Crank with plate and cover caps plate and cover caps,,,,Pair,50,422.0,INR,False,83021090,2026-02-01,Pricelist -2026/Hettich Price List February 2026.pdf,10,9281434
hettich,Hettich,9297208,False,Hinge - 25 mm - 0 Crank with plate and cover caps,,,,Pair,50,296.0,INR,False,83021090,2026-02-01,Pricelist -2026/Hettich Price List February 2026.pdf,10,9297208
hettich,Hettich,9297209,False,Hinge - 25 mm - 9.5 Crank with plate and cover caps plate and cover caps,,,,Pair,50,332.0,INR,False,83021090,2026-02-01,Pricelist -2026/Hettich Price List February 2026.pdf,10,9297209
hettich,Hettich,9336570,False,Hinge - 25 mm - 0 Crank with 4 hole plate and cover caps,,,,Set,50,384.0,INR,False,83021090,2026-02-01,Pricelist -2026/Hettich Price List February 2026.pdf,10,9336570
hettich,Hettich,9336591,False,Hinge - 25 mm - 9.5 Crank with 4 hole plate and cover caps plate and cover caps,,,,Set,50,422.0,INR,False,83021090,2026-02-01,Pricelist -2026/Hettich Price List February 2026.pdf,10,9336591
hettich,Hettich,9406181,False,Onsys 4447i 0 Crank - Eccentric MP,,,,Pair,50,430.0,INR,False,83021090,2026-02-01,Pricelist -2026/Hettich Price List February 2026.pdf,11,9406181
hettich,Hettich,9406182,False,Onsys 4447i 9.5 Crank - Eccentric MP,,,,Pair,50,468.0,INR,False,83021090,2026-02-01,Pricelist -2026/Hettich Price List February 2026.pdf,11,9406182
hettich,Hettich,9406183,False,Onsys 4447i 16 Crank - Eccentric MP,,,,Pair,50,506.0,INR,False,83021090,2026-02-01,Pricelist -2026/Hettich Price List February 2026.pdf,11,9406183
hettich,Hettich,9354033,False,Onsys Hinge - 25 mm - 0 Crank with 4 hole mounting plate and cover caps,,,,Pair,50,42083021090.0,INR,False,,2026-02-01,Pricelist -2026/Hettich Price List February 2026.pdf,11,9354033
hettich,Hettich,9354034,False,Onsys Hinge - 25 mm - 9.5 Crank with 4 hole mounting plate and cover caps,,,,Pair,50,46083021090.0,INR,False,,2026-02-01,Pricelist -2026/Hettich Price List February 2026.pdf,11,9354034
hettich,Hettich,9354035,False,Onsys Hinge - 25 mm - 16 Crank with 4 hole mounting plate and cover caps,,,,Pair,50,50083021090.0,INR,False,,2026-02-01,Pricelist -2026/Hettich Price List February 2026.pdf,11,9354035
hettich,Hettich,9315433,False,Base 11.5 (0 Crank) with mounting plate (D 0 mm) & cover cap,,,,Pair,100,840.0,INR,False,83021000,2026-02-01,Pricelist -2026/Hettich Price List February 2026.pdf,11,9315433
hettich,Hettich,9315434,False,Base 3 (9.5 Crank) with mounting plate (D 0 mm) & cover cap,,,,Pair,100,876.0,INR,False,83021000,2026-02-01,Pricelist -2026/Hettich Price List February 2026.pdf,11,9315434
hettich,Hettich,9315435,False,Base -6.5 (16 Crank) with mounting plate (D 0 mm) cover cap,,,,Pair,100,910.0,INR,False,83021000,2026-02-01,Pricelist -2026/Hettich Price List February 2026.pdf,11,9315435
hettich,Hettich,9289598,False,Mounting Plate D 0.0,,,,Pc,200,34.0,INR,False,83021000,2026-02-01,Pricelist -2026/Hettich Price List February 2026.pdf,11,9289598
hettich,Hettich,9307265,False,Cover Cap embossed with Hettich logo,,,,Pc,200,22.0,INR,False,83024200,2026-02-01,Pricelist -2026/Hettich Price List February 2026.pdf,11,9307265
hettich,Hettich,9242922,False,Base 12.5 (Crank 0°) with Mounting Plate (D 0 mm),,,,Pair,100,840.0,INR,False,83021090,2026-02-01,Pricelist -2026/Hettich Price List February 2026.pdf,11,9242922
hettich,Hettich,9242923,False,Base 3 (Crank 9.5°) with Mounting Plate (D 0 mm),,,,Pair,100,888.0,INR,False,83021090,2026-02-01,Pricelist -2026/Hettich Price List February 2026.pdf,11,9242923
hettich,Hettich,9242924,False,Base -4 (Crank 16°) with Mounting Plate (D 0 mm),,,,Pair,100,936.0,INR,False,83021090,2026-02-01,Pricelist -2026/Hettich Price List February 2026.pdf,11,9242924
hettich,Hettich,9242902,False,Base 12.5 (Crank 0°) with Mounting Plate (D 0 mm),,,,Pair,100,902.0,INR,False,83021090,2026-02-01,Pricelist -2026/Hettich Price List February 2026.pdf,11,9242902
hettich,Hettich,9242905,False,Base 3 (Crank 9.5°) with Mounting Plate (D 0 mm),,,,Pair,100,952.0,INR,False,83021090,2026-02-01,Pricelist -2026/Hettich Price List February 2026.pdf,11,9242905
hettich,Hettich,9242906,False,Base -4 (Crank 16°) with Mounting Plate (D 0 mm),,,,Pair,100,1002.0,INR,False,83021090,2026-02-01,Pricelist -2026/Hettich Price List February 2026.pdf,11,9242906
hettich,Hettich,9243040,False,Base 12.5 (Crank 0°) with Mounting Plate (D 0 mm),,,,Pair,50,1645.0,INR,False,83021090,2026-02-01,Pricelist -2026/Hettich Price List February 2026.pdf,11,9243040
hettich,Hettich,9352773,False,12.5 (Crank 0°) with 4 Hole Mounting Plate,,,,Pair,100,840.0,INR,False,83021090,2026-02-01,Pricelist -2026/Hettich Price List February 2026.pdf,12,9352773
hettich,Hettich,9352774,False,3 (Crank 9.5°) with 4 Hole Mounting Plate,,,,Pair,100,888.0,INR,False,83021090,2026-02-01,Pricelist -2026/Hettich Price List February 2026.pdf,12,9352774
hettich,Hettich,9352775,False,-4 (Crank 16°) with 4 Hole Mounting Plate,,,,Pair,100,936.0,INR,False,83021090,2026-02-01,Pricelist -2026/Hettich Price List February 2026.pdf,12,9352775
hettich,Hettich,9352710,False,Base 12.5 (Crank 0°) with 4 Hole Mounting Plate,,,,Pair,100,902.0,INR,False,83021090,2026-02-01,Pricelist -2026/Hettich Price List February 2026.pdf,12,9352710
hettich,Hettich,9352771,False,Base 3 (Crank 9.5°) with 4 Hole Mounting Plate,,,,Pair,100,952.0,INR,False,83021090,2026-02-01,Pricelist -2026/Hettich Price List February 2026.pdf,12,9352771
hettich,Hettich,9352772,False,Base -4 (Crank 16°) with 4 Hole Mounting Plate,,,,Pair,100,1002.0,INR,False,83021090,2026-02-01,Pricelist -2026/Hettich Price List February 2026.pdf,12,9352772
hettich,Hettich,9199822,False,"Sensys Cover Cap ""Made in Germany”",,,,Pc,50,16.0,INR,False,83024200,2026-02-01,Pricelist -2026/Hettich Price List February 2026.pdf,12,9199822
hettich,Hettich,9082614,False,Sensys Cover Cap for Hinge Cup T52/53,,,,Pc,50,20.0,INR,False,83024200,2026-02-01,Pricelist -2026/Hettich Price List February 2026.pdf,12,9082614
hettich,Hettich,9214838,False,Sensys Mount Plate D 0,,,,Pc,100,32.0,INR,False,83021000,2026-02-01,Pricelist -2026/Hettich Price List February 2026.pdf,12,9214838
hettich,Hettich,9088242,False,Sensys Press-in Linear Mount Plate D 0.5,,,,Pc,50,120.0,INR,False,83021000,2026-02-01,Pricelist -2026/Hettich Price List February 2026.pdf,12,9088242
hettich,Hettich,46695,False,Door Buffer Self-Adhesive,,,,Pc,"1,000",5000.0,INR,False,39269097,2026-02-01,Pricelist -2026/Hettich Price List February 2026.pdf,12,46695
hettich,Hettich,9426424,False,T43 Hinge Screws M5X11,,,,Pc,"1,000",300.0,INR,False,73181558,2026-02-01,Pricelist -2026/Hettich Price List February 2026.pdf,12,9426424
hettich,Hettich,1058613,False,T43 Hinge Sockets 10mm Dia,,,,Pc,"10,000",500.0,INR,False,39269097,2026-02-01,Pricelist -2026/Hettich Price List February 2026.pdf,12,1058613
hettich,Hettich,9323480,False,Base 12.5 (Crank 0°) with Mounting Plate & cover cap,,,,Pair,100,1152.0,INR,False,83021000,2026-02-01,Pricelist -2026/Hettich Price List February 2026.pdf,13,9323480
hettich,Hettich,9323561,False,Base 3 (Crank 9.5°) with Mounting Plate & cover cap,,,,Pair,100,1208.0,INR,False,83021000,2026-02-01,Pricelist -2026/Hettich Price List February 2026.pdf,13,9323561
hettich,Hettich,9323562,False,Base -4 (Crank 16°) with Mounting Plate & cover cap,,,,Pair,100,1262.0,INR,False,83021000,2026-02-01,Pricelist -2026/Hettich Price List February 2026.pdf,13,9323562
hettich,Hettich,9323563,False,Base 12.5 (Crank 0°) with Mounting Plate & cover cap,,,,Pair,100,1214.0,INR,False,83021000,2026-02-01,Pricelist -2026/Hettich Price List February 2026.pdf,13,9323563
hettich,Hettich,9323564,False,Base 3 (Crank 9.5°) with Mounting Plate & cover cap,,,,Pair,100,1268.0,INR,False,83021000,2026-02-01,Pricelist -2026/Hettich Price List February 2026.pdf,13,9323564
hettich,Hettich,9323565,False,Base -4 (Crank 16°) with Mounting Plate & cover cap,,,,Pair,100,1356.0,INR,False,83021000,2026-02-01,Pricelist -2026/Hettich Price List February 2026.pdf,13,9323565
hettich,Hettich,9091767,False,Base 12.5 (Crank 0°) (Order mounting plate separately),,,,Pc,50,1057.0,INR,False,83021000,2026-02-01,Pricelist -2026/Hettich Price List February 2026.pdf,13,9091767
hettich,Hettich,9091744,False,Base 12.5 (Crank 0°) (Order mounting plate separately),,,,Pc,50,670.0,INR,False,83021000,2026-02-01,Pricelist -2026/Hettich Price List February 2026.pdf,13,9091744
hettich,Hettich,9091748,False,Base 4 (Crank 4) (Order mounting plate separately),,,,Pc,50,941.0,INR,False,83021000,2026-02-01,Pricelist -2026/Hettich Price List February 2026.pdf,13,9091748
hettich,Hettich,9091803,False,System 8099 Sensys Cross Mounting Plate with eccentric CAM D 0 mm in Black,,,,Pc,50,108.0,INR,False,83021000,2026-02-01,Pricelist -2026/Hettich Price List February 2026.pdf,13,9091803
hettich,Hettich,9308038,False,Sensys Screw-on Linear Mounting Plate with oblong CAM D 0.5 in Black,,,,Pc,200,110.0,INR,False,83021000,2026-02-01,Pricelist -2026/Hettich Price List February 2026.pdf,13,9308038
hettich,Hettich,9308181,False,Sensys Cover Cap for Hinge Arm in Black,,,,Pc,200,20.0,INR,False,83024200,2026-02-01,Pricelist -2026/Hettich Price List February 2026.pdf,13,9308181
hettich,Hettich,9308183,False,Sensys Cover Cap for Hinge Cup T52/53 in Black,,,,Pc,200,26.0,INR,False,83024200,2026-02-01,Pricelist -2026/Hettich Price List February 2026.pdf,13,9308183
hettich,Hettich,9308182,False,"Sensys Cover Cap for Hinge Arm ""Hettich"" Black",,,,Pc,200,20.0,INR,False,83024200,2026-02-01,Pricelist -2026/Hettich Price List February 2026.pdf,13,9308182
hettich,Hettich,9384480,False,Airosys Invisible Hinge Nickel Black - Right,,,,Pc,1,5000.0,INR,False,83024900,2026-02-01,Pricelist -2026/Hettich Price List February 2026.pdf,13,9384480
hettich,Hettich,9384511,False,Airosys Invisible Hinge Nickel Black - Left,,,,Pc,1,5000.0,INR,False,83024900,2026-02-01,Pricelist -2026/Hettich Price List February 2026.pdf,13,9384511
hettich,Hettich,9384512,False,Airosys Invisible Hinge Nickel Silver - Right,,,,Pc,1,5000.0,INR,False,83024900,2026-02-01,Pricelist -2026/Hettich Price List February 2026.pdf,13,9384512
hettich,Hettich,9384513,False,Airosys Invisible Hinge Nickel Silver - Left,,,,Pc,1,5000.0,INR,False,83024900,2026-02-01,Pricelist -2026/Hettich Price List February 2026.pdf,13,9384513
hettich,Hettich,9384514,False,Airosys Corner Bracket for Alu-Profiles Right,,,,Pc,1,1000.0,INR,False,83024900,2026-02-01,Pricelist -2026/Hettich Price List February 2026.pdf,13,9384514
hettich,Hettich,9384515,False,Airosys Corner Bracket for Alu-Profiles Left,,,,Pc,1,1000.0,INR,False,83024900,2026-02-01,Pricelist -2026/Hettich Price List February 2026.pdf,13,9384515
hettich,Hettich,9251644,False,Airosys Fixing Support,,,,Set,1,1200.0,INR,False,83024900,2026-02-01,Pricelist -2026/Hettich Price List February 2026.pdf,13,9251644
hettich,Hettich,9417240,False,Airosys straight frame profile 3000mm BL,,,,Pc,4,3340.0,INR,False,76042990,2026-02-01,Pricelist -2026/Hettich Price List February 2026.pdf,13,9417240
hettich,Hettich,9417241,False,Airosys straight frame profile with handle 3000mm,,,,Pc,2,4150.0,INR,False,76042990,2026-02-01,Pricelist -2026/Hettich Price List February 2026.pdf,13,9417241
hettich,Hettich,9347377,False,LiftEase-M (Medium) free stop 300-400mm H - Black,,,,Pc,1,1750.0,INR,False,83024200,2026-02-01,Pricelist -2026/Hettich Price List February 2026.pdf,14,9347377
hettich,Hettich,9347378,False,LiftEase-H (Heavy) free stop 400-500mm H - Black,,,,Pc,1,1750.0,INR,False,83024200,2026-02-01,Pricelist -2026/Hettich Price List February 2026.pdf,14,9347378
hettich,Hettich,9347381,False,LiftEase-M (Medium) P2O 300-400mm H - Black,,,,Pc,1,1800.0,INR,False,83024200,2026-02-01,Pricelist -2026/Hettich Price List February 2026.pdf,14,9347381
hettich,Hettich,9347383,False,LiftEase-H (Heavy) P2O 400-500 mm H - Black Note- Order Hinges Separately only for Free Stop Versions,,,,Pc,1,1800.0,INR,False,83024200,2026-02-01,Pricelist -2026/Hettich Price List February 2026.pdf,14,9347383
hettich,Hettich,9360546,False,LiftEase Bifold LD1 500 - 600 mm H - Black,,,,Set,1,12020.0,INR,False,83024200,2026-02-01,Pricelist -2026/Hettich Price List February 2026.pdf,14,9360546
hettich,Hettich,9327543,False,LiftEase Bifold LD2 600 - 700 mm H - Black,,,,Set,1,11930.0,INR,False,83024200,2026-02-01,Pricelist -2026/Hettich Price List February 2026.pdf,14,9327543
hettich,Hettich,9381888,False,LiftEase Bifold LD2B 600 - 700 mm H - Black,,,,Set,1,11930.0,INR,False,83024200,2026-02-01,Pricelist -2026/Hettich Price List February 2026.pdf,14,9381888
hettich,Hettich,9381889,False,LiftEase Bifold LD2C 600 - 700 mm H - Black,,,,Set,1,12540.0,INR,False,83024200,2026-02-01,Pricelist -2026/Hettich Price List February 2026.pdf,14,9381889
hettich,Hettich,9327544,False,LiftEase Bifold L 700 - 1040 mm H - Black,,,,Set,1,11675.0,INR,False,83024200,2026-02-01,Pricelist -2026/Hettich Price List February 2026.pdf,14,9327544
hettich,Hettich,9327545,False,LiftEase Bifold MD 700 - 1040 mm H - Black,,,,Set,1,11675.0,INR,False,83024200,2026-02-01,Pricelist -2026/Hettich Price List February 2026.pdf,14,9327545
hettich,Hettich,9327546,False,LiftEase Bifold M 700 - 1040 mm H - Black,,,,Set,1,12540.0,INR,False,83024200,2026-02-01,Pricelist -2026/Hettich Price List February 2026.pdf,14,9327546
hettich,Hettich,9327547,False,LiftEase Bifold H 700 - 1040 mm H - Black Note - Necessary hinges are supplied along with the set,,,,Set,1,12540.0,INR,False,83024200,2026-02-01,Pricelist -2026/Hettich Price List February 2026.pdf,14,9327547
hettich,Hettich,9079593,False,Lift Basic Flap Stay (3.2kg weight carrying capacity with 2 fittings ; Max Flap Dimensions: Width 600 mm & Height 400 mm),,,,Pc,10,390.0,INR,False,83024200,2026-02-01,Pricelist -2026/Hettich Price List February 2026.pdf,14,9079593
hettich,Hettich,9275788,False,Fitting Set for 2 door (18-30 mm Thickness) Door weight upto 60 Kg,,,,Set 1,,20087.0,INR,False,83024200,2026-02-01,Pricelist -2026/Hettich Price List February 2026.pdf,16,9275788
hettich,Hettich,9276737,False,Silent System for 2 door (60-100 kg),,,,Set 1,,9243.0,INR,False,83024200,2026-02-01,Pricelist -2026/Hettich Price List February 2026.pdf,16,9276737
hettich,Hettich,9309712,False,Runner & Guide Profile 3600 mm with complete clip set,,,,Set 1,,19900.0,INR,False,83024200,2026-02-01,Pricelist -2026/Hettich Price List February 2026.pdf,16,9309712
hettich,Hettich,9275790,False,Fitting Set for 2 door (22-30 mm Thickness) Door weight upto 80 Kg,,,,Set 1,,20621.0,INR,False,83024200,2026-02-01,Pricelist -2026/Hettich Price List February 2026.pdf,16,9275790
hettich,Hettich,9275708,False,Fitting Set for 2 door (32-40 mm Thickness) Door weight upto 100 Kg,,,,Set 1,,21866.0,INR,False,83024200,2026-02-01,Pricelist -2026/Hettich Price List February 2026.pdf,16,9275708
hettich,Hettich,9275781,False,Fitting Set for 3 door (18-30 mm Thickness) Door weight upto 60 Kg,,,,Set 1,,27731.0,INR,False,83024200,2026-02-01,Pricelist -2026/Hettich Price List February 2026.pdf,16,9275781
hettich,Hettich,9276646,False,Silent System for 3 door (60-100 kg),,,,Set 1,,18585.0,INR,False,83024200,2026-02-01,Pricelist -2026/Hettich Price List February 2026.pdf,16,9276646
hettich,Hettich,9275709,False,Fitting Set for 3 door (22-30 mm Thickness) Door weight upto 80 Kg,,,,Set 1,,28265.0,INR,False,83024200,2026-02-01,Pricelist -2026/Hettich Price List February 2026.pdf,16,9275709
hettich,Hettich,9275707,False,Fitting Set for 3 door (32-40 mm Thickness) Door weight upto 100 Kg,,,,Set 1,,29687.0,INR,False,83024200,2026-02-01,Pricelist -2026/Hettich Price List February 2026.pdf,17,9275707
hettich,Hettich,9278794,False,Fitting Set for 4 door (18-30 mm Thickness) Door weight upto 60 Kg,,,,Set 1,,40174.0,INR,False,83024200,2026-02-01,Pricelist -2026/Hettich Price List February 2026.pdf,17,9278794
hettich,Hettich,9278799,False,Silent System for 4 door (30-80 kg) (includes synchronization mechanism),,,,Set 1,,26354.0,INR,False,83024200,2026-02-01,Pricelist -2026/Hettich Price List February 2026.pdf,17,9278799
hettich,Hettich,9278795,False,Fitting Set for 4 door (22-30 mm Thickness) Door weight upto 80 Kg,,,,Set 1,,41242.0,INR,False,83024200,2026-02-01,Pricelist -2026/Hettich Price List February 2026.pdf,17,9278795
hettich,Hettich,9346060,False,Runner & Guide Profile 3000 mm with complete clip set,,,,Set 1,,16590.0,INR,False,76042990,2026-02-01,Pricelist -2026/Hettich Price List February 2026.pdf,17,9346060
hettich,Hettich,9361098,False,Runner & Guide Profile 3600 mm with complete clip set - Black,,,,Set 1,,24875.0,INR,False,76042990,2026-02-01,Pricelist -2026/Hettich Price List February 2026.pdf,17,9361098
hettich,Hettich,9361099,False,Runner & Guide Profile 3000 mm with complete clip set - Black,,,,Set 1,,20740.0,INR,False,76042990,2026-02-01,Pricelist -2026/Hettich Price List February 2026.pdf,17,9361099
hettich,Hettich,9278801,False,Cover Profile 2000 mm Grey Finish,,,,Pc 1,,2400.0,INR,False,39169090,2026-02-01,Pricelist -2026/Hettich Price List February 2026.pdf,17,9278801
hettich,Hettich,9322675,False,TL L 2 Door Right 18-30 mm Wooden Runner kit,,,,Set,1,7685.0,INR,False,83024200,2026-02-01,Pricelist -2026/Hettich Price List February 2026.pdf,22,9322675
hettich,Hettich,9325495,False,STB 12 Guide kit for 2 Doors,,,,Set,1,2315.0,INR,False,83024200,2026-02-01,Pricelist -2026/Hettich Price List February 2026.pdf,22,9325495
hettich,Hettich,9242238,False,Silent system Soft Closing for 2 door weight upto 50 kg,,,,Set,1,6000.0,INR,False,83024200,2026-02-01,Pricelist -2026/Hettich Price List February 2026.pdf,22,9242238
hettich,Hettich,9315199,False,3000 mm Runner profile and Guide Profile (STB 12 Screw from front) Total Set upto 50 kg (screw from bottom) Total Set upto 50 kg (STB 11 Screw from top) Total Set upto 50 kg (STB 12 Screw from front) Total Set upto 50 kg (screw from bottom) Total Set,,,,Set,2,4900.0,INR,False,83024200,2026-02-01,Pricelist -2026/Hettich Price List February 2026.pdf,22,9315199
hettich,Hettich,9322696,False,TL L 2 Door Left 18-30 mm Aluminium runner kit,,,,Set,1,10615.0,INR,False,83024200,2026-02-01,Pricelist -2026/Hettich Price List February 2026.pdf,23,9322696
hettich,Hettich,9340325,False,STB 11 Guide kit for 2 Doors,,,,Set,1,2315.0,INR,False,83024200,2026-02-01,Pricelist -2026/Hettich Price List February 2026.pdf,23,9340325
hettich,Hettich,9315516,False,3000 mm Runner profile and Guide Profile (STB 11 Screw from top) Total Set upto 50 kg (STB 12 Screw from front) Total Set upto 50 kg (screw from bottom) Total Set upto 50 kg (STB 11 Screw from top) Total Set upto 50 kg (STB 12 Screw from front) Total Set,,,,Set,2,4900.0,INR,False,83024200,2026-02-01,Pricelist -2026/Hettich Price List February 2026.pdf,23,9315516
hettich,Hettich,9322697,False,TL L 3 Door 18-30 mm Aluminium runner kit,,,,Set,1,14801.0,INR,False,83024200,2026-02-01,Pricelist -2026/Hettich Price List February 2026.pdf,24,9322697
hettich,Hettich,9323046,False,STB 11 Guide kit for 3 Doors,,,,Set,1,2519.0,INR,False,83024200,2026-02-01,Pricelist -2026/Hettich Price List February 2026.pdf,24,9323046
hettich,Hettich,9242240,False,Silent system Soft Closing for 3 door weight upto 50 kg,,,,Set,1,10700.0,INR,False,83024200,2026-02-01,Pricelist -2026/Hettich Price List February 2026.pdf,24,9242240
hettich,Hettich,9306367,False,3000 mm Runner profile and Guide Profile (screw from bottom) Total Set upto 50 kg (STB 12 Screw from front) Total Set upto 50 kg (STB 12 Screw from front) Total Set material for Door thickness of 35-50 mm for door weight upto 50 kg upto 50 kg (screw from bottom) material for Door thickness of 35-50 mm for door weight upto 50 kg upto 50 kg (screw from bottom),,,,Set,2,4900.0,INR,False,83024200,2026-02-01,Pricelist -2026/Hettich Price List February 2026.pdf,24,9306367
hettich,Hettich,9242718,False,"3 Door Runner Set, Guide set & Fixing material for Door thickness of 35-50 mm for door weight upto 50 kg upto 50 kg (screw from bottom)",,,,Set,1,12600.0,INR,False,83024200,2026-02-01,Pricelist -2026/Hettich Price List February 2026.pdf,25,9242718
hettich,Hettich,9242715,False,"2 Door right - Runner Set, Guide set & Fixing material for Door thickness of 35-50 mm for door weight upto 50 kg upto 50 kg (STB 11 Screw from top) material for Door thickness of 35-50 mm for door weight upto 50 kg upto 50 kg (STB 11 Screw from top) for Door thickness of 35-50 mm for door weight upto 50 kg upto 50 kg (STB 11 Screw from top) upto 50 kg upto 50 kg sliding door cabinets (screw from bottom) - Black (STB 11 Screw from top) - Black (STB 12 Screw from front) - Black",,,,Set,1,10300.0,INR,False,83024200,2026-02-01,Pricelist -2026/Hettich Price List February 2026.pdf,25,9242715
hettich,Hettich,9040230,False,Aluminium Runner Profile 3000 mm for gluing in,,,,Pc,1,2140.0,INR,False,76042990,2026-02-01,Pricelist -2026/Hettich Price List February 2026.pdf,26,9040230
hettich,Hettich,45317,False,TopLine 110 Set for 2 Door Cabinet (for 16-19 mm door thickness),,,,Set,1,3450.0,INR,False,83024200,2026-02-01,Pricelist -2026/Hettich Price List February 2026.pdf,26,45317
hettich,Hettich,45076,False,Top Door Runner Set for 2 Doors,,,,Set,1,3370.0,INR,False,83024200,2026-02-01,Pricelist -2026/Hettich Price List February 2026.pdf,26,45076
hettich,Hettich,9288833,False,Aluminium Runner Profile 3000 mm,,,,Pc,4,2861.0,INR,False,76042990,2026-02-01,Pricelist -2026/Hettich Price List February 2026.pdf,26,9288833
hettich,Hettich,9288836,False,STB 11 Aluminium Guide profile 3000 mm,,,,Pc,4,2276.0,INR,False,76042990,2026-02-01,Pricelist -2026/Hettich Price List February 2026.pdf,26,9288836
hettich,Hettich,45080,False,STB 11 Guide Set for 2-Doors Total Set,,,,Set,1,2315.0,INR,False,83024200,2026-02-01,Pricelist -2026/Hettich Price List February 2026.pdf,26,45080
hettich,Hettich,9288835,False,STB 12 Aluminium Guide profile 3000 mm,,,,Pc,4,2276.0,INR,False,76042990,2026-02-01,Pricelist -2026/Hettich Price List February 2026.pdf,26,9288835
hettich,Hettich,9288829,False,STB 35 plastic guide profile 3500 mm,,,,Pc,25,442.0,INR,False,39169090,2026-02-01,Pricelist -2026/Hettich Price List February 2026.pdf,26,9288829
hettich,Hettich,25119,False,STB 35 Guide Set for 2-Doors Total Set,,,,Set,100,57.0,INR,False,39263000,2026-02-01,Pricelist -2026/Hettich Price List February 2026.pdf,26,25119
hettich,Hettich,9156338,False,Set fitting SlideLine M with Silent system for Wooden & 55 mm Alu. Profile Doors (Min. Width 450 mm; Weight Max. 30kg; Self Thickness 16-25 mm),,,,Set,1,10710.0,INR,False,83024200,2026-02-01,Pricelist -2026/Hettich Price List February 2026.pdf,27,9156338
hettich,Hettich,9209225,False,Profile Set SL-M 18/2500 mm 1 Profile,,,,Set,1,6811.0,INR,False,76042990,2026-02-01,Pricelist -2026/Hettich Price List February 2026.pdf,27,9209225
hettich,Hettich,9209226,False,Profile Set SL-M 18/4000 mm 1 Profile,,,,Set,1,9740.0,INR,False,76042990,2026-02-01,Pricelist -2026/Hettich Price List February 2026.pdf,27,9209226
hettich,Hettich,9209277,False,Decorative Silver Cover for 18 mm /2500 mm,,,,Set,1,2625.0,INR,False,39199080,2026-02-01,Pricelist -2026/Hettich Price List February 2026.pdf,27,9209277
hettich,Hettich,9209278,False,Decorative Silver Cover for 18 mm /4000 mm,,,,Set,1,3596.0,INR,False,39199080,2026-02-01,Pricelist -2026/Hettich Price List February 2026.pdf,27,9209278
hettich,Hettich,9314320,False,Profile 3000 mm,,,,Pc,24,260.0,INR,False,39169090,2026-02-01,Pricelist -2026/Hettich Price List February 2026.pdf,27,9314320
hettich,Hettich,25122,False,Running Component for 15 Kg door (For 16-19 mm thick doors),,,,Pc,100,63.0,INR,False,39263000,2026-02-01,Pricelist -2026/Hettich Price List February 2026.pdf,27,25122
hettich,Hettich,25123,False,Guide Component with Spring Loaded bolt (For 16-19 mm thick doors),,,,Pc,100,78.0,INR,False,39263000,2026-02-01,Pricelist -2026/Hettich Price List February 2026.pdf,27,25123
hettich,Hettich,47392,False,Door Stopper Press-In for 15 kg Door,,,,Pc,100,20.0,INR,False,39263000,2026-02-01,Pricelist -2026/Hettich Price List February 2026.pdf,27,47392
hettich,Hettich,9288854,False,Aluminium Runner Profile 2000 mm Silver,,,,Pc,24,38076042990.0,INR,False,,2026-02-01,Pricelist -2026/Hettich Price List February 2026.pdf,27,9288854
hettich,Hettich,9288856,False,Aluminium Runner Profile 3000 mm Silver,,,,Pc,24,57076042990.0,INR,False,,2026-02-01,Pricelist -2026/Hettich Price List February 2026.pdf,27,9288856
hettich,Hettich,9325496,False,2 Door Kit for 1 cabinet (16-19 mm thick door),,,,Set,1,189083024200.0,INR,False,,2026-02-01,Pricelist -2026/Hettich Price List February 2026.pdf,27,9325496
hettich,Hettich,9336848,False,3 Door Kit for 1 cabinet (16-19 mm thick door),,,,Set,1,282039263000.0,INR,False,,2026-02-01,Pricelist -2026/Hettich Price List February 2026.pdf,27,9336848
hettich,Hettich,9323591,False,Top & Bottom Track set 2400 mm with 1 Lock SA,,,,Set,1,4789.0,INR,False,76042990,2026-02-01,Pricelist -2026/Hettich Price List February 2026.pdf,28,9323591
hettich,Hettich,9323592,False,Top & Bottom Track set 2400 mm with 1 Lock BL,,,,Set,1,7302.0,INR,False,76042990,2026-02-01,Pricelist -2026/Hettich Price List February 2026.pdf,28,9323592
hettich,Hettich,9323593,False,Top & Bottom Track set 2400 mm with 1 Lock DC,,,,Set,1,7302.0,INR,False,76042990,2026-02-01,Pricelist -2026/Hettich Price List February 2026.pdf,28,9323593
hettich,Hettich,9323594,False,Top & Bottom Track set 3600 mm with 2 Locks SA,,,,Set,1,7782.0,INR,False,76042990,2026-02-01,Pricelist -2026/Hettich Price List February 2026.pdf,28,9323594
hettich,Hettich,9323595,False,Top & Bottom Track set 3600 mm with 2 Locks BL,,,,Set,1,11549.0,INR,False,76042990,2026-02-01,Pricelist -2026/Hettich Price List February 2026.pdf,28,9323595
hettich,Hettich,9323596,False,Top & Bottom Track set 3600 mm with 2 Locks DC Note: Order 1 Set of Profile hardware per wardrobe depending on planned carcase width,,,,Set,1,11549.0,INR,False,76042990,2026-02-01,Pricelist -2026/Hettich Price List February 2026.pdf,28,9323596
hettich,Hettich,9323597,False,Shutter Hardware set with C handle & 1 Middle profile SA for 1 door,,,,Set,1,10266.0,INR,False,76042990,2026-02-01,Pricelist -2026/Hettich Price List February 2026.pdf,28,9323597
hettich,Hettich,9323599,False,Shutter Hardware set with C handle & 1 Middle profile BL for 1 door,,,,Set,1,14676.0,INR,False,76042990,2026-02-01,Pricelist -2026/Hettich Price List February 2026.pdf,28,9323599
hettich,Hettich,9323601,False,Shutter Hardware set with C handle & 1 Middle profile DC for 1 door,,,,Set,1,14676.0,INR,False,76042990,2026-02-01,Pricelist -2026/Hettich Price List February 2026.pdf,28,9323601
hettich,Hettich,9323598,False,Shutter Hardware set with R handle & 1 Middle profile SA for 1 door,,,,Set,1,11848.0,INR,False,76042990,2026-02-01,Pricelist -2026/Hettich Price List February 2026.pdf,28,9323598
hettich,Hettich,9323600,False,Shutter Hardware set with R handle & 1 Middle profile BL for 1 door,,,,Set,1,15770.0,INR,False,76042990,2026-02-01,Pricelist -2026/Hettich Price List February 2026.pdf,28,9323600
hettich,Hettich,9323602,False,Shutter Hardware set with R handle & 1 Middle profile DC for 1 door,,,,Set,1,15770.0,INR,False,76042990,2026-02-01,Pricelist -2026/Hettich Price List February 2026.pdf,28,9323602
hettich,Hettich,9323603,False,Shutter Hardware set with C handle & 2 Middle profiles SA for 1 door,,,,Set,1,11113.0,INR,False,76042990,2026-02-01,Pricelist -2026/Hettich Price List February 2026.pdf,28,9323603
hettich,Hettich,9323605,False,Shutter Hardware set with C handle & 2 Middle profiles BL for 1 door,,,,Set,1,15927.0,INR,False,76042990,2026-02-01,Pricelist -2026/Hettich Price List February 2026.pdf,28,9323605
hettich,Hettich,9323607,False,Shutter Hardware set with C handle & 2 Middle profiles DC for 1 door,,,,Set,1,15927.0,INR,False,76042990,2026-02-01,Pricelist -2026/Hettich Price List February 2026.pdf,28,9323607
hettich,Hettich,9323604,False,Shutter Hardware set with R handle & 2 Middle profiles SA for 1 door,,,,Set,1,12695.0,INR,False,76042990,2026-02-01,Pricelist -2026/Hettich Price List February 2026.pdf,28,9323604
hettich,Hettich,9323606,False,Shutter Hardware set with R handle & 2 Middle profiles BL for 1 door,,,,Set,1,17021.0,INR,False,76042990,2026-02-01,Pricelist -2026/Hettich Price List February 2026.pdf,28,9323606
hettich,Hettich,9323608,False,"Shutter Hardware set with R handle & 2 Middle profiles DC for 1 door Note: Order Shutter Hardware 2 Sets for 2 Door & 3 Sets for 3 Door wardrobe 1 = 4,789 x 2 = 22,226",,,,Set,1,17021.0,INR,False,76042990,2026-02-01,Pricelist -2026/Hettich Price List February 2026.pdf,28,9323608
hettich,Hettich,9289653,False,Soft closing Dampers & Rollers 50 kg Kit,,,,Set,1,2784.0,INR,False,83024100,2026-02-01,Pricelist -2026/Hettich Price List February 2026.pdf,29,9289653
hettich,Hettich,9306616,False,Soft closing Dampers & Rollers 30 kg Kit,,,,Set,1,2440.0,INR,False,83024200,2026-02-01,Pricelist -2026/Hettich Price List February 2026.pdf,29,9306616
hettich,Hettich,9351363,False,"Upper-Bottom Track, 3600 mm SA",,,,Set,1,5382.0,INR,False,76042990,2026-02-01,Pricelist -2026/Hettich Price List February 2026.pdf,29,9351363
hettich,Hettich,9351364,False,"Upper-Bottom Track, 2400 mm SA",,,,Set,1,3589.0,INR,False,76042990,2026-02-01,Pricelist -2026/Hettich Price List February 2026.pdf,29,9351364
hettich,Hettich,9296881,False,Middle Door Frame Profile - 1200 mm SA,,,,Pc,2,577.0,INR,False,76042990,2026-02-01,Pricelist -2026/Hettich Price List February 2026.pdf,29,9296881
hettich,Hettich,9351369,False,Upper-Bottom Door Frame Profile-1200mm SA,,,,Set,1,1183.0,INR,False,76042990,2026-02-01,Pricelist -2026/Hettich Price List February 2026.pdf,29,9351369
hettich,Hettich,9296883,False,Vertical door frame cum Handle C type 3500mm SA,,,,Pc,2,2184.0,INR,False,76042990,2026-02-01,Pricelist -2026/Hettich Price List February 2026.pdf,29,9296883
hettich,Hettich,9306168,False,Vertical door frame cum Handle R type 3500mm SA,,,,Pc,2,2975.0,INR,False,76042990,2026-02-01,Pricelist -2026/Hettich Price List February 2026.pdf,29,9306168
hettich,Hettich,9351365,False,"Upper-Bottom Track, 3600 mm Black",,,,Set,1,9149.0,INR,False,76042990,2026-02-01,Pricelist -2026/Hettich Price List February 2026.pdf,29,9351365
hettich,Hettich,9351366,False,"Upper-Bottom Track, 2400 mm Black",,,,Set,1,6102.0,INR,False,76042990,2026-02-01,Pricelist -2026/Hettich Price List February 2026.pdf,29,9351366
hettich,Hettich,9300512,False,Middle Door Frame Profile - 1200 mm Black,,,,Pc,2,981.0,INR,False,76042990,2026-02-01,Pricelist -2026/Hettich Price List February 2026.pdf,29,9300512
hettich,Hettich,9351370,False,Upper-Bottom Door Frame Profile-1200mm Black,,,,Set,1,2131.0,INR,False,76042990,2026-02-01,Pricelist -2026/Hettich Price List February 2026.pdf,29,9351370
hettich,Hettich,9300498,False,Vertical door frame cum Handle C type 3500mm BL,,,,Pc,2,3713.0,INR,False,76042990,2026-02-01,Pricelist -2026/Hettich Price List February 2026.pdf,29,9300498
hettich,Hettich,9306169,False,Vertical door frame cum Handle R type 3500mm BL,,,,Pc,2,4260.0,INR,False,76042990,2026-02-01,Pricelist -2026/Hettich Price List February 2026.pdf,29,9306169
hettich,Hettich,9351367,False,"Upper-Bottom Track, 3600 mm DC",,,,Set,1,9149.0,INR,False,76042990,2026-02-01,Pricelist -2026/Hettich Price List February 2026.pdf,29,9351367
hettich,Hettich,9351368,False,"Upper-Bottom Track, 2400 mm DC",,,,Set,1,6102.0,INR,False,76042990,2026-02-01,Pricelist -2026/Hettich Price List February 2026.pdf,29,9351368
hettich,Hettich,9319948,False,Middle Door Frame Profile - 1200 mm DC,,,,Pc,2,981.0,INR,False,76042990,2026-02-01,Pricelist -2026/Hettich Price List February 2026.pdf,29,9319948
hettich,Hettich,9351441,False,Upper-Bottom Door Frame Profile- 1200 mm DC,,,,Set,1,2131.0,INR,False,76042990,2026-02-01,Pricelist -2026/Hettich Price List February 2026.pdf,29,9351441
hettich,Hettich,9319943,False,Vertical door frame cum Handle C type 3500mm DC,,,,Pc,2,3713.0,INR,False,76042990,2026-02-01,Pricelist -2026/Hettich Price List February 2026.pdf,29,9319943
hettich,Hettich,9320013,False,Vertical door frame cum Handle R type 3500mm DC,,,,Pc,2,4260.0,INR,False,76042990,2026-02-01,Pricelist -2026/Hettich Price List February 2026.pdf,29,9320013
hettich,Hettich,9293857,False,Fixing Screw ST 6X30 mm for Grant 400 Neo Profiles,,,,Pc,5,16.0,INR,False,73181400,2026-02-01,Pricelist -2026/Hettich Price List February 2026.pdf,29,9293857
hettich,Hettich,9375595,False,Sealing Brush 3500 mm Silver,,,,Pc,1,131.0,INR,False,39204900,2026-02-01,Pricelist -2026/Hettich Price List February 2026.pdf,29,9375595
hettich,Hettich,9375596,False,Sealing Brush 3500 mm Black,,,,Pc,1,131.0,INR,False,39204900,2026-02-01,Pricelist -2026/Hettich Price List February 2026.pdf,29,9375596
hettich,Hettich,9375597,False,Sealing Brush 3500 mm DCH,,,,Pc,1,131.0,INR,False,39204900,2026-02-01,Pricelist -2026/Hettich Price List February 2026.pdf,29,9375597
hettich,Hettich,9293855,False,"Glass Sealing Strip 6mm for Grant 400 Neo, 1200 mm",,,,Pc,1,95.0,INR,False,39204900,2026-02-01,Pricelist -2026/Hettich Price List February 2026.pdf,29,9293855
hettich,Hettich,9293856,False,"Glass Sealing Strip 6mm for Grant 400 Neo, 3500 mm",,,,Pc,1,276.0,INR,False,39204900,2026-02-01,Pricelist -2026/Hettich Price List February 2026.pdf,29,9293856
hettich,Hettich,9305699,False,Grant 400 Neo Lock 120 KC SA,,,,Set,1,1200.0,INR,False,39204900,2026-02-01,Pricelist -2026/Hettich Price List February 2026.pdf,29,9305699
hettich,Hettich,9341201,False,Grant 400 Neo Lock 120 KC BL,,,,Set,1,1200.0,INR,False,83013000,2026-02-01,Pricelist -2026/Hettich Price List February 2026.pdf,29,9341201
hettich,Hettich,9341203,False,Grant 400 Neo Lock 120 KC DC,,,,Set,1,1200.0,INR,False,83013000,2026-02-01,Pricelist -2026/Hettich Price List February 2026.pdf,29,9341203
hettich,Hettich,20386,False,Vertico Synchro Set 400 for Overlay Door height 400-600 mm,,,,Set,1,30250.0,INR,False,83024200,2026-02-01,Pricelist -2026/Hettich Price List February 2026.pdf,30,20386
hettich,Hettich,20400,False,Cover Profile 2500 mm Aluminium Silver anodised,,,,Pc,1,4070.0,INR,False,76042990,2026-02-01,Pricelist -2026/Hettich Price List February 2026.pdf,30,20400
hettich,Hettich,45315,False,Set Vertico Mono for inset door,,,,Set,1,25480.0,INR,False,83024200,2026-02-01,Pricelist -2026/Hettich Price List February 2026.pdf,30,45315
hettich,Hettich,9237901,False,Wing Line L Kit - Left,,,,Pc,1,2680.0,INR,False,83024200,2026-02-01,Pricelist -2026/Hettich Price List February 2026.pdf,30,9237901
hettich,Hettich,9237900,False,Wing Line L Kit - Right,,,,Pc,1,2680.0,INR,False,83024200,2026-02-01,Pricelist -2026/Hettich Price List February 2026.pdf,30,9237900
hettich,Hettich,9238051,False,Push to Move Mechanisms Medium- Left,,,,Pc,1,9252.0,INR,False,83024200,2026-02-01,Pricelist -2026/Hettich Price List February 2026.pdf,30,9238051
hettich,Hettich,9238101,False,Push to Move Mechanisms Medium- Right,,,,Pc,1,9252.0,INR,False,83024200,2026-02-01,Pricelist -2026/Hettich Price List February 2026.pdf,30,9238101
hettich,Hettich,9307515,False,Runner Profile - 2400 mm,,,,Pc,2,2898.0,INR,False,76042990,2026-02-01,Pricelist -2026/Hettich Price List February 2026.pdf,30,9307515
hettich,Hettich,9237758,False,Profile Mounting Clip,,,,Pc,1,240.0,INR,False,39269097,2026-02-01,Pricelist -2026/Hettich Price List February 2026.pdf,30,9237758
hettich,Hettich,9237880,False,Wing Line L Kit - Left,,,,Pc,1,4386.0,INR,False,83024200,2026-02-01,Pricelist -2026/Hettich Price List February 2026.pdf,30,9237880
hettich,Hettich,9237881,False,Wing Line L Kit - Right,,,,Pc,1,4386.0,INR,False,83024200,2026-02-01,Pricelist -2026/Hettich Price List February 2026.pdf,30,9237881
hettich,Hettich,9238052,False,Push to Move Mechanisms Heavy - Left,,,,Pc,1,9970.0,INR,False,83024200,2026-02-01,Pricelist -2026/Hettich Price List February 2026.pdf,30,9238052
hettich,Hettich,9238053,False,Push to Move Mechanisms Heavy - Right,,,,Pc,1,9970.0,INR,False,39263000,2026-02-01,Pricelist -2026/Hettich Price List February 2026.pdf,30,9238053
hettich,Hettich,9313037,False,Profile Set 2400 mm SA Finish,,,,Pc,1,4383.0,INR,False,76042990,2026-02-01,Pricelist -2026/Hettich Price List February 2026.pdf,30,9313037
hettich,Hettich,9264191,False,Mechanical Catch,,,,Set,50,1260.0,INR,False,83024200,2026-02-01,Pricelist -2026/Hettich Price List February 2026.pdf,30,9264191
hettich,Hettich,9238115,False,Pull to move Mechanisms Medium- Left,,,,Pc,1,9780.0,INR,False,83024200,2026-02-01,Pricelist -2026/Hettich Price List February 2026.pdf,30,9238115
hettich,Hettich,9238116,False,Pull to move Mechanisms Medium- Right,,,,Pc,1,9252.0,INR,False,83024200,2026-02-01,Pricelist -2026/Hettich Price List February 2026.pdf,30,9238116
hettich,Hettich,9238125,False,Pull to move Mechanisms Heavy - Left,,,,Pc,1,10540.0,INR,False,83024200,2026-02-01,Pricelist -2026/Hettich Price List February 2026.pdf,31,9238125
hettich,Hettich,9238114,False,Pull to move Mechanisms Heavy - Right,,,,Pc,1,10540.0,INR,False,83024200,2026-02-01,Pricelist -2026/Hettich Price List February 2026.pdf,31,9238114
hettich,Hettich,9237903,False,Wing Line L Kit - Left,,,,Pc,1,2626.0,INR,False,83024200,2026-02-01,Pricelist -2026/Hettich Price List February 2026.pdf,31,9237903
hettich,Hettich,9237902,False,Wing Line L Kit - Right,,,,Pc,1,2626.0,INR,False,83024200,2026-02-01,Pricelist -2026/Hettich Price List February 2026.pdf,31,9237902
hettich,Hettich,9238121,False,Pull to move Silent Mechanisms Medium - Left,,,,Pc,1,7890.0,INR,False,83024200,2026-02-01,Pricelist -2026/Hettich Price List February 2026.pdf,31,9238121
hettich,Hettich,9238124,False,Pull to move Silent Mechanisms Medium - Right,,,,Pc,1,8239.0,INR,False,83024200,2026-02-01,Pricelist -2026/Hettich Price List February 2026.pdf,31,9238124
hettich,Hettich,9237852,False,Wing Line L Kit - Left,,,,Pc,1,4480.0,INR,False,83024200,2026-02-01,Pricelist -2026/Hettich Price List February 2026.pdf,31,9237852
hettich,Hettich,9237890,False,Wing Line L Kit - Right,,,,Pc,1,4480.0,INR,False,83024200,2026-02-01,Pricelist -2026/Hettich Price List February 2026.pdf,31,9237890
hettich,Hettich,9238123,False,Pull to move Silent Mechanisms Heavy - Left,,,,Pc,1,8813.0,INR,False,39269097,2026-02-01,Pricelist -2026/Hettich Price List February 2026.pdf,31,9238123
hettich,Hettich,9238122,False,Pull to move Silent Mechanisms Heavy - Right,,,,Pc,1,8813.0,INR,False,39269097,2026-02-01,Pricelist -2026/Hettich Price List February 2026.pdf,31,9238122
hettich,Hettich,79013,False,Runner profile Aluminium White 2400 mm,,,,Pc,4,8640.0,INR,False,76042990,2026-02-01,Pricelist -2026/Hettich Price List February 2026.pdf,31,79013
hettich,Hettich,79015,False,WingLine 230 Set of 4 Wings (Left & Right) (16-25 mm Door thickness),,,,Set,1,29240.0,INR,False,83024200,2026-02-01,Pricelist -2026/Hettich Price List February 2026.pdf,31,79015
hettich,Hettich,45198,False,Door Bend Adjustment Rod Fitting - Steel threaded rod with plastic covers,,,,Set,2,2000.0,INR,False,83024200,2026-02-01,Pricelist -2026/Hettich Price List February 2026.pdf,31,45198
hettich,Hettich,26453,False,Brush Sealing Strip 2500mm (27 mm height.; Screw on Brown),,,,Pc,40,1540.0,INR,False,39269097,2026-02-01,Pricelist -2026/Hettich Price List February 2026.pdf,31,26453
hettich,Hettich,9200386,False,Self Adhesive Brush Sealing Strip 2500 mm (8 mm height),,,,Pc,1,270.0,INR,False,39269097,2026-02-01,Pricelist -2026/Hettich Price List February 2026.pdf,31,9200386
hettich,Hettich,9071313,False,Sensys 8675 Hinge ; Opening Angle 110° for Push to move and Pull to Move Mechanisms,,,,Pc,1,350.0,INR,False,83021000,2026-02-01,Pricelist -2026/Hettich Price List February 2026.pdf,31,9071313
hettich,Hettich,9289654,False,Sliding Kit for 80 kg door with Silent system (Opening & Closing),,,,Set,1,4956.0,INR,False,83024100,2026-02-01,Pricelist -2026/Hettich Price List February 2026.pdf,32,9289654
hettich,Hettich,9295967,False,Runner profile anodised aluminium profile 2000 mm,,,,Pc,4,1940.0,INR,False,76042990,2026-02-01,Pricelist -2026/Hettich Price List February 2026.pdf,32,9295967
hettich,Hettich,9295968,False,Runner profile anodised aluminium profile 3000 mm,,,,Pc,4,2920.0,INR,False,76042990,2026-02-01,Pricelist -2026/Hettich Price List February 2026.pdf,32,9295968
hettich,Hettich,9364866,False,Runner profile anodised aluminium profile 3600 mm,,,,Pc,4,3450.0,INR,False,76042990,2026-02-01,Pricelist -2026/Hettich Price List February 2026.pdf,32,9364866
hettich,Hettich,9289655,False,Aluminium profile fixing Acc (For Wall Hanging only),,,,Pc,50,220.0,INR,False,83024100,2026-02-01,Pricelist -2026/Hettich Price List February 2026.pdf,32,9289655
hettich,Hettich,9297034,False,Hanging Roller Sliding System with Opening & Closing Dampener with Bottom Guide for 1 Door,,,,Set,1,7388.0,INR,False,83024100,2026-02-01,Pricelist -2026/Hettich Price List February 2026.pdf,32,9297034
hettich,Hettich,9302260,False,"Runner Profile, 3000 mm - Silver Anodized",,,,Pc,2,6581.0,INR,False,76042990,2026-02-01,Pricelist -2026/Hettich Price List February 2026.pdf,32,9302260
hettich,Hettich,9364865,False,"Runner Profile, 3600 mm - Silver Anodized",,,,Pc,2,7900.0,INR,False,76042990,2026-02-01,Pricelist -2026/Hettich Price List February 2026.pdf,32,9364865
hettich,Hettich,9384299,False,2 Door kit 30 kg dampener (Soft closing),,,,Set,1,3000.0,INR,False,83024200,2026-02-01,Pricelist -2026/Hettich Price List February 2026.pdf,32,9384299
hettich,Hettich,9384301,False,2 Door kit 50 kg dampener (Soft closing),,,,Set,1,3200.0,INR,False,83024200,2026-02-01,Pricelist -2026/Hettich Price List February 2026.pdf,32,9384301
hettich,Hettich,9384306,False,Dust strip 2500 mm,,,,Pc,1,150.0,INR,False,83024200,2026-02-01,Pricelist -2026/Hettich Price List February 2026.pdf,32,9384306
hettich,Hettich,9384342,False,Profile set SA finish 2400 mm (18-22 mm Th.),,,,Set,3,2800.0,INR,False,76042990,2026-02-01,Pricelist -2026/Hettich Price List February 2026.pdf,32,9384342
hettich,Hettich,9384343,False,Profile set BL finish 2400 mm (18-22 mm Th.),,,,Set,3,3200.0,INR,False,76042990,2026-02-01,Pricelist -2026/Hettich Price List February 2026.pdf,32,9384343
hettich,Hettich,9384394,False,Profile set SA finish 2400 mm (22-25 mm Th.),,,,Set,3,3000.0,INR,False,76042990,2026-02-01,Pricelist -2026/Hettich Price List February 2026.pdf,32,9384394
hettich,Hettich,9384395,False,Profile set BL finish 2400 mm (22-25 mm Th.),,,,Set,3,3400.0,INR,False,76042990,2026-02-01,Pricelist -2026/Hettich Price List February 2026.pdf,32,9384395
hettich,Hettich,9384303,False,3 Door kit 30 kg dampener (Soft closing),,,,Set,1,4200.0,INR,False,83024200,2026-02-01,Pricelist -2026/Hettich Price List February 2026.pdf,32,9384303
hettich,Hettich,9384304,False,3 Door kit 50 kg dampener (Soft closing),,,,Set,1,4400.0,INR,False,83024200,2026-02-01,Pricelist -2026/Hettich Price List February 2026.pdf,32,9384304
hettich,Hettich,9384396,False,Profile set SA finish 3600 mm (18-22 mm Th.),,,,Set,3,4200.0,INR,False,76042990,2026-02-01,Pricelist -2026/Hettich Price List February 2026.pdf,32,9384396
hettich,Hettich,9384397,False,Profile set BL finish 3600 mm (18-22 mm Th.),,,,Set,3,4800.0,INR,False,76042990,2026-02-01,Pricelist -2026/Hettich Price List February 2026.pdf,32,9384397
hettich,Hettich,9384398,False,Profile set SA finish 3600 mm (22-25 mm Th.),,,,Set,3,4500.0,INR,False,76042990,2026-02-01,Pricelist -2026/Hettich Price List February 2026.pdf,32,9384398
hettich,Hettich,9384399,False,Profile set BL finish 3600 mm (22-25 mm Th.),,,,Set,3,5100.0,INR,False,76042990,2026-02-01,Pricelist -2026/Hettich Price List February 2026.pdf,32,9384399
hettich,Hettich,9384400,False,Cover Profile BL Finish 2400 mm (18-22 mm Th.),,,,Pc,10,450.0,INR,False,76042990,2026-02-01,Pricelist -2026/Hettich Price List February 2026.pdf,32,9384400
hettich,Hettich,9384401,False,Cover Profile SA Finish 2400 mm (18-22 mm Th.),,,,Pc,10,400.0,INR,False,76042990,2026-02-01,Pricelist -2026/Hettich Price List February 2026.pdf,32,9384401
hettich,Hettich,9384402,False,Cover Profile BL Finish 2400 mm (22-25 mm Th.),,,,Pc,10,500.0,INR,False,76042990,2026-02-01,Pricelist -2026/Hettich Price List February 2026.pdf,32,9384402
hettich,Hettich,9384403,False,Cover Profile SA Finish 2400 mm (22-25 mm Th.),,,,Pc,10,450.0,INR,False,76042990,2026-02-01,Pricelist -2026/Hettich Price List February 2026.pdf,32,9384403
hettich,Hettich,9384404,False,Cover Profile BL Finish 3600 mm (18-22 mm Th.),,,,Pc,10,700.0,INR,False,76042990,2026-02-01,Pricelist -2026/Hettich Price List February 2026.pdf,32,9384404
hettich,Hettich,9384405,False,Cover Profile SA Finish 3600 mm (18-22 mm Th.),,,,Pc,10,600.0,INR,False,76042990,2026-02-01,Pricelist -2026/Hettich Price List February 2026.pdf,32,9384405
hettich,Hettich,9384406,False,Cover Profile BL Finish 3600 mm (22-25 mm Th.),,,,Pc,10,750.0,INR,False,76042990,2026-02-01,Pricelist -2026/Hettich Price List February 2026.pdf,32,9384406
hettich,Hettich,9384407,False,Cover Profile SA Finish 3600 mm (22-25 mm Th.),,,,Pc,10,700.0,INR,False,76042990,2026-02-01,Pricelist -2026/Hettich Price List February 2026.pdf,32,9384407
hettich,Hettich,9394747,False,Silent system 30 kg,,,,Set,1,1200.0,INR,False,83024200,2026-02-01,Pricelist -2026/Hettich Price List February 2026.pdf,32,9394747
hettich,Hettich,9394655,False,Silent system 50 kg,,,,Set,1,1200.0,INR,False,83024200,2026-02-01,Pricelist -2026/Hettich Price List February 2026.pdf,32,9394655
hettich,Hettich,9351207,False,2 Door Kit 30 kg Dampener SA,,,,,1,3400.0,INR,False,83024200,2026-02-01,Pricelist -2026/Hettich Price List February 2026.pdf,33,9351207
hettich,Hettich,9351208,False,3 Door Kit 30 kg Dampener SA,,,,,1,4200.0,INR,False,83024200,2026-02-01,Pricelist -2026/Hettich Price List February 2026.pdf,33,9351208
hettich,Hettich,9354295,False,2 Door Kit 50 kg Dampener SA,,,,,1,4000.0,INR,False,83024200,2026-02-01,Pricelist -2026/Hettich Price List February 2026.pdf,33,9354295
hettich,Hettich,9354296,False,3 Door Kit 50 kg Dampener SA,,,,,1,4800.0,INR,False,83024200,2026-02-01,Pricelist -2026/Hettich Price List February 2026.pdf,33,9354296
hettich,Hettich,9375281,False,2 Door Kit 30 kg Dampener BL,,,,,1,3400.0,INR,False,83024200,2026-02-01,Pricelist -2026/Hettich Price List February 2026.pdf,33,9375281
hettich,Hettich,9375283,False,3 Door Kit 30 kg Dampener BL,,,,,1,4200.0,INR,False,83024200,2026-02-01,Pricelist -2026/Hettich Price List February 2026.pdf,33,9375283
hettich,Hettich,9375284,False,2 Door Kit 50 kg Dampener BL,,,,,1,4000.0,INR,False,83024200,2026-02-01,Pricelist -2026/Hettich Price List February 2026.pdf,33,9375284
hettich,Hettich,9375285,False,3 Door Kit 50 kg Dampener BL,,,,,1,4800.0,INR,False,83024200,2026-02-01,Pricelist -2026/Hettich Price List February 2026.pdf,33,9375285
hettich,Hettich,9351159,False,Profile Set SA Finish 2400 mm,,,,,2,3900.0,INR,False,76042990,2026-02-01,Pricelist -2026/Hettich Price List February 2026.pdf,33,9351159
hettich,Hettich,9351160,False,Profile Set BL Finish 2400 mm,,,,,2,4400.0,INR,False,76042990,2026-02-01,Pricelist -2026/Hettich Price List February 2026.pdf,33,9351160
hettich,Hettich,9351157,False,Profile Set SA Finish 3600 mm,,,,,2,5800.0,INR,False,76042990,2026-02-01,Pricelist -2026/Hettich Price List February 2026.pdf,33,9351157
hettich,Hettich,9351158,False,Profile Set BL Finish 3600 mm,,,,,2,6600.0,INR,False,76042990,2026-02-01,Pricelist -2026/Hettich Price List February 2026.pdf,33,9351158
hettich,Hettich,9296872,False,"Runner profile, 3000 mm",,,,Pc,2,4861.0,INR,False,76042990,2026-02-01,Pricelist -2026/Hettich Price List February 2026.pdf,33,9296872
hettich,Hettich,9308695,False,Kit for 1 door,,,,Set,1,7034.0,INR,False,83024190,2026-02-01,Pricelist -2026/Hettich Price List February 2026.pdf,33,9308695
hettich,Hettich,9308696,False,TopLine 1230 Bumper stop,,,,Pc,2,1252.0,INR,False,83024200,2026-02-01,Pricelist -2026/Hettich Price List February 2026.pdf,33,9308696
hettich,Hettich,9308697,False,Floor Guide Tab Steel Total Set,,,,Pc,10,492.0,INR,False,83024200,2026-02-01,Pricelist -2026/Hettich Price List February 2026.pdf,33,9308697
hettich,Hettich,9296873,False,"Runner profile, 3600 mm",,,,Pc,2,7115.0,INR,False,76041090,2026-02-01,Pricelist -2026/Hettich Price List February 2026.pdf,33,9296873
hettich,Hettich,9308610,False,Kit for 1 fold,,,,Set,1,12331.0,INR,False,83024200,2026-02-01,Pricelist -2026/Hettich Price List February 2026.pdf,33,9308610
hettich,Hettich,9296875,False,"Guide profile, 3000 mm",,,,Pc,2,2585.0,INR,False,76041090,2026-02-01,Pricelist -2026/Hettich Price List February 2026.pdf,33,9296875
hettich,Hettich,9308642,False,Guide rollers Total Set,,,,Pc,1,1083.0,INR,False,83024190,2026-02-01,Pricelist -2026/Hettich Price List February 2026.pdf,33,9308642
hettich,Hettich,9296876,False,"Guide profile, 3600 mm",,,,Pc,2,2769.0,INR,False,76041090,2026-02-01,Pricelist -2026/Hettich Price List February 2026.pdf,33,9296876
hettich,Hettich,9335232,False,"Versa Inside 80, 12VDC WW, L=5m, 4.8W/m, Lead 2x1.8m",,,,Pc,1,5450.0,INR,False,94054231,2026-02-01,Pricelist -2026/Hettich Price List February 2026.pdf,39,9335232
hettich,Hettich,9335231,False,"Versa Inside 80, 12VDC NW, L=5m, 4.8W/m, Lead 2x1.8m1",,,,Pc,1,5450.0,INR,False,94054231,2026-02-01,Pricelist -2026/Hettich Price List February 2026.pdf,39,9335231
hettich,Hettich,9335234,False,"Versa Inside 120, 12VDC WW, L=5m, 7.2W/m, Lead 2x1.8m",,,,Pc,1,7000.0,INR,False,94054231,2026-02-01,Pricelist -2026/Hettich Price List February 2026.pdf,39,9335234
hettich,Hettich,9335233,False,"Versa Inside 120, 12VDC NW, L=5m, 7.2W/m, Lead 2x1.8m",,,,Pc,1,7000.0,INR,False,94054231,2026-02-01,Pricelist -2026/Hettich Price List February 2026.pdf,39,9335233
hettich,Hettich,9335237,False,"Versa Inside 2x160, 12VDC MW², L=3.0m, 9.6W/m, Lead 2x1.8m (MultiWhite accessories required)",,,,Pc,1,16000.0,INR,False,94054231,2026-02-01,Pricelist -2026/Hettich Price List February 2026.pdf,39,9335237
hettich,Hettich,9335236,False,"Versa Inside 160, 12VDC WW, L=3m, 9.6W/m, Lead 2x1.8m",,,,Pc,1,8000.0,INR,False,94054231,2026-02-01,Pricelist -2026/Hettich Price List February 2026.pdf,39,9335236
hettich,Hettich,9335235,False,"Versa Inside 160, 12VDC NW, L=3m, 9.6W/m, Lead 2x1.8m",,,,Pc,1,8000.0,INR,False,94054231,2026-02-01,Pricelist -2026/Hettich Price List February 2026.pdf,39,9335235
hettich,Hettich,9335238,False,"Versa Linear COB, 12VDC WW, L=3m, 10W/m, lead 2x1.8m",,,,Pc,1,5350.0,INR,False,94054231,2026-02-01,Pricelist -2026/Hettich Price List February 2026.pdf,39,9335238
hettich,Hettich,9335240,False,"Versa up&down, 2x80, 12VDC WW, L=3m, 9.6W/m, Lead 2x1.8m",,,,Pc,1,10900.0,INR,False,94054231,2026-02-01,Pricelist -2026/Hettich Price List February 2026.pdf,39,9335240
hettich,Hettich,9335239,False,"Versa up&down, 2x80, 12VDC NW, L=3m, 9.6W/m, Lead 2x1.8m",,,,Pc,1,10900.0,INR,False,94054231,2026-02-01,Pricelist -2026/Hettich Price List February 2026.pdf,39,9335239
hettich,Hettich,9315676,False,Direct Connector (Max.36 Watt),,,,Pc,1,110.0,INR,False,94059200,2026-02-01,Pricelist -2026/Hettich Price List February 2026.pdf,39,9315676
hettich,Hettich,9315677,False,"Flexible Connector, L=50mm (Max. 36 Watt)",,,,Pc,1,240.0,INR,False,94059200,2026-02-01,Pricelist -2026/Hettich Price List February 2026.pdf,39,9315677
hettich,Hettich,9310240,False,"Flexible Connector, L=150mm (Max. 36 Watt)",,,,Pc,1,270.0,INR,False,85444290,2026-02-01,Pricelist -2026/Hettich Price List February 2026.pdf,39,9310240
hettich,Hettich,9310035,False,"Feeder, L=1800mm (Max. 36 Watt)",,,,Pc,1,340.0,INR,False,85444290,2026-02-01,Pricelist -2026/Hettich Price List February 2026.pdf,39,9310035
hettich,Hettich,9310032,False,Direct Connector (Max.36 Watt),,,,Pc,1,950.0,INR,False,94059200,2026-02-01,Pricelist -2026/Hettich Price List February 2026.pdf,39,9310032
hettich,Hettich,9310033,False,"Flexible Connector, L=50mm (Max. 36 Watt)",,,,Pc,1,2450.0,INR,False,85444290,2026-02-01,Pricelist -2026/Hettich Price List February 2026.pdf,39,9310033
hettich,Hettich,9326308,False,"Flexible Connector, L=150mm (Max. 36 Watt)",,,,Pc,1,2650.0,INR,False,85444290,2026-02-01,Pricelist -2026/Hettich Price List February 2026.pdf,39,9326308
hettich,Hettich,9321363,False,Direct connector COB,,,,Pc,1,220.0,INR,False,85366990,2026-02-01,Pricelist -2026/Hettich Price List February 2026.pdf,39,9321363
hettich,Hettich,9321364,False,"Flexible Connector COB, L=50mm",,,,Pc,1,560.0,INR,False,85444290,2026-02-01,Pricelist -2026/Hettich Price List February 2026.pdf,39,9321364
hettich,Hettich,9321365,False,"Flexible Connector COB, L=150mm",,,,Pc,1,560.0,INR,False,85444290,2026-02-01,Pricelist -2026/Hettich Price List February 2026.pdf,39,9321365
hettich,Hettich,9321366,False,"Feeder COB, L=1800mm",,,,Pc,1,560.0,INR,False,85444290,2026-02-01,Pricelist -2026/Hettich Price List February 2026.pdf,39,9321366
hettich,Hettich,9084267,False,"ChannelLine A, L=3000 mm, Alu profile & Opal Cover",,,,Pc,1,9350.0,INR,False,94059200,2026-02-01,Pricelist -2026/Hettich Price List February 2026.pdf,39,9084267
hettich,Hettich,9244246,False,ChannelLine A End cap (Set of 2),,,,Set,1,110.0,INR,False,94059200,2026-02-01,Pricelist -2026/Hettich Price List February 2026.pdf,39,9244246
hettich,Hettich,9308463,False,"ChannelLine B, L=3000 mm, Alu profile & Opal Cover",,,,Pc,1,5750.0,INR,False,94059900,2026-02-01,Pricelist -2026/Hettich Price List February 2026.pdf,39,9308463
hettich,Hettich,9310124,False,"ChannelLine B End cap Type 2 (Set of 2),Alu",,,,Set,1,190.0,INR,False,94059200,2026-02-01,Pricelist -2026/Hettich Price List February 2026.pdf,39,9310124
hettich,Hettich,9310125,False,"ChannelLine B, L=3000, Black Alu profile & Opal Cover",,,,Pc,1,6400.0,INR,False,94059900,2026-02-01,Pricelist -2026/Hettich Price List February 2026.pdf,39,9310125
hettich,Hettich,9310128,False,"ChannelLine B End cap type 2 (Set of 2), Black",,,,Set,1,190.0,INR,False,94059200,2026-02-01,Pricelist -2026/Hettich Price List February 2026.pdf,39,9310128
hettich,Hettich,9310129,False,"ChannelLine C, L=3000, Alu profile & Opal Cover",,,,Pc,1,5250.0,INR,False,94059900,2026-02-01,Pricelist -2026/Hettich Price List February 2026.pdf,40,9310129
hettich,Hettich,9310130,False,"ChannelLine C End cap Type 2 (Set of 2), Alu",,,,Set,1,190.0,INR,False,94059200,2026-02-01,Pricelist -2026/Hettich Price List February 2026.pdf,40,9310130
hettich,Hettich,9310132,False,"ChannelLine C, L=3000, Black Alu profile & Opal Cover",,,,Pc,1,6400.0,INR,False,94059900,2026-02-01,Pricelist -2026/Hettich Price List February 2026.pdf,40,9310132
hettich,Hettich,9310135,False,"ChannelLine C End cap type 2 (Set of 2), Black",,,,Set,1,190.0,INR,False,94059200,2026-02-01,Pricelist -2026/Hettich Price List February 2026.pdf,40,9310135
hettich,Hettich,9310137,False,"ChannelLine D, L=3000, Alu profile &Opal Cover",,,,Pc,1,5400.0,INR,False,94059900,2026-02-01,Pricelist -2026/Hettich Price List February 2026.pdf,40,9310137
hettich,Hettich,9244279,False,"ChannelLine D End cap (Set of 2),Alu",,,,Set,1,150.0,INR,False,94059200,2026-02-01,Pricelist -2026/Hettich Price List February 2026.pdf,40,9244279
hettich,Hettich,9310138,False,"ChannelLine D, L=3000, Black Alu profile & Opal Cover",,,,Pc,1,5950.0,INR,False,94059900,2026-02-01,Pricelist -2026/Hettich Price List February 2026.pdf,40,9310138
hettich,Hettich,9310139,False,"ChannelLine D (End cap Set of 2), Black",,,,Set,1,150.0,INR,False,94059200,2026-02-01,Pricelist -2026/Hettich Price List February 2026.pdf,40,9310139
hettich,Hettich,9310141,False,"ChannelLine I, L=3000, Alu profile & Opal Cover",,,,Pc,1,4700.0,INR,False,94059900,2026-02-01,Pricelist -2026/Hettich Price List February 2026.pdf,40,9310141
hettich,Hettich,9244281,False,"ChannelLine i End cap (Set of 2),Alu",,,,Set,1,110.0,INR,False,94059200,2026-02-01,Pricelist -2026/Hettich Price List February 2026.pdf,40,9244281
hettich,Hettich,9312166,False,"ChannelLine I, L=3000, Black Alu profile & Opal Cover",,,,Pc,1,4850.0,INR,False,94059900,2026-02-01,Pricelist -2026/Hettich Price List February 2026.pdf,40,9312166
hettich,Hettich,9312165,False,"ChannelLine i End cap (Set of 2), Black",,,,Set,1,110.0,INR,False,94059200,2026-02-01,Pricelist -2026/Hettich Price List February 2026.pdf,40,9312165
hettich,Hettich,9321548,False,"ChannelLine i2, L=3000, Alu profile &Opal Cover",,,,Pc,1,5250.0,INR,False,94059900,2026-02-01,Pricelist -2026/Hettich Price List February 2026.pdf,40,9321548
hettich,Hettich,9321550,False,"ChannelLine i2, End cap (Set of 2), Alu",,,,Set,1,190.0,INR,False,94059200,2026-02-01,Pricelist -2026/Hettich Price List February 2026.pdf,40,9321550
hettich,Hettich,9321549,False,"ChannelLine i2, L=3000, Black Alu profile & Opal Cover",,,,Pc,1,5000.0,INR,False,94059900,2026-02-01,Pricelist -2026/Hettich Price List February 2026.pdf,40,9321549
hettich,Hettich,9321691,False,"ChannelLine i2, End cap (Set of 2), Black",,,,Set,1,110.0,INR,False,94059200,2026-02-01,Pricelist -2026/Hettich Price List February 2026.pdf,40,9321691
hettich,Hettich,9315697,False,"ChannelLine G2, L=3000, Alu profile & Opal Cover",,,,Pc,1,6550.0,INR,False,94059900,2026-02-01,Pricelist -2026/Hettich Price List February 2026.pdf,40,9315697
hettich,Hettich,9244283,False,"ChannelLine G2 End cap (Set of 2),Alu",,,,Set,1,140.0,INR,False,94059200,2026-02-01,Pricelist -2026/Hettich Price List February 2026.pdf,40,9244283
hettich,Hettich,9315698,False,"ChannelLine G2, L=3000, Black Alu profile & Opal Cover",,,,Pc,1,6200.0,INR,False,94059900,2026-02-01,Pricelist -2026/Hettich Price List February 2026.pdf,40,9315698
hettich,Hettich,9304152,False,"ChannelLine G2 End cap (Set of 2), Black",,,,Set,1,140.0,INR,False,94059200,2026-02-01,Pricelist -2026/Hettich Price List February 2026.pdf,40,9304152
hettich,Hettich,9244566,False,"ChannelLine H, L=3000, Alu profile & Opal Cover",,,,Pc,1,5250.0,INR,False,94054900,2026-02-01,Pricelist -2026/Hettich Price List February 2026.pdf,40,9244566
hettich,Hettich,9244567,False,ChannelLine H (End cap Set of 2),,,,Set,1,110.0,INR,False,94054900,2026-02-01,Pricelist -2026/Hettich Price List February 2026.pdf,40,9244567
hettich,Hettich,9162630,False,"ChannelLine F, L=3000, Opal Cover",,,,Pc,1,3100.0,INR,False,94054900,2026-02-01,Pricelist -2026/Hettich Price List February 2026.pdf,40,9162630
hettich,Hettich,9335242,False,"SuperSpot Eco WW, 12VDC, 4.2W, Stainless Steel",,,,Pc,1,3350.0,INR,False,94054239,2026-02-01,Pricelist -2026/Hettich Price List February 2026.pdf,41,9335242
hettich,Hettich,9335241,False,"SuperSpot Eco NW, 12VDC, 4.2W, Stainless Steel",,,,Set,1,3350.0,INR,False,94054239,2026-02-01,Pricelist -2026/Hettich Price List February 2026.pdf,41,9335241
hettich,Hettich,9335243,False,"L itePanel 68 MW² 12VDC, 4.3W, Black (Connected directly to an electronic ballast, the light colour is Xtra Warm White (2700K))",,,,Pc 1,,2500.0,INR,False,94054239,2026-02-01,Pricelist -2026/Hettich Price List February 2026.pdf,41,9335243
hettich,Hettich,9335244,False,"MultiLite Flood WW, 12VDC, 4W, round, without ring",,,,Pc 1,,2000.0,INR,False,94054231,2026-02-01,Pricelist -2026/Hettich Price List February 2026.pdf,41,9335244
hettich,Hettich,9245072,False,"MultiLite Flood cover ring, Alu Look",,,,Pc 1,,320.0,INR,False,94059200,2026-02-01,Pricelist -2026/Hettich Price List February 2026.pdf,41,9245072
hettich,Hettich,9245073,False,"MultiLite Flood-cover ring, Chrome Matt",,,,Pc 1,,320.0,INR,False,94059200,2026-02-01,Pricelist -2026/Hettich Price List February 2026.pdf,41,9245073
hettich,Hettich,9245077,False,"MultiLite Flood-cover ring, Stainless Steel look",,,,Pc 1,,470.0,INR,False,94059200,2026-02-01,Pricelist -2026/Hettich Price List February 2026.pdf,41,9245077
hettich,Hettich,9254413,False,"MultiLite Flood-cover ring, Gold coloured",,,,Pc 1,,370.0,INR,False,94059200,2026-02-01,Pricelist -2026/Hettich Price List February 2026.pdf,41,9254413
hettich,Hettich,9254414,False,"MultiLite Flood-cover ring, Bronze look",,,,Pc 1,,170.0,INR,False,94059200,2026-02-01,Pricelist -2026/Hettich Price List February 2026.pdf,41,9254414
hettich,Hettich,9279478,False,"MultiLite Flood-cover ring, Black",,,,Pc 1,,470.0,INR,False,94059200,2026-02-01,Pricelist -2026/Hettich Price List February 2026.pdf,41,9279478
hettich,Hettich,9335247,False,"PowerLite WW, 12VDC, 3.5W, Stainless Steel",,,,Pc 1,,2550.0,INR,False,94054239,2026-02-01,Pricelist -2026/Hettich Price List February 2026.pdf,41,9335247
hettich,Hettich,9335246,False,"PowerLite NW, 12VDC, 3.5W, Stainless Steel",,,,Pc 1,,2550.0,INR,False,94054239,2026-02-01,Pricelist -2026/Hettich Price List February 2026.pdf,41,9335246
hettich,Hettich,9335248,False,"Eco Power L WW, 12VDC, 3.2W, Stainless Steel",,,,Pc 1,,1750.0,INR,False,94054231,2026-02-01,Pricelist -2026/Hettich Price List February 2026.pdf,41,9335248
hettich,Hettich,9335249,False,"EcoPower L WW, 12VDC, 3.2W, Black",,,,Pc 1,,1600.0,INR,False,94054231,2026-02-01,Pricelist -2026/Hettich Price List February 2026.pdf,41,9335249
hettich,Hettich,9335250,False,"Eco Spot WW, 12VDC, 1.5W, Stainless Steel",,,,Pc 1,,1100.0,INR,False,94054231,2026-02-01,Pricelist -2026/Hettich Price List February 2026.pdf,41,9335250
hettich,Hettich,9335251,False,"Side Spot, Extra WW, 12VDC, 1.4W, Black",,,,Pc 1,,1350.0,INR,False,94054239,2026-02-01,Pricelist -2026/Hettich Price List February 2026.pdf,41,9335251
hettich,Hettich,9335192,False,"HandleLine i MW² Stainless Steel, 567mm, 12VDC, max. 5.3W",,,,Pc 1,,3000.0,INR,False,94054239,2026-02-01,Pricelist -2026/Hettich Price List February 2026.pdf,42,9335192
hettich,Hettich,9335193,False,"HandleLine i MW² Stainless Steel, 867mm, 12VDC, max. 8.2W",,,,Pc 1,,4350.0,INR,False,94054239,2026-02-01,Pricelist -2026/Hettich Price List February 2026.pdf,42,9335193
hettich,Hettich,9335194,False,"HandleLine i MW² Stainless Steel, 967mm, 12VDC, max. 9.2W",,,,Pc 1,,4550.0,INR,False,94054239,2026-02-01,Pricelist -2026/Hettich Price List February 2026.pdf,42,9335194
hettich,Hettich,9335195,False,"HandleLine i MW² Stainless Steel, 1167mm, 12VDC, max. 11.1W",,,,Pc 1,,5650.0,INR,False,94054239,2026-02-01,Pricelist -2026/Hettich Price List February 2026.pdf,42,9335195
hettich,Hettich,9335196,False,"HandleLine i MW² blackopal 567mm,12VDC, max. 5.3W",,,,Pc 1,,4810.0,INR,False,94054239,2026-02-01,Pricelist -2026/Hettich Price List February 2026.pdf,42,9335196
hettich,Hettich,9335197,False,"HandleLine i MW² blackopal 867mm, 12VDC, max. 8.2W",,,,Pc 1,,4550.0,INR,False,94054239,2026-02-01,Pricelist -2026/Hettich Price List February 2026.pdf,42,9335197
hettich,Hettich,9335198,False,"HandleLine i MW² blackopal 967mm, 12VDC, max. 9.2W",,,,Pc 1,,4750.0,INR,False,94054239,2026-02-01,Pricelist -2026/Hettich Price List February 2026.pdf,42,9335198
hettich,Hettich,9335199,False,"HandleLine i MW² blackopal 1167mm, 12VDC, max. 11.1W (Connected directly to an electronic ballast, the light colour is XtraWarmWhite (2700K))",,,,Pc 1,,5800.0,INR,False,94054239,2026-02-01,Pricelist -2026/Hettich Price List February 2026.pdf,42,9335199
hettich,Hettich,9335255,False,"Lite Pipe, 1000mm, Alu, WW, 12VDC, 5.0W",,,,Pc 1,,10450.0,INR,False,94054239,2026-02-01,Pricelist -2026/Hettich Price List February 2026.pdf,42,9335255
hettich,Hettich,9335254,False,"Lite Pipe, 1200mm, Alu, WW, 12VDC, 5.5W",,,,Pc 1,,11420.0,INR,False,94054239,2026-02-01,Pricelist -2026/Hettich Price List February 2026.pdf,42,9335254
hettich,Hettich,9335253,False,"Lite Pipe, 1000mm, Alu, NW, 12VDC, 5.0W",,,,Pc 1,,10450.0,INR,False,94054239,2026-02-01,Pricelist -2026/Hettich Price List February 2026.pdf,42,9335253
hettich,Hettich,9335252,False,"Lite Pipe, 1200mm, Alu, NW, 12VDC, 5.5W",,,,Pc 1,,11420.0,INR,False,94054239,2026-02-01,Pricelist -2026/Hettich Price List February 2026.pdf,42,9335252
hettich,Hettich,9335256,False,"Innoline Plus, NW, 12VDC, 2.3W, L=401-500mm, IR Sensor",,,,Pc 1,,5320.0,INR,False,94054239,2026-02-01,Pricelist -2026/Hettich Price List February 2026.pdf,42,9335256
hettich,Hettich,9335257,False,"Innoline Plus, NW, 12VDC, 2.8W, L=501-600mm, IR Sensor",,,,Pc 1,,4900.0,INR,False,94054239,2026-02-01,Pricelist -2026/Hettich Price List February 2026.pdf,42,9335257
hettich,Hettich,9335258,False,"Innoline Plus, NW, 12VDC, 4.2W, L=801-900mm, IR Sensor",,,,Pc 1,,6500.0,INR,False,94054239,2026-02-01,Pricelist -2026/Hettich Price List February 2026.pdf,42,9335258
hettich,Hettich,9335259,False,"Innoline Plus, NW, 12VDC, 4.7W, L=901-1000mm, IR Sensor",,,,Pc 1,,6500.0,INR,False,94054239,2026-02-01,Pricelist -2026/Hettich Price List February 2026.pdf,42,9335259
hettich,Hettich,9335260,False,"Innoline Plus, NW, 12VDC, 5.7W, L=1101-1200mm, IR Sensor",,,,Pc 1,,7500.0,INR,False,94054239,2026-02-01,Pricelist -2026/Hettich Price List February 2026.pdf,42,9335260
hettich,Hettich,9326539,False,X-Mitter Smart Remote control incl. Mounting Ring (Zigbee),,,,Pc 1,,3850.0,INR,False,85365005,2026-02-01,Pricelist -2026/Hettich Price List February 2026.pdf,42,9326539
hettich,Hettich,9326532,False,"Smart Receiver 12VDC, Max.36W",,,,Pc 1,,5250.0,INR,False,85371000,2026-02-01,Pricelist -2026/Hettich Price List February 2026.pdf,42,9326532
hettich,Hettich,9326538,False,"Extension set, 12VDC (Smart Receiver Max. 36 watt & 60W Ballast, M1x9)",,,,Set 1,,13500.0,INR,False,85365005,2026-02-01,Pricelist -2026/Hettich Price List February 2026.pdf,42,9326538
hettich,Hettich,9326542,False,"S-Mitter Smart set, 12VDC (5-channel smart remote control & Smart Receiver, Max 36 Watt)",,,,Set 1,,10600.0,INR,False,85365005,2026-02-01,Pricelist -2026/Hettich Price List February 2026.pdf,42,9326542
hettich,Hettich,9326545,False,S-Mitter Smart Remote control,,,,Pc 1,,4050.0,INR,False,85365005,2026-02-01,Pricelist -2026/Hettich Price List February 2026.pdf,42,9326545
hettich,Hettich,9312046,False,"4-Mitter Smart Set 12VDC, (4-channel remote control and smart receiver, Max. 4x36 Watt)",,,,Set 1,,12500.0,INR,False,85365005,2026-02-01,Pricelist -2026/Hettich Price List February 2026.pdf,42,9312046
hettich,Hettich,9326546,False,S-Mitter MW² Smart Remote control,,,,Pc 1,,4050.0,INR,False,85371000,2026-02-01,Pricelist -2026/Hettich Price List February 2026.pdf,43,9326546
hettich,Hettich,9312158,False,"Smart Receiver MW², 1- Channel, Max.36W",,,,Pc 1,,5250.0,INR,False,85365005,2026-02-01,Pricelist -2026/Hettich Price List February 2026.pdf,43,9312158
hettich,Hettich,9312160,False,"Extension Set 12VDC (Smart Receiver & 60 W Ballast, M1x9)",,,,Set 1,,15000.0,INR,False,85365005,2026-02-01,Pricelist -2026/Hettich Price List February 2026.pdf,43,9312160
hettich,Hettich,9312157,False,S-Mitter Basic MW² Remote control,,,,Pc 1,,3850.0,INR,False,85371000,2026-02-01,Pricelist -2026/Hettich Price List February 2026.pdf,43,9312157
hettich,Hettich,9308466,False,"MultiSwitch² drill in sensor, Alu (IR Sensor or door contact switch)",,,,Pc 1,,1750.0,INR,False,85365090,2026-02-01,Pricelist -2026/Hettich Price List February 2026.pdf,43,9308466
hettich,Hettich,9312193,False,"MultiSwitch² drill in sensor, Black (IR Sensor or door contact switch)",,,,Pc 1,,1600.0,INR,False,85365005,2026-02-01,Pricelist -2026/Hettich Price List February 2026.pdf,43,9312193
hettich,Hettich,9309582,False,"MultiSwitch² IR surface mounted, Alu (IR sensor or door contact switch)",,,,Pc 1,,1900.0,INR,False,85365090,2026-02-01,Pricelist -2026/Hettich Price List February 2026.pdf,43,9309582
hettich,Hettich,9312192,False,"MultiSwitch² IR surface mounted, Black (IR sensor or door contact switch)",,,,Pc 1,,1750.0,INR,False,85365005,2026-02-01,Pricelist -2026/Hettich Price List February 2026.pdf,43,9312192
hettich,Hettich,9308462,False,"MultiSwitch² Master 12VDC, Max.36W",,,,Pc 1,,3000.0,INR,False,85365090,2026-02-01,Pricelist -2026/Hettich Price List February 2026.pdf,43,9308462
hettich,Hettich,9326517,False,"MultiSwitch² Master 230-240V, AC, 500 W, 3m Euro Plug 150mm, Jack",,,,Pc 1,,5300.0,INR,False,85365005,2026-02-01,Pricelist -2026/Hettich Price List February 2026.pdf,43,9326517
hettich,Hettich,9315711,False,Extension MultiSwitch² 3000mm,,,,Pc 1,,370.0,INR,False,85444290,2026-02-01,Pricelist -2026/Hettich Price List February 2026.pdf,43,9315711
hettich,Hettich,9312194,False,"MultiSwitch² PIR sensor for surface mounting, Alu (motion sensor)",,,,Pc 1,,1800.0,INR,False,85365090,2026-02-01,Pricelist -2026/Hettich Price List February 2026.pdf,43,9312194
hettich,Hettich,9312195,False,"MultiSwitch² PIR sensor for surface mounting, Black (motion sensor)",,,,Pc 1,,1600.0,INR,False,85365005,2026-02-01,Pricelist -2026/Hettich Price List February 2026.pdf,43,9312195
hettich,Hettich,9246079,False,"Repeater for 12VDC, Max.36W",,,,Pc 1,,1700.0,INR,False,85365090,2026-02-01,Pricelist -2026/Hettich Price List February 2026.pdf,43,9246079
hettich,Hettich,9267112,False,"IR Door Switch 12VDC, Max. 36W, Lead M1 (Drill in sensor)",,,,Pc 1,,1950.0,INR,False,85365090,2026-02-01,Pricelist -2026/Hettich Price List February 2026.pdf,43,9267112
hettich,Hettich,9267111,False,"LED Motion sensor 12VDC max. 36W, Lead M1 (Drill in Sensor)",,,,Pc 1,,1350.0,INR,False,85365090,2026-02-01,Pricelist -2026/Hettich Price List February 2026.pdf,43,9267111
hettich,Hettich,9335262,False,"LED ballast 12VDC, 15W, 200-240V, 2m EFS 0.2m, M1+0.15m, M1x6 (6-Way Distributor)",,,,Pc 1,,2300.0,INR,False,85044082,2026-02-01,Pricelist -2026/Hettich Price List February 2026.pdf,44,9335262
hettich,Hettich,9335263,False,"LED ballast.12VDC, 20W,200-240V, 2m EFS 0.2m, M1+0.15m, M1x6 (6-Way Distributor)",,,,Pc 1,,2400.0,INR,False,85044082,2026-02-01,Pricelist -2026/Hettich Price List February 2026.pdf,44,9335263
hettich,Hettich,9335264,False,"LED ballast. 12VDC, 30W,200-240V, 2m EFS 0.2m, M1+0.15m, M1x6 (6-Way Distributor)",,,,Pc 1,,4500.0,INR,False,85044082,2026-02-01,Pricelist -2026/Hettich Price List February 2026.pdf,44,9335264
hettich,Hettich,9335265,False,"LED ballast. 12VDC, 60W, 2m EFS 0.15m, M1x9 (9-Way Distributor)",,,,Pc 1,,6150.0,INR,False,85044082,2026-02-01,Pricelist -2026/Hettich Price List February 2026.pdf,44,9335265
hettich,Hettich,9104773,False,"LED extension M1 12VDC, L=1800mm, Black",,,,Pc 1,,440.0,INR,False,85444290,2026-02-01,Pricelist -2026/Hettich Price List February 2026.pdf,44,9104773
hettich,Hettich,9084272,False,"LED 6-way distributor M1, 12VDC, L=2000mm, Black",,,,Pc 1,,560.0,INR,False,85444290,2026-02-01,Pricelist -2026/Hettich Price List February 2026.pdf,44,9084272
hettich,Hettich,9414662,False,300 mm with catches,,,,,10,4930.0,INR,False,83024200,2026-02-01,Pricelist -2026/Hettich Price List February 2026.pdf,46,9414662
hettich,Hettich,9414663,False,350 mm with catches,,,,,10,4970.0,INR,False,83024200,2026-02-01,Pricelist -2026/Hettich Price List February 2026.pdf,46,9414663
hettich,Hettich,9414664,False,400 mm with catches,,,,,10,5010.0,INR,False,83024200,2026-02-01,Pricelist -2026/Hettich Price List February 2026.pdf,46,9414664
hettich,Hettich,9414666,False,450 mm with catches,,,,,10,5050.0,INR,False,83024200,2026-02-01,Pricelist -2026/Hettich Price List February 2026.pdf,46,9414666
hettich,Hettich,9414667,False,500 mm with catches,,,,,10,5112.0,INR,False,83024200,2026-02-01,Pricelist -2026/Hettich Price List February 2026.pdf,46,9414667
hettich,Hettich,9414668,False,550 mm with catches,,,,,10,5312.0,INR,False,83024200,2026-02-01,Pricelist -2026/Hettich Price List February 2026.pdf,46,9414668
hettich,Hettich,9414669,False,500 mm with catches,,,,,10,5992.0,INR,False,83024200,2026-02-01,Pricelist -2026/Hettich Price List February 2026.pdf,46,9414669
hettich,Hettich,9414670,False,550 mm with catches,,,,,10,6232.0,INR,False,83024200,2026-02-01,Pricelist -2026/Hettich Price List February 2026.pdf,46,9414670
hettich,Hettich,9414681,False,600 mm with catches,,,,,10,6752.0,INR,False,83024200,2026-02-01,Pricelist -2026/Hettich Price List February 2026.pdf,46,9414681
hettich,Hettich,9320334,False,Left,,,,,5,365.0,INR,False,83024200,2026-02-01,Pricelist -2026/Hettich Price List February 2026.pdf,46,9320334
hettich,Hettich,9320335,False,Right,,,,,5,365.0,INR,False,83024200,2026-02-01,Pricelist -2026/Hettich Price List February 2026.pdf,46,9320335
hettich,Hettich,9257706,False,Depth Adjustment,,,,,1,525.0,INR,False,83024200,2026-02-01,Pricelist -2026/Hettich Price List February 2026.pdf,46,9257706
hettich,Hettich,9144830,False,Left,,,,10,,5739263000.0,INR,False,,2026-02-01,Pricelist -2026/Hettich Price List February 2026.pdf,47,9144830
hettich,Hettich,9144841,False,Right,,,,10,,5739263000.0,INR,False,,2026-02-01,Pricelist -2026/Hettich Price List February 2026.pdf,47,9144841
hettich,Hettich,9255012,False,Drawer side profile (Silver)-Left,,,,Pc,1,1623.0,INR,False,94039010,2026-02-01,Pricelist -2026/Hettich Price List February 2026.pdf,54,9255012
hettich,Hettich,9255013,False,Drawer side profile (Silver)-Right,,,,Pc,1,1623.0,INR,False,94039010,2026-02-01,Pricelist -2026/Hettich Price List February 2026.pdf,54,9255013
hettich,Hettich,9255806,False,Design profile (Silver),,,,Pc,2,282.0,INR,False,39169090,2026-02-01,Pricelist -2026/Hettich Price List February 2026.pdf,54,9255806
hettich,Hettich,9255835,False,Front connector for drawer side profile,,,,Pc,2,894.0,INR,False,83024200,2026-02-01,Pricelist -2026/Hettich Price List February 2026.pdf,54,9255835
hettich,Hettich,9257666,False,"Rear Panel Connector (Silver), Left",,,,Pc,1,339.0,INR,False,83024200,2026-02-01,Pricelist -2026/Hettich Price List February 2026.pdf,54,9257666
hettich,Hettich,9257667,False,"Rear panel connector (Silver), Right",,,,Pc,1,339.0,INR,False,83024200,2026-02-01,Pricelist -2026/Hettich Price List February 2026.pdf,54,9257667
hettich,Hettich,9257702,False,Rear Panel stabilizer,,,,Pc,3,42.0,INR,False,39263000,2026-02-01,Pricelist -2026/Hettich Price List February 2026.pdf,54,9257702
hettich,Hettich,9321561,False,Front stabiliser,,,,Pc,1,460.0,INR,False,39263000,2026-02-01,Pricelist -2026/Hettich Price List February 2026.pdf,54,9321561
hettich,Hettich,9318173,False,"Actro YOU Drawer runner-40kg, Left",,,,Pc,1,2168.0,INR,False,83024200,2026-02-01,Pricelist -2026/Hettich Price List February 2026.pdf,54,9318173
hettich,Hettich,9318174,False,"Actro YOU Drawer runner-40kg, Right",,,,Pc,1,2168.0,INR,False,83024200,2026-02-01,Pricelist -2026/Hettich Price List February 2026.pdf,54,9318174
hettich,Hettich,9257703,False,Branding clip with Hettich Logo- Silver,,,,Pc,1,42.0,INR,False,39269097,2026-02-01,Pricelist -2026/Hettich Price List February 2026.pdf,54,9257703
hettich,Hettich,9255014,False,Drawer side profile (Silver)-Left,,,,Pc,1,1490.0,INR,False,94039010,2026-02-01,Pricelist -2026/Hettich Price List February 2026.pdf,54,9255014
hettich,Hettich,9255015,False,Drawer side profile (Silver)-Right,,,,Pc,1,1490.0,INR,False,94039010,2026-02-01,Pricelist -2026/Hettich Price List February 2026.pdf,54,9255015
hettich,Hettich,9255807,False,Design profile (Silver),,,,Pc,2,310.0,INR,False,39169090,2026-02-01,Pricelist -2026/Hettich Price List February 2026.pdf,54,9255807
hettich,Hettich,9318175,False,"Actro YOU Drawer runner-40kg, Left",,,,Pc,1,1818.0,INR,False,83024200,2026-02-01,Pricelist -2026/Hettich Price List February 2026.pdf,54,9318175
hettich,Hettich,9318176,False,"Actro YOU Drawer runner-40kg, Right",,,,Pc,1,1818.0,INR,False,83024200,2026-02-01,Pricelist -2026/Hettich Price List February 2026.pdf,54,9318176
hettich,Hettich,9255016,False,"Drawer Side Profile (Silver), Left",,,,Pc,1,1648.0,INR,False,94039010,2026-02-01,Pricelist -2026/Hettich Price List February 2026.pdf,54,9255016
hettich,Hettich,9255017,False,"Drawer Side Profile (Silver), Right",,,,Pc,1,1648.0,INR,False,94039010,2026-02-01,Pricelist -2026/Hettich Price List February 2026.pdf,54,9255017
hettich,Hettich,9255808,False,Design Profile (Silver),,,,Pc,2,292.0,INR,False,39169090,2026-02-01,Pricelist -2026/Hettich Price List February 2026.pdf,54,9255808
hettich,Hettich,9318177,False,"Actro YOU runner Left, 40 kg",,,,Pc,1,1855.0,INR,False,83024200,2026-02-01,Pricelist -2026/Hettich Price List February 2026.pdf,54,9318177
hettich,Hettich,9318178,False,"Actro YOU runner Right, 40 kg",,,,Pc,1,1855.0,INR,False,83024200,2026-02-01,Pricelist -2026/Hettich Price List February 2026.pdf,54,9318178
hettich,Hettich,9255018,False,"Drawer Side Profile (Silver), Left",,,,Pc,1,1685.0,INR,False,94039010,2026-02-01,Pricelist -2026/Hettich Price List February 2026.pdf,55,9255018
hettich,Hettich,9255019,False,"Drawer Side Profile (Silver), Right",,,,Pc,1,1685.0,INR,False,94039010,2026-02-01,Pricelist -2026/Hettich Price List February 2026.pdf,55,9255019
hettich,Hettich,9255809,False,Design Profile (Silver),,,,Pc,2,292.0,INR,False,39169090,2026-02-01,Pricelist -2026/Hettich Price List February 2026.pdf,55,9255809
hettich,Hettich,9318179,False,"Actro YOU runner (Left), 40 kg",,,,Pc,1,1877.0,INR,False,83024200,2026-02-01,Pricelist -2026/Hettich Price List February 2026.pdf,55,9318179
hettich,Hettich,9318180,False,"Actro YOU runner (Right), 40 kg",,,,Pc,1,1877.0,INR,False,83024200,2026-02-01,Pricelist -2026/Hettich Price List February 2026.pdf,55,9318180
hettich,Hettich,9255020,False,"Drawer Side Profile (Silver), Left",,,,Pc,1,1711.0,INR,False,94039010,2026-02-01,Pricelist -2026/Hettich Price List February 2026.pdf,55,9255020
hettich,Hettich,9255021,False,"Drawer Side Profile (Silver), Right",,,,Pc,1,1711.0,INR,False,94039010,2026-02-01,Pricelist -2026/Hettich Price List February 2026.pdf,55,9255021
hettich,Hettich,9255810,False,Design Profile (Silver),,,,Pc,2,292.0,INR,False,39169090,2026-02-01,Pricelist -2026/Hettich Price List February 2026.pdf,55,9255810
hettich,Hettich,9318181,False,"Actro YOU runner (Left), 40 kg",,,,Pc,1,1999.0,INR,False,83024200,2026-02-01,Pricelist -2026/Hettich Price List February 2026.pdf,55,9318181
hettich,Hettich,9318182,False,"Actro YOU runner (Right), 40 kg",,,,Pc,1,1999.0,INR,False,83024200,2026-02-01,Pricelist -2026/Hettich Price List February 2026.pdf,55,9318182
hettich,Hettich,94039010,False,"Drawer Side Profile (Silver), Left",,,,Pc,1,1749.0,INR,False,94039010,2026-02-01,Pricelist -2026/Hettich Price List February 2026.pdf,55,94039010
hettich,Hettich,39169090,False,Design Profile (Silver),,,,Pc,2,292.0,INR,False,39169090,2026-02-01,Pricelist -2026/Hettich Price List February 2026.pdf,55,39169090
hettich,Hettich,83024200,False,Front connector for drawer side profile,,,,Pc,2,894.0,INR,False,83024200,2026-02-01,Pricelist -2026/Hettich Price List February 2026.pdf,55,83024200
hettich,Hettich,39263000,False,Rear Panel Stabilizer,,,,Pc,3,42.0,INR,False,39263000,2026-02-01,Pricelist -2026/Hettich Price List February 2026.pdf,55,39263000
hettich,Hettich,39269097,False,Branding clip with Hettich logo (silver),,,,Pc,1,42.0,INR,False,39269097,2026-02-01,Pricelist -2026/Hettich Price List February 2026.pdf,55,39269097
hettich,Hettich,9318198,False,"Actro YOU runner (Left), 70 kg",,,,Pc,1,2428.0,INR,False,83024200,2026-02-01,Pricelist -2026/Hettich Price List February 2026.pdf,56,9318198
hettich,Hettich,9318199,False,"Actro YOU runner (Right), 70 kg",,,,Pc,1,2428.0,INR,False,83024200,2026-02-01,Pricelist -2026/Hettich Price List February 2026.pdf,56,9318199
hettich,Hettich,9318201,False,"Actro YOU runner (Left), 70 kg",,,,Pc,1,2458.0,INR,False,83024200,2026-02-01,Pricelist -2026/Hettich Price List February 2026.pdf,56,9318201
hettich,Hettich,9318203,False,"Actro YOU runner (Right), 70 kg",,,,Pc,1,2458.0,INR,False,83024200,2026-02-01,Pricelist -2026/Hettich Price List February 2026.pdf,56,9318203
hettich,Hettich,9318208,False,"Actro YOU runner (Left), 70 kg",,,,Pc,1,2584.0,INR,False,83024200,2026-02-01,Pricelist -2026/Hettich Price List February 2026.pdf,56,9318208
hettich,Hettich,9318209,False,"Actro YOU runner (Right), 70 kg",,,,Pc,1,2584.0,INR,False,83024200,2026-02-01,Pricelist -2026/Hettich Price List February 2026.pdf,56,9318209
hettich,Hettich,9255022,False,"Drawer Side Profile (Silver), Left",,,,Pc,1,1749.0,INR,False,94039010,2026-02-01,Pricelist -2026/Hettich Price List February 2026.pdf,57,9255022
hettich,Hettich,9255023,False,"Drawer Side Profile (Silver), Right",,,,Pc,1,1749.0,INR,False,94039010,2026-02-01,Pricelist -2026/Hettich Price List February 2026.pdf,57,9255023
hettich,Hettich,9255811,False,Design Profile (Silver),,,,Pc,2,292.0,INR,False,39169090,2026-02-01,Pricelist -2026/Hettich Price List February 2026.pdf,57,9255811
hettich,Hettich,9318211,False,"Actro YOU runner Left, 70 kg",,,,Pc,1,2841.0,INR,False,83024200,2026-02-01,Pricelist -2026/Hettich Price List February 2026.pdf,57,9318211
hettich,Hettich,9318212,False,"Actro YOU runner Right, 70 kg",,,,Pc,1,2841.0,INR,False,83024200,2026-02-01,Pricelist -2026/Hettich Price List February 2026.pdf,57,9318212
hettich,Hettich,9255048,False,"Drawer Side Profile (Silver), Left",,,,Pc,1,2560.0,INR,False,94039010,2026-02-01,Pricelist -2026/Hettich Price List February 2026.pdf,57,9255048
hettich,Hettich,9255049,False,"Drawer Side Profile (Silver), Right",,,,Pc,1,2560.0,INR,False,94039010,2026-02-01,Pricelist -2026/Hettich Price List February 2026.pdf,57,9255049
hettich,Hettich,9255838,False,Front connector for drawer side profile,,,,Pc,2,1586.0,INR,False,83024200,2026-02-01,Pricelist -2026/Hettich Price List February 2026.pdf,57,9255838
hettich,Hettich,9257670,False,"Rear Panel Connector (Silver), Left",,,,Pc,1,477.0,INR,False,83024200,2026-02-01,Pricelist -2026/Hettich Price List February 2026.pdf,57,9257670
hettich,Hettich,9257671,False,"Rear Panel Connector (Silver), Right",,,,Pc,1,477.0,INR,False,83024200,2026-02-01,Pricelist -2026/Hettich Price List February 2026.pdf,57,9257671
hettich,Hettich,9255050,False,"Drawer Side Profile (Silver), Left",,,,Pc,1,2256.0,INR,False,94039010,2026-02-01,Pricelist -2026/Hettich Price List February 2026.pdf,57,9255050
hettich,Hettich,9255051,False,"Drawer Side Profile (Silver), Right",,,,Pc,1,2256.0,INR,False,94039010,2026-02-01,Pricelist -2026/Hettich Price List February 2026.pdf,57,9255051
hettich,Hettich,9255052,False,"Drawer Side Profile (Silver), Left",,,,Pc,1,2343.0,INR,False,94039010,2026-02-01,Pricelist -2026/Hettich Price List February 2026.pdf,58,9255052
hettich,Hettich,9255053,False,"Drawer Side Profile (Silver), Right",,,,Pc,1,2343.0,INR,False,94039010,2026-02-01,Pricelist -2026/Hettich Price List February 2026.pdf,58,9255053
hettich,Hettich,9255054,False,"Drawer Side Profile (Silver), Left",,,,Pc,1,2377.0,INR,False,94039010,2026-02-01,Pricelist -2026/Hettich Price List February 2026.pdf,58,9255054
hettich,Hettich,9255055,False,"Drawer Side Profile (Silver), Right",,,,Pc,1,2377.0,INR,False,94039010,2026-02-01,Pricelist -2026/Hettich Price List February 2026.pdf,58,9255055
hettich,Hettich,9255056,False,"Drawer Side Profile (Silver), Left",,,,Pc,1,2426.0,INR,False,94039010,2026-02-01,Pricelist -2026/Hettich Price List February 2026.pdf,58,9255056
hettich,Hettich,9255057,False,"Drawer Side Profile (Silver), Right",,,,Pc,1,2426.0,INR,False,94039010,2026-02-01,Pricelist -2026/Hettich Price List February 2026.pdf,58,9255057
hettich,Hettich,9255058,False,"Drawer Side Profile (Silver), Left",,,,Pc,1,2638.0,INR,False,94039010,2026-02-01,Pricelist -2026/Hettich Price List February 2026.pdf,59,9255058
hettich,Hettich,9255059,False,"Drawer Side Profile (Silver), Right",,,,Pc,1,2638.0,INR,False,94039010,2026-02-01,Pricelist -2026/Hettich Price List February 2026.pdf,59,9255059
hettich,Hettich,9318183,False,"Actro YOU runner Left, 40 kg",,,,Pc,1,2427.0,INR,False,83024200,2026-02-01,Pricelist -2026/Hettich Price List February 2026.pdf,59,9318183
hettich,Hettich,9318184,False,"Actro YOU runner Right, 40 kg",,,,Pc,1,2427.0,INR,False,83024200,2026-02-01,Pricelist -2026/Hettich Price List February 2026.pdf,59,9318184
hettich,Hettich,9255066,False,"Drawer Side Profile (Silver), Left",,,,Pc,1,3504.0,INR,False,94039010,2026-02-01,Pricelist -2026/Hettich Price List February 2026.pdf,60,9255066
hettich,Hettich,9255067,False,"Drawer Side Profile (Silver), Right",,,,Pc,1,3504.0,INR,False,94039010,2026-02-01,Pricelist -2026/Hettich Price List February 2026.pdf,60,9255067
hettich,Hettich,9257672,False,"Rear Panel Connector (Silver), Left",,,,Pc,1,707.0,INR,False,83024200,2026-02-01,Pricelist -2026/Hettich Price List February 2026.pdf,60,9257672
hettich,Hettich,9257673,False,"Rear Panel Connector (Silver), Right",,,,Pc,1,707.0,INR,False,83024200,2026-02-01,Pricelist -2026/Hettich Price List February 2026.pdf,60,9257673
hettich,Hettich,9257887,False,"Drawer front connector side profile, stabiliser",,,,Pc,2,148.0,INR,False,39269097,2026-02-01,Pricelist -2026/Hettich Price List February 2026.pdf,60,9257887
hettich,Hettich,9255068,False,"Drawer Side Profile (Silver), Left",,,,Pc,1,4109.0,INR,False,94039010,2026-02-01,Pricelist -2026/Hettich Price List February 2026.pdf,61,9255068
hettich,Hettich,9255069,False,"Drawer Side Profile (Silver), Right",,,,Pc,1,4109.0,INR,False,94039010,2026-02-01,Pricelist -2026/Hettich Price List February 2026.pdf,61,9255069
hettich,Hettich,9255070,False,"Drawer Side Profile (Silver), Left",,,,Pc,1,3964.0,INR,False,94039010,2026-02-01,Pricelist -2026/Hettich Price List February 2026.pdf,61,9255070
hettich,Hettich,9255071,False,"Drawer Side Profile (Silver), Right",,,,Pc,1,3964.0,INR,False,94039010,2026-02-01,Pricelist -2026/Hettich Price List February 2026.pdf,61,9255071
hettich,Hettich,9255072,False,"Drawer Side Profile (Silver), Left",,,,Pc,1,4025.0,INR,False,94039010,2026-02-01,Pricelist -2026/Hettich Price List February 2026.pdf,61,9255072
hettich,Hettich,9255073,False,"Drawer Side Profile (Silver), Right",,,,Pc,1,4025.0,INR,False,94039010,2026-02-01,Pricelist -2026/Hettich Price List February 2026.pdf,61,9255073
hettich,Hettich,9255074,False,"Drawer Side Profile (Silver), Left",,,,Pc,1,4097.0,INR,False,94039010,2026-02-01,Pricelist -2026/Hettich Price List February 2026.pdf,61,9255074
hettich,Hettich,9255075,False,"Drawer Side Profile (Silver), Right",,,,Pc,1,4097.0,INR,False,94039010,2026-02-01,Pricelist -2026/Hettich Price List February 2026.pdf,61,9255075
hettich,Hettich,9255076,False,"Drawer Side Profile (Silver), Left",,,,Pc,1,4194.0,INR,False,94039010,2026-02-01,Pricelist -2026/Hettich Price List February 2026.pdf,62,9255076
hettich,Hettich,9255077,False,"Drawer Side Profile (Silver), Right",,,,Pc,1,4194.0,INR,False,94039010,2026-02-01,Pricelist -2026/Hettich Price List February 2026.pdf,62,9255077
hettich,Hettich,9257133,False,"Inlay Drawer Side Profile, Left",,,,Pc,1,2427.0,INR,False,94039910,2026-02-01,Pricelist -2026/Hettich Price List February 2026.pdf,64,9257133
hettich,Hettich,9257134,False,"Inlay Drawer Side Profile, Right",,,,Pc,1,2427.0,INR,False,94039910,2026-02-01,Pricelist -2026/Hettich Price List February 2026.pdf,64,9257134
hettich,Hettich,9257257,False,Drawer front connector for inlay drawer side profile,,,,Pc,2,886.0,INR,False,83024200,2026-02-01,Pricelist -2026/Hettich Price List February 2026.pdf,64,9257257
hettich,Hettich,9268677,False,Adapter for Inlay drawer side profile,,,,Pc,4,772.0,INR,False,39169090,2026-02-01,Pricelist -2026/Hettich Price List February 2026.pdf,64,9268677
hettich,Hettich,9257135,False,"Inlay Drawer Side Profile, Left",,,,Pc,1,2565.0,INR,False,94039910,2026-02-01,Pricelist -2026/Hettich Price List February 2026.pdf,64,9257135
hettich,Hettich,9257136,False,"Inlay Drawer Side Profile, Right",,,,Pc,1,2565.0,INR,False,94039910,2026-02-01,Pricelist -2026/Hettich Price List February 2026.pdf,64,9257136
hettich,Hettich,9257137,False,"Inlay Drawer Side Profile, Left",,,,Pc,1,2618.0,INR,False,94039910,2026-02-01,Pricelist -2026/Hettich Price List February 2026.pdf,64,9257137
hettich,Hettich,9257138,False,"Inlay Drawer Side Profile, Right",,,,Pc,1,2618.0,INR,False,94039910,2026-02-01,Pricelist -2026/Hettich Price List February 2026.pdf,64,9257138
hettich,Hettich,9257139,False,"Inlay Drawer Side Profile, Left",,,,Pc,1,2661.0,INR,False,94039910,2026-02-01,Pricelist -2026/Hettich Price List February 2026.pdf,64,9257139
hettich,Hettich,9257140,False,"Inlay Drawer Side Profile, Right",,,,Pc,1,2661.0,INR,False,94039910,2026-02-01,Pricelist -2026/Hettich Price List February 2026.pdf,64,9257140
hettich,Hettich,9332320,False,AvanTech YOU Narrow Pullout (Height 101+187 mm)/ Silver/ 20 Kg/ Depth 500 mm,,,,Set,1,16686.0,INR,False,94039010,2026-02-01,Pricelist -2026/Hettich Price List February 2026.pdf,65,9332320
hettich,Hettich,9332327,False,AvanTech YOU- Narrow Pullout(Height 101+251 mm)/ Silver/ 20 Kg/ Depth 500 mm,,,,Set,1,20590.0,INR,False,94039010,2026-02-01,Pricelist -2026/Hettich Price List February 2026.pdf,65,9332327
hettich,Hettich,9255098,False,"Drawer Side Profile (White), Left",,,,Pc,1,1685.0,INR,False,94039010,2026-02-01,Pricelist -2026/Hettich Price List February 2026.pdf,66,9255098
hettich,Hettich,9255099,False,"Drawer Side Profile (White), Right",,,,Pc,1,1685.0,INR,False,94039010,2026-02-01,Pricelist -2026/Hettich Price List February 2026.pdf,66,9255099
hettich,Hettich,9255818,False,Design Profile (White),,,,Pc,2,292.0,INR,False,39169090,2026-02-01,Pricelist -2026/Hettich Price List February 2026.pdf,66,9255818
hettich,Hettich,9257678,False,"Rear Panel Connector (White), Left",,,,Pc,1,339.0,INR,False,83024200,2026-02-01,Pricelist -2026/Hettich Price List February 2026.pdf,66,9257678
hettich,Hettich,9257679,False,"Rear Panel Connector (White), Right",,,,Pc,1,339.0,INR,False,83024200,2026-02-01,Pricelist -2026/Hettich Price List February 2026.pdf,66,9257679
hettich,Hettich,9257704,False,Branding clip with Hettich logo (White),,,,Pc,1,42.0,INR,False,39269097,2026-02-01,Pricelist -2026/Hettich Price List February 2026.pdf,66,9257704
hettich,Hettich,9255134,False,"Drawer Side Profile (White), Left",,,,Pc,1,2377.0,INR,False,94039010,2026-02-01,Pricelist -2026/Hettich Price List February 2026.pdf,66,9255134
hettich,Hettich,9255135,False,"Drawer Side Profile (White), Right",,,,Pc,1,2377.0,INR,False,94039010,2026-02-01,Pricelist -2026/Hettich Price List February 2026.pdf,66,9255135
hettich,Hettich,9257682,False,"Rear Panel Connector (White), Left",,,,Pc,1,477.0,INR,False,83024200,2026-02-01,Pricelist -2026/Hettich Price List February 2026.pdf,66,9257682
hettich,Hettich,9257683,False,"Rear Panel Connector (White), Right",,,,Pc,1,477.0,INR,False,83024200,2026-02-01,Pricelist -2026/Hettich Price List February 2026.pdf,66,9257683
hettich,Hettich,9255152,False,"Drawer Side Profile (White), Left",,,,Pc,1,4025.0,INR,False,94039010,2026-02-01,Pricelist -2026/Hettich Price List February 2026.pdf,67,9255152
hettich,Hettich,9255153,False,"Drawer Side Profile (White), Right",,,,Pc,1,4025.0,INR,False,94039010,2026-02-01,Pricelist -2026/Hettich Price List February 2026.pdf,67,9255153
hettich,Hettich,9257684,False,"Rear Panel Connector (White), Left",,,,Pc,1,707.0,INR,False,83024200,2026-02-01,Pricelist -2026/Hettich Price List February 2026.pdf,67,9257684
hettich,Hettich,9257685,False,"Rear Panel Connector (White), Right",,,,Pc,1,707.0,INR,False,83024200,2026-02-01,Pricelist -2026/Hettich Price List February 2026.pdf,67,9257685
hettich,Hettich,9257151,False,"Inlay Drawer Side Profile, Left",,,,Pc,1,2618.0,INR,False,94039910,2026-02-01,Pricelist -2026/Hettich Price List February 2026.pdf,68,9257151
hettich,Hettich,9257152,False,"Inlay Drawer Side Profile, Right",,,,Pc,1,2618.0,INR,False,94039910,2026-02-01,Pricelist -2026/Hettich Price List February 2026.pdf,68,9257152
hettich,Hettich,9332324,False,AvanTech YOU Narrow Pullout (Height 101+187 mm)/ White/ 20 Kg/ Depth 500 mm,,,,Set,1,16686.0,INR,False,94039010,2026-02-01,Pricelist -2026/Hettich Price List February 2026.pdf,68,9332324
hettich,Hettich,9332329,False,AvanTech YOU- Narrow Pullout (Height 101+251 mm)/ White / 20 Kg/ Depth 500 mm,,,,Set,1,20590.0,INR,False,94039010,2026-02-01,Pricelist -2026/Hettich Price List February 2026.pdf,68,9332329
hettich,Hettich,9255172,False,"Drawer Side Profile (Anthracite), Left",,,,Pc,1,1623.0,INR,False,94039010,2026-02-01,Pricelist -2026/Hettich Price List February 2026.pdf,69,9255172
hettich,Hettich,9255173,False,"Drawer Side Profile (Anthracite), Right",,,,Pc,1,1623.0,INR,False,94039010,2026-02-01,Pricelist -2026/Hettich Price List February 2026.pdf,69,9255173
hettich,Hettich,9255824,False,Design Profile (Anthracite),,,,Pc,2,282.0,INR,False,39169090,2026-02-01,Pricelist -2026/Hettich Price List February 2026.pdf,69,9255824
hettich,Hettich,9257690,False,"Rear Panel Connector (Anthracite), Left",,,,Pc,1,339.0,INR,False,83024200,2026-02-01,Pricelist -2026/Hettich Price List February 2026.pdf,69,9257690
hettich,Hettich,9257691,False,"Rear Panel Connector (Anthracite), Right",,,,Pc,1,339.0,INR,False,83024200,2026-02-01,Pricelist -2026/Hettich Price List February 2026.pdf,69,9257691
hettich,Hettich,9257705,False,Branding clip with Hettich Logo Anthracite,,,,Pc,1,42.0,INR,False,39269097,2026-02-01,Pricelist -2026/Hettich Price List February 2026.pdf,69,9257705
hettich,Hettich,9255174,False,"Drawer Side Profile (Anthracite), Left",,,,Pc,1,1490.0,INR,False,94039010,2026-02-01,Pricelist -2026/Hettich Price List February 2026.pdf,69,9255174
hettich,Hettich,9255175,False,"Drawer Side Profile (Anthracite), Right",,,,Pc,1,1490.0,INR,False,94039010,2026-02-01,Pricelist -2026/Hettich Price List February 2026.pdf,69,9255175
hettich,Hettich,9255825,False,Design Profile (Anthracite),,,,Pc,2,310.0,INR,False,39169090,2026-02-01,Pricelist -2026/Hettich Price List February 2026.pdf,69,9255825
hettich,Hettich,9255176,False,"Drawer Side Profile (Anthracite), Left",,,,Pc,1,1648.0,INR,False,94039010,2026-02-01,Pricelist -2026/Hettich Price List February 2026.pdf,69,9255176
hettich,Hettich,9255177,False,"Drawer Side Profile (Anthracite), Right",,,,Pc,1,1648.0,INR,False,94039010,2026-02-01,Pricelist -2026/Hettich Price List February 2026.pdf,69,9255177
hettich,Hettich,9255826,False,Design Profile (Anthracite),,,,Pc,2,292.0,INR,False,39169090,2026-02-01,Pricelist -2026/Hettich Price List February 2026.pdf,69,9255826
hettich,Hettich,9255182,False,"Drawer Side Profile (Anthracite), Left",,,,Pc,1,1749.0,INR,False,94039010,2026-02-01,Pricelist -2026/Hettich Price List February 2026.pdf,70,9255182
hettich,Hettich,9255183,False,"Drawer Side Profile (Anthracite), Right",,,,Pc,1,1749.0,INR,False,94039010,2026-02-01,Pricelist -2026/Hettich Price List February 2026.pdf,70,9255183
hettich,Hettich,9255829,False,Design Profile (Anthracite),,,,Pc,2,292.0,INR,False,39169090,2026-02-01,Pricelist -2026/Hettich Price List February 2026.pdf,70,9255829
hettich,Hettich,9255234,False,"Drawer Side Profile (Anthracite), Left",,,,Pc,1,4097.0,INR,False,94039010,2026-02-01,Pricelist -2026/Hettich Price List February 2026.pdf,76,9255234
hettich,Hettich,9255235,False,"Drawer Side Profile (Anthracite), Right",,,,Pc,1,4097.0,INR,False,94039010,2026-02-01,Pricelist -2026/Hettich Price List February 2026.pdf,76,9255235
hettich,Hettich,9255828,False,Design Profile (Anthracite),,,,Pc,2,292.0,INR,False,39169090,2026-02-01,Pricelist -2026/Hettich Price List February 2026.pdf,76,9255828
hettich,Hettich,9257696,False,"Rear Panel Connector (Anthracite), Left",,,,Pc,1,707.0,INR,False,83024200,2026-02-01,Pricelist -2026/Hettich Price List February 2026.pdf,76,9257696
hettich,Hettich,9257697,False,"Rear Panel Connector (Anthracite), Right",,,,Pc,1,707.0,INR,False,83024200,2026-02-01,Pricelist -2026/Hettich Price List February 2026.pdf,76,9257697
hettich,Hettich,9255214,False,"Drawer Side Profile (Anthracite), Left",,,,Pc,1,2377.0,INR,False,94039910,2026-02-01,Pricelist -2026/Hettich Price List February 2026.pdf,90,9255214
hettich,Hettich,9255215,False,"Drawer Side Profile (Anthracite), Right",,,,Pc,1,2377.0,INR,False,94039910,2026-02-01,Pricelist -2026/Hettich Price List February 2026.pdf,90,9255215
hettich,Hettich,9255827,False,Design Profile (Anthracite),,,,Pc,2,292.0,INR,False,83024200,2026-02-01,Pricelist -2026/Hettich Price List February 2026.pdf,90,9255827
hettich,Hettich,9257694,False,"Rear Panel Connector (Anthracite), Left",,,,Pc,1,477.0,INR,False,83024200,2026-02-01,Pricelist -2026/Hettich Price List February 2026.pdf,90,9257694
hettich,Hettich,9257695,False,"Rear Panel Connector (Anthracite), Right",,,,Pc,1,477.0,INR,False,83024200,2026-02-01,Pricelist -2026/Hettich Price List February 2026.pdf,90,9257695
hettich,Hettich,9303780,False,"Quadro YOU Drawer runner-30kg, Left",,,,Pc,1,1638.0,INR,False,83024200,2026-02-01,Pricelist -2026/Hettich Price List February 2026.pdf,90,9303780
hettich,Hettich,9303781,False,"Quadro YOU Drawer runner-30kg, Right",,,,Pc,1,1638.0,INR,False,83024200,2026-02-01,Pricelist -2026/Hettich Price List February 2026.pdf,90,9303781
hettich,Hettich,9255178,False,"side Profile-D500 mm H101 mm (Anthracite), Left",,,,Pc,1,1685.0,INR,False,94039010,2026-02-01,Pricelist -2026/Hettich Price List February 2026.pdf,95,9255178
hettich,Hettich,9255179,False,"side Profile-D500 mm H101 mm (Anthracite), Right",,,,Pc,1,1685.0,INR,False,94039010,2026-02-01,Pricelist -2026/Hettich Price List February 2026.pdf,95,9255179
hettich,Hettich,9255180,False,"side Profile-D550 mm H101 mm (Anthracite), Left",,,,Pc,1,1711.0,INR,False,94039010,2026-02-01,Pricelist -2026/Hettich Price List February 2026.pdf,95,9255180
hettich,Hettich,9255181,False,"side Profile-D550 mm H101 mm (Anthracite), Right",,,,Pc,1,1711.0,INR,False,94039010,2026-02-01,Pricelist -2026/Hettich Price List February 2026.pdf,95,9255181
hettich,Hettich,9255208,False,"Side Profile-D350 mm H187 mm (Anthracite), Left",,,,Pc,1,2560.0,INR,False,94039010,2026-02-01,Pricelist -2026/Hettich Price List February 2026.pdf,95,9255208
hettich,Hettich,9255209,False,"Side Profile-D350 mm H187 mm (Anthracite), Right",,,,Pc,1,2560.0,INR,False,94039010,2026-02-01,Pricelist -2026/Hettich Price List February 2026.pdf,95,9255209
hettich,Hettich,9255210,False,"Side Profile-D400 mm H187 mm (Anthracite), Left",,,,Pc,1,2256.0,INR,False,94039010,2026-02-01,Pricelist -2026/Hettich Price List February 2026.pdf,95,9255210
hettich,Hettich,9255211,False,"Side Profile-D400 mm H187 mm (Anthracite), Right",,,,Pc,1,2256.0,INR,False,94039010,2026-02-01,Pricelist -2026/Hettich Price List February 2026.pdf,95,9255211
hettich,Hettich,9255212,False,"Side Profile-D450 mm H187 mm (Anthracite), Left",,,,Pc,1,2343.0,INR,False,94039010,2026-02-01,Pricelist -2026/Hettich Price List February 2026.pdf,95,9255212
hettich,Hettich,9255213,False,"Side Profile-D450 mm H187 mm (Anthracite), Right",,,,Pc,1,2343.0,INR,False,94039010,2026-02-01,Pricelist -2026/Hettich Price List February 2026.pdf,95,9255213
hettich,Hettich,9255216,False,"Side Profile-D550 mm H187 mm (Anthracite), Left",,,,Pc,1,2426.0,INR,False,94039010,2026-02-01,Pricelist -2026/Hettich Price List February 2026.pdf,95,9255216
hettich,Hettich,9255217,False,"Side Profile-D550 mm H187 mm (Anthracite), Right",,,,Pc,1,2426.0,INR,False,94039010,2026-02-01,Pricelist -2026/Hettich Price List February 2026.pdf,95,9255217
hettich,Hettich,9255218,False,"Side Profile-D600 mm H187 mm (Anthracite), Left",,,,Pc,1,2638.0,INR,False,94039010,2026-02-01,Pricelist -2026/Hettich Price List February 2026.pdf,95,9255218
hettich,Hettich,9255219,False,"Side Profile-D600 mm H187 mm (Anthracite), Right",,,,Pc,1,2638.0,INR,False,94039010,2026-02-01,Pricelist -2026/Hettich Price List February 2026.pdf,95,9255219
hettich,Hettich,9255226,False,"Side Profile-D350 mm H251 mm (Anthracite), Left",,,,Pc,1,3504.0,INR,False,94039010,2026-02-01,Pricelist -2026/Hettich Price List February 2026.pdf,95,9255226
hettich,Hettich,9255227,False,"Side Profile-D350 mm H251 mm (Anthracite), Right",,,,Pc,1,3504.0,INR,False,94039010,2026-02-01,Pricelist -2026/Hettich Price List February 2026.pdf,95,9255227
hettich,Hettich,9255228,False,"Side Profile-D400 mm H251 mm (Anthracite), Left",,,,Pc,1,4109.0,INR,False,94039010,2026-02-01,Pricelist -2026/Hettich Price List February 2026.pdf,95,9255228
hettich,Hettich,9255229,False,"Side Profile-D400 mm H251 mm (Anthracite), Right",,,,Pc,1,4109.0,INR,False,94039010,2026-02-01,Pricelist -2026/Hettich Price List February 2026.pdf,95,9255229
hettich,Hettich,9255230,False,"Side Profile-D450 mm H251 mm (Anthracite), Left",,,,Pc,1,3964.0,INR,False,94039010,2026-02-01,Pricelist -2026/Hettich Price List February 2026.pdf,95,9255230
hettich,Hettich,9255231,False,"Side Profile-D450 mm H251 mm (Anthracite), Right",,,,Pc,1,3964.0,INR,False,94039010,2026-02-01,Pricelist -2026/Hettich Price List February 2026.pdf,95,9255231
hettich,Hettich,9255232,False,"Side Profile-D500 mm H251 mm (Anthracite), Left",,,,Pc,1,4025.0,INR,False,94039010,2026-02-01,Pricelist -2026/Hettich Price List February 2026.pdf,95,9255232
hettich,Hettich,9255233,False,"Side Profile-D500 mm H251 mm (Anthracite), Right",,,,Pc,1,4025.0,INR,False,94039010,2026-02-01,Pricelist -2026/Hettich Price List February 2026.pdf,95,9255233
hettich,Hettich,9255236,False,"Side Profile-D600 mm H251 mm (Anthracite), Left",,,,Pc,1,4194.0,INR,False,94039010,2026-02-01,Pricelist -2026/Hettich Price List February 2026.pdf,95,9255236
hettich,Hettich,9255237,False,"Side Profile-D600 mm H251 mm (Anthracite), Right",,,,Pc,1,4194.0,INR,False,94039010,2026-02-01,Pricelist -2026/Hettich Price List February 2026.pdf,95,9255237
hettich,Hettich,9257161,False,"Inlay Drawer Side Profile-D400 mm H187 mm (Anthracite), Left",,,,Pc,1,2427.0,INR,False,94039900,2026-02-01,Pricelist -2026/Hettich Price List February 2026.pdf,96,9257161
hettich,Hettich,9257162,False,"Inlay Drawer Side Profile-D400 mm H187 mm (Anthracite), Right",,,,Pc,1,2427.0,INR,False,94039900,2026-02-01,Pricelist -2026/Hettich Price List February 2026.pdf,96,9257162
hettich,Hettich,9257163,False,"Inlay Drawer Side Profile-D450 mm H187 mm (Anthracite), Left",,,,Pc,1,2565.0,INR,False,94039900,2026-02-01,Pricelist -2026/Hettich Price List February 2026.pdf,96,9257163
hettich,Hettich,9257164,False,"Inlay Drawer Side Profile-D450 mm H187 mm (Anthracite), Right",,,,Pc,1,2565.0,INR,False,94039900,2026-02-01,Pricelist -2026/Hettich Price List February 2026.pdf,96,9257164
hettich,Hettich,9257165,False,"Inlay Drawer Side Profile-D500 mm H187 mm (Anthracite), Left",,,,Pc,1,2618.0,INR,False,94039900,2026-02-01,Pricelist -2026/Hettich Price List February 2026.pdf,96,9257165
hettich,Hettich,9257166,False,"Inlay Drawer Side Profile-D500 mm H187 mm (Anthracite), Right",,,,Pc,1,2618.0,INR,False,94039900,2026-02-01,Pricelist -2026/Hettich Price List February 2026.pdf,96,9257166
hettich,Hettich,9257167,False,"Inlay Drawer Side Profile-D550 mm H187 mm (Anthracite), Left",,,,Pc,1,2661.0,INR,False,94039900,2026-02-01,Pricelist -2026/Hettich Price List February 2026.pdf,96,9257167
hettich,Hettich,9257168,False,"Inlay Drawer Side Profile-D550 mm H187 mm (Anthracite), Right",,,,Pc,1,2661.0,INR,False,94039900,2026-02-01,Pricelist -2026/Hettich Price List February 2026.pdf,96,9257168
hettich,Hettich,9336473,False,"AVT YOU LED profile, NW, D 400 MM, Finish Anthracite",,,,Set,1,5050.0,INR,False,94054231,2026-02-01,Pricelist -2026/Hettich Price List February 2026.pdf,97,9336473
hettich,Hettich,9336477,False,"AVT YOU Battery pack, wooden rear panel, USB rechargeable, 7.5 V DC, 3x cable clip",,,,Pc,1,5550.0,INR,False,85044055,2026-02-01,Pricelist -2026/Hettich Price List February 2026.pdf,97,9336477
hettich,Hettich,9336481,False,Magnet with chipboard screw,,,,Pc,1,520.0,INR,False,85051990,2026-02-01,Pricelist -2026/Hettich Price List February 2026.pdf,97,9336481
hettich,Hettich,9336474,False,"AVT YOU LED profile, NW, D 450 MM, Finish Anthracite",,,,Set,1,5100.0,INR,False,94054231,2026-02-01,Pricelist -2026/Hettich Price List February 2026.pdf,97,9336474
hettich,Hettich,9336475,False,"AVT YOU LED profile, NW, D 500 MM, Finish Anthracite",,,,Set,1,5150.0,INR,False,94054231,2026-02-01,Pricelist -2026/Hettich Price List February 2026.pdf,97,9336475
hettich,Hettich,9336476,False,"AVT YOU LED profile, NW, D 550 MM, Finish Anthracite",,,,Set,1,5200.0,INR,False,94054231,2026-02-01,Pricelist -2026/Hettich Price List February 2026.pdf,97,9336476
hettich,Hettich,9336482,False,Magnet with 24mm distance for inside drawers with chipboard screw to press in,,,,Pc,1,750.0,INR,False,85051990,2026-02-01,Pricelist -2026/Hettich Price List February 2026.pdf,97,9336482
hettich,Hettich,9336478,False,AVT YOU Inlay LED Set,,,,Set,1,4550.0,INR,False,94054231,2026-02-01,Pricelist -2026/Hettich Price List February 2026.pdf,98,9336478
hettich,Hettich,9336479,False,AVT YOU Battery Pack Adapter,,,,Pc,1,330.0,INR,False,39263000,2026-02-01,Pricelist -2026/Hettich Price List February 2026.pdf,99,9336479
hettich,Hettich,9336480,False,AVT YOU Charging Cable,,,,Pc,1,210.0,INR,False,85444290,2026-02-01,Pricelist -2026/Hettich Price List February 2026.pdf,99,9336480
hettich,Hettich,9303738,False,"Quadro YOU runner Left, 30 kg- 350 mm",,,,Pc,1,1378.0,INR,False,83024200,2026-02-01,Pricelist -2026/Hettich Price List February 2026.pdf,103,9303738
hettich,Hettich,9303739,False,"Quadro YOU runner Right, 30 kg- 350 mm",,,,Pc,1,1378.0,INR,False,83024200,2026-02-01,Pricelist -2026/Hettich Price List February 2026.pdf,103,9303739
hettich,Hettich,9303772,False,"Quadro YOU runner Left, 30 kg- 400 mm",,,,Pc,1,1511.0,INR,False,83024200,2026-02-01,Pricelist -2026/Hettich Price List February 2026.pdf,103,9303772
hettich,Hettich,9303773,False,"Quadro YOU runner Right, 30 kg- 400 mm",,,,Pc,1,1511.0,INR,False,83024200,2026-02-01,Pricelist -2026/Hettich Price List February 2026.pdf,103,9303773
hettich,Hettich,9303776,False,"Quadro YOU runner Left, 30 kg- 450 mm",,,,Pc,1,1574.0,INR,False,83024200,2026-02-01,Pricelist -2026/Hettich Price List February 2026.pdf,103,9303776
hettich,Hettich,9303777,False,"Quadro YOU runner Right, 30 kg- 450 mm",,,,Pc,1,1574.0,INR,False,83024200,2026-02-01,Pricelist -2026/Hettich Price List February 2026.pdf,103,9303777
hettich,Hettich,9303784,False,"Quadro YOU runner Left, 30 kg- 550 mm",,,,Pc,1,1765.0,INR,False,83024200,2026-02-01,Pricelist -2026/Hettich Price List February 2026.pdf,103,9303784
hettich,Hettich,9303785,False,"Quadro YOU runner Right, 30 kg- 550 mm",,,,Pc,1,1765.0,INR,False,83024200,2026-02-01,Pricelist -2026/Hettich Price List February 2026.pdf,103,9303785
hettich,Hettich,9257892,False,Push to Open Silent component for Actro YOU/ 40 Kg,,,,Set,1,4430.0,INR,False,39263000,2026-02-01,Pricelist -2026/Hettich Price List February 2026.pdf,103,9257892
hettich,Hettich,9257893,False,Push to Open Silent component for Actro YOU/ 70 Kg,,,,Set,1,4430.0,INR,False,39263000,2026-02-01,Pricelist -2026/Hettich Price List February 2026.pdf,103,9257893
hettich,Hettich,9236718,False,Synchronisation bar 2000 mm,,,,Pc,1,731.0,INR,False,76042100,2026-02-01,Pricelist -2026/Hettich Price List February 2026.pdf,103,9236718
hettich,Hettich,9221295,False,Connector,,,,Pc,1,105.0,INR,False,39269097,2026-02-01,Pricelist -2026/Hettich Price List February 2026.pdf,103,9221295
hettich,Hettich,9209580,False,"500mm NL PVC, antracite",,,,,1,7111.0,INR,False,39269097,2026-02-01,Pricelist -2026/Hettich Price List February 2026.pdf,103,9209580
hettich,Hettich,9290041,False,Anti slip mat W5000 D500 Silver,,,,,1,2140.0,INR,False,39169090,2026-02-01,Pricelist -2026/Hettich Price List February 2026.pdf,103,9290041
hettich,Hettich,9290042,False,Anti slip mat W5000 D550 Silver,,,,,1,2420.0,INR,False,39169090,2026-02-01,Pricelist -2026/Hettich Price List February 2026.pdf,103,9290042
hettich,Hettich,9290053,False,Anti slip mat W5000 D500 Anthracite,,,,,1,2140.0,INR,False,39169090,2026-02-01,Pricelist -2026/Hettich Price List February 2026.pdf,103,9290053
hettich,Hettich,9290054,False,Anti slip mat W5000 D550 Anthracite,,,,,1,2450.0,INR,False,39169090,2026-02-01,Pricelist -2026/Hettich Price List February 2026.pdf,103,9290054
hettich,Hettich,9290045,False,Anti slip mat W5000 D500 Silver,,,,,1,5200.0,INR,False,39169090,2026-02-01,Pricelist -2026/Hettich Price List February 2026.pdf,103,9290045
hettich,Hettich,9290057,False,Anti slip mat W5000 D500 Anthracite,,,,,1,5200.0,INR,False,39169090,2026-02-01,Pricelist -2026/Hettich Price List February 2026.pdf,103,9290057
hettich,Hettich,9290058,False,Anti slip mat W5000 D550 Anthracite,,,,,1,5730.0,INR,False,39169090,2026-02-01,Pricelist -2026/Hettich Price List February 2026.pdf,103,9290058
hettich,Hettich,9290061,False,Anti slip mat W5000 D500 Anthracite,,,,,1,4980.0,INR,False,39169090,2026-02-01,Pricelist -2026/Hettich Price List February 2026.pdf,103,9290061
hettich,Hettich,9278315,False,OrgaTray 630 for 450 mm depth Silver,,,,,1,5006.0,INR,False,73239990,2026-02-01,Pricelist -2026/Hettich Price List February 2026.pdf,104,9278315
hettich,Hettich,9278316,False,OrgaTray 630 for 500 mm depth Silver,,,,,1,5203.0,INR,False,73239990,2026-02-01,Pricelist -2026/Hettich Price List February 2026.pdf,104,9278316
hettich,Hettich,9278317,False,OrgaTray 630 for 550 mm depth Silver,,,,,1,5409.0,INR,False,73239990,2026-02-01,Pricelist -2026/Hettich Price List February 2026.pdf,104,9278317
hettich,Hettich,9278332,False,OrgaTray 630 for 500 mm depth White,,,,,1,5203.0,INR,False,73239990,2026-02-01,Pricelist -2026/Hettich Price List February 2026.pdf,104,9278332
hettich,Hettich,9278318,False,OrgaTray 630 for 450 mm depth Anthracite,,,,,1,5340.0,INR,False,76042990,2026-02-01,Pricelist -2026/Hettich Price List February 2026.pdf,104,9278318
hettich,Hettich,9278319,False,OrgaTray 630 for 500 mm depth Anthracite,,,,,1,5550.0,INR,False,94039900,2026-02-01,Pricelist -2026/Hettich Price List February 2026.pdf,104,9278319
hettich,Hettich,9278320,False,OrgaTray 630 for 550 mm depth Anthracite,,,,,1,5409.0,INR,False,73239990,2026-02-01,Pricelist -2026/Hettich Price List February 2026.pdf,104,9278320
hettich,Hettich,9278292,False,OrgaTray 270 Cutlery Tray for 500 mm depth,,,,1,,7241.0,INR,False,44199090,2026-02-01,Pricelist -2026/Hettich Price List February 2026.pdf,104,9278292
hettich,Hettich,9278294,False,OrgaTray 270 Multifunction Insert for 500 mm depth,,,,1,,4325.0,INR,False,44199090,2026-02-01,Pricelist -2026/Hettich Price List February 2026.pdf,104,9278294
hettich,Hettich,9278301,False,OrgaTray 270 Tray L 118 mm,,,,1,,3245.0,INR,False,44199090,2026-02-01,Pricelist -2026/Hettich Price List February 2026.pdf,104,9278301
hettich,Hettich,9278312,False,OrgaTray 270 Connecting Element,,,,1,,800.0,INR,False,76169990,2026-02-01,Pricelist -2026/Hettich Price List February 2026.pdf,104,9278312
hettich,Hettich,9283426,False,OrgaTray 270 Knife Holder for 500 mm depth,,,,1,,11620.0,INR,False,83024200,2026-02-01,Pricelist -2026/Hettich Price List February 2026.pdf,104,9283426
hettich,Hettich,9283413,False,OrgaTray 270 Roll Holder for 500 mm depth,,,,1,,14370.0,INR,False,83024200,2026-02-01,Pricelist -2026/Hettich Price List February 2026.pdf,104,9283413
hettich,Hettich,9283414,False,OrgaTray 270 Spice Rack for 500 mm depth,,,,1,,9145.0,INR,False,83024200,2026-02-01,Pricelist -2026/Hettich Price List February 2026.pdf,104,9283414
hettich,Hettich,9207220,False,OrgaTray 470 for 500 mm depth Silver,,,,1,,2012.0,INR,False,39249090,2026-02-01,Pricelist -2026/Hettich Price List February 2026.pdf,105,9207220
hettich,Hettich,9207227,False,OrgaTray 470 for 500 mm depth Anthracite,,,,1,,2370.0,INR,False,39249090,2026-02-01,Pricelist -2026/Hettich Price List February 2026.pdf,105,9207227
hettich,Hettich,9203466,False,OrgaStripe Profile 1100 mm length Grey,,,,30,,520.0,INR,False,39169090,2026-02-01,Pricelist -2026/Hettich Price List February 2026.pdf,105,9203466
hettich,Hettich,9203254,False,OrgaStripe Profile 1100 mm length Black,,,,30,,673.0,INR,False,39169090,2026-02-01,Pricelist -2026/Hettich Price List February 2026.pdf,105,9203254
hettich,Hettich,9203469,False,OrgaStripe Clip Grey,,,,60,,100.0,INR,False,39169090,2026-02-01,Pricelist -2026/Hettich Price List February 2026.pdf,105,9203469
hettich,Hettich,9203467,False,OrgaStripe Clip Black,,,,60,,124.0,INR,False,39169090,2026-02-01,Pricelist -2026/Hettich Price List February 2026.pdf,105,9203467
hettich,Hettich,9302719,False,OrgaTray 740 for 500 mm depth 600 mm width Silver,,,,1,,303039249000.0,INR,False,,2026-02-01,Pricelist -2026/Hettich Price List February 2026.pdf,106,9302719
hettich,Hettich,9302721,False,OrgaTray 740 for 500 mm depth 900 mm width Silver,,,,1,,592539249000.0,INR,False,,2026-02-01,Pricelist -2026/Hettich Price List February 2026.pdf,106,9302721
hettich,Hettich,9302723,False,OrgaTray 740 for 500 mm depth 1200 mm width Silver,,,,1,,664539249000.0,INR,False,,2026-02-01,Pricelist -2026/Hettich Price List February 2026.pdf,106,9302723
hettich,Hettich,9302773,False,OrgaTray 740 for 500 mm depth 600 mm width Anthracite,,,,1,,303039249000.0,INR,False,,2026-02-01,Pricelist -2026/Hettich Price List February 2026.pdf,106,9302773
hettich,Hettich,9302775,False,OrgaTray 740 for 500 mm depth 900 mm width Anthracite,,,,1,,592539249000.0,INR,False,,2026-02-01,Pricelist -2026/Hettich Price List February 2026.pdf,106,9302775
hettich,Hettich,9302777,False,OrgaTray 740 for 500 mm depth 1200 mm width Anthracite,,,,1,,664539249000.0,INR,False,,2026-02-01,Pricelist -2026/Hettich Price List February 2026.pdf,106,9302777
hettich,Hettich,9278309,False,OrgaStore 270 Box,,,,1,,985044199090.0,INR,False,,2026-02-01,Pricelist -2026/Hettich Price List February 2026.pdf,106,9278309
hettich,Hettich,9278310,False,OrgaStore 270 Plate Holder,,,,1,,1301444199090.0,INR,False,,2026-02-01,Pricelist -2026/Hettich Price List February 2026.pdf,106,9278310
hettich,Hettich,9182247,False,OrgaStore 830 Profile 2000 mm length Silver,,,,Pc,"1 9,895",76042990.0,INR,False,,2026-02-01,Pricelist -2026/Hettich Price List February 2026.pdf,107,9182247
hettich,Hettich,9182250,False,OrgaStore 830 Profile 2000 mm length Anthracite,,,,Pc,"1 9,895",76042990.0,INR,False,,2026-02-01,Pricelist -2026/Hettich Price List February 2026.pdf,107,9182250
hettich,Hettich,9278248,False,OrgaStore 830 Adapter Silver,,,,Pc,"30 1,090",39269097.0,INR,False,,2026-02-01,Pricelist -2026/Hettich Price List February 2026.pdf,107,9278248
hettich,Hettich,9230268,False,OrgaStore 830 Adapter Anthracite,,,,Pc,"30 1,216",39269097.0,INR,False,,2026-02-01,Pricelist -2026/Hettich Price List February 2026.pdf,107,9230268
hettich,Hettich,9278250,False,OrgaStore 830 Lengthwise Divider Silver,,,,Pc 15,,66039269097.0,INR,False,,2026-02-01,Pricelist -2026/Hettich Price List February 2026.pdf,107,9278250
hettich,Hettich,9278249,False,OrgaStore 830 Lengthwise Divider Anthracite,,,,Pc 15,,74039269097.0,INR,False,,2026-02-01,Pricelist -2026/Hettich Price List February 2026.pdf,107,9278249
hettich,Hettich,9121205,False,"Drawer side profile, L",,,,1,Pc,1.0,INR,False,94039010,2026-02-01,Pricelist -2026/Hettich Price List February 2026.pdf,109,9121205
hettich,Hettich,9121206,False,"Drawer side profile, R",,,,1,Pc,1.0,INR,False,94039010,2026-02-01,Pricelist -2026/Hettich Price List February 2026.pdf,109,9121206
hettich,Hettich,9123005,False,Cover Cap,,,,2,Pc,2.0,INR,False,39269097,2026-02-01,Pricelist -2026/Hettich Price List February 2026.pdf,109,9123005
hettich,Hettich,9121827,False,"Rear panel Connector, L",,,,1,Pc,1.0,INR,False,83024200,2026-02-01,Pricelist -2026/Hettich Price List February 2026.pdf,109,9121827
hettich,Hettich,9121828,False,"Rear panel Connector, R",,,,1,Pc,1.0,INR,False,83024200,2026-02-01,Pricelist -2026/Hettich Price List February 2026.pdf,109,9121828
hettich,Hettich,9123011,False,Screw-On Front Connector,,,,2,Pc,2.0,INR,False,83024200,2026-02-01,Pricelist -2026/Hettich Price List February 2026.pdf,109,9123011
hettich,Hettich,9239283,False,"Actro runner, L",,,,1,Pc,1.0,INR,False,83024200,2026-02-01,Pricelist -2026/Hettich Price List February 2026.pdf,109,9239283
hettich,Hettich,9239284,False,"Actro runner, R",,,,1,Pc,1.0,INR,False,83024200,2026-02-01,Pricelist -2026/Hettich Price List February 2026.pdf,109,9239284
hettich,Hettich,9121207,False,"Drawer side profile, L",,,,1,Pc,1.0,INR,False,94039010,2026-02-01,Pricelist -2026/Hettich Price List February 2026.pdf,109,9121207
hettich,Hettich,9121208,False,"Drawer side profile, R",,,,1,Pc,1.0,INR,False,94039010,2026-02-01,Pricelist -2026/Hettich Price List February 2026.pdf,109,9121208
hettich,Hettich,9239287,False,"Actro runner, L",,,,1,Pc,1.0,INR,False,83024200,2026-02-01,Pricelist -2026/Hettich Price List February 2026.pdf,109,9239287
hettich,Hettich,9239288,False,"Actro runner, R",,,,1,Pc,1.0,INR,False,83024200,2026-02-01,Pricelist -2026/Hettich Price List February 2026.pdf,109,9239288
hettich,Hettich,9121209,False,"Drawer side profile, L",,,,1,Pc,1.0,INR,False,94039010,2026-02-01,Pricelist -2026/Hettich Price List February 2026.pdf,109,9121209
hettich,Hettich,9121210,False,"Drawer side profile, R",,,,1,Pc,1.0,INR,False,94039010,2026-02-01,Pricelist -2026/Hettich Price List February 2026.pdf,109,9121210
hettich,Hettich,9239293,False,"Actro runner, L",,,,1,Pc,1.0,INR,False,83024200,2026-02-01,Pricelist -2026/Hettich Price List February 2026.pdf,109,9239293
hettich,Hettich,9239294,False,"Actro runner, R",,,,1,Pc,1.0,INR,False,83024200,2026-02-01,Pricelist -2026/Hettich Price List February 2026.pdf,109,9239294
hettich,Hettich,9239285,False,"Actro runner, L",,,,1,Pc,1.0,INR,False,83024200,2026-02-01,Pricelist -2026/Hettich Price List February 2026.pdf,109,9239285
hettich,Hettich,9239286,False,"Actro runner, R",,,,1,Pc,1.0,INR,False,83024200,2026-02-01,Pricelist -2026/Hettich Price List February 2026.pdf,109,9239286
hettich,Hettich,9239289,False,"Actro runner, L",,,,1,Pc,1.0,INR,False,83024200,2026-02-01,Pricelist -2026/Hettich Price List February 2026.pdf,110,9239289
hettich,Hettich,9239290,False,"Actro runner, R",,,,1,Pc,1.0,INR,False,83024200,2026-02-01,Pricelist -2026/Hettich Price List February 2026.pdf,110,9239290
hettich,Hettich,9239295,False,"Actro runner, L",,,,1,Pc,1.0,INR,False,83024200,2026-02-01,Pricelist -2026/Hettich Price List February 2026.pdf,110,9239295
hettich,Hettich,9239296,False,"Actro runner, R",,,,1,Pc,1.0,INR,False,83024200,2026-02-01,Pricelist -2026/Hettich Price List February 2026.pdf,110,9239296
hettich,Hettich,9121211,False,"Drawer side profile, L",,,,1,Pc,1.0,INR,False,94039010,2026-02-01,Pricelist -2026/Hettich Price List February 2026.pdf,110,9121211
hettich,Hettich,9121212,False,"Drawer side profile, R",,,,1,Pc,1.0,INR,False,94039010,2026-02-01,Pricelist -2026/Hettich Price List February 2026.pdf,110,9121212
hettich,Hettich,9239301,False,"Actro runner, L",,,,1,Pc,1.0,INR,False,83024200,2026-02-01,Pricelist -2026/Hettich Price List February 2026.pdf,110,9239301
hettich,Hettich,9239302,False,"Actro runner, R Silver/ 20 Kg/ Depth 500 mm",,,,1,Pc,1.0,INR,False,83024200,2026-02-01,Pricelist -2026/Hettich Price List February 2026.pdf,110,9239302
hettich,Hettich,9121843,False,"Rear panel Connector, L",,,,1,Pc,1.0,INR,False,83024200,2026-02-01,Pricelist -2026/Hettich Price List February 2026.pdf,111,9121843
hettich,Hettich,9121844,False,"Rear panel Connector, R",,,,1,Pc,1.0,INR,False,83024200,2026-02-01,Pricelist -2026/Hettich Price List February 2026.pdf,111,9121844
hettich,Hettich,9121993,False,"Lengthwise Railing, L",,,,1,Pc,1.0,INR,False,73269098,2026-02-01,Pricelist -2026/Hettich Price List February 2026.pdf,111,9121993
hettich,Hettich,9121994,False,"Lengthwise Railing, R",,,,1,Pc,1.0,INR,False,73269098,2026-02-01,Pricelist -2026/Hettich Price List February 2026.pdf,111,9121994
hettich,Hettich,9127011,False,Screw-On Railing Connector,,,,2,Pc,2.0,INR,False,39263000,2026-02-01,Pricelist -2026/Hettich Price List February 2026.pdf,111,9127011
hettich,Hettich,9122003,False,"Lengthwise Railing, L",,,,1,Pc,1.0,INR,False,73269098,2026-02-01,Pricelist -2026/Hettich Price List February 2026.pdf,111,9122003
hettich,Hettich,9122004,False,"Lengthwise Railing, R",,,,1,Pc,1.0,INR,False,73269098,2026-02-01,Pricelist -2026/Hettich Price List February 2026.pdf,111,9122004
hettich,Hettich,9122013,False,"Lengthwise Railing, L",,,,1,Pc,1.0,INR,False,73269098,2026-02-01,Pricelist -2026/Hettich Price List February 2026.pdf,111,9122013
hettich,Hettich,9122014,False,"Lengthwise Railing, R",,,,1,Pc,1.0,INR,False,73269098,2026-02-01,Pricelist -2026/Hettich Price List February 2026.pdf,111,9122014
hettich,Hettich,9122033,False,"Lengthwise Railing, L",,,,1,Pc,1.0,INR,False,73269098,2026-02-01,Pricelist -2026/Hettich Price List February 2026.pdf,112,9122033
hettich,Hettich,9122034,False,"Lengthwise Railing, R",,,,1,Pc,1.0,INR,False,73269098,2026-02-01,Pricelist -2026/Hettich Price List February 2026.pdf,112,9122034
hettich,Hettich,9121247,False,"Drawer side profile, L",,,,1,Pc,1.0,INR,False,94039010,2026-02-01,Pricelist -2026/Hettich Price List February 2026.pdf,113,9121247
hettich,Hettich,9121248,False,"Drawer side profile, R",,,,1,Pc,1.0,INR,False,94039010,2026-02-01,Pricelist -2026/Hettich Price List February 2026.pdf,113,9121248
hettich,Hettich,9123006,False,Cover Cap,,,,2,Pc,2.0,INR,False,39269097,2026-02-01,Pricelist -2026/Hettich Price List February 2026.pdf,113,9123006
hettich,Hettich,9121829,False,"Rear panel Connector, L",,,,1,Pc,1.0,INR,False,83024200,2026-02-01,Pricelist -2026/Hettich Price List February 2026.pdf,113,9121829
hettich,Hettich,9121830,False,"Rear panel Connector, R",,,,1,Pc,1.0,INR,False,83024200,2026-02-01,Pricelist -2026/Hettich Price List February 2026.pdf,113,9121830
hettich,Hettich,9121249,False,"Drawer side profile, L",,,,1,Pc,1.0,INR,False,94039010,2026-02-01,Pricelist -2026/Hettich Price List February 2026.pdf,113,9121249
hettich,Hettich,9121250,False,"Drawer side profile, R",,,,1,Pc,1.0,INR,False,94039010,2026-02-01,Pricelist -2026/Hettich Price List February 2026.pdf,113,9121250
hettich,Hettich,9121251,False,"Drawer side profile, L",,,,1,Pc,1.0,INR,False,94039010,2026-02-01,Pricelist -2026/Hettich Price List February 2026.pdf,113,9121251
hettich,Hettich,9121252,False,"Drawer side profile, R",,,,1,Pc,1.0,INR,False,94039010,2026-02-01,Pricelist -2026/Hettich Price List February 2026.pdf,113,9121252
hettich,Hettich,9121845,False,"Rear panel Connector, L",,,,1,Pc,1.0,INR,False,83024200,2026-02-01,Pricelist -2026/Hettich Price List February 2026.pdf,115,9121845
hettich,Hettich,9121846,False,"Rear panel Connector, R",,,,1,Pc,1.0,INR,False,83024200,2026-02-01,Pricelist -2026/Hettich Price List February 2026.pdf,115,9121846
hettich,Hettich,9121997,False,"Lengthwise Railing, L",,,,1,Pc,1.0,INR,False,73269098,2026-02-01,Pricelist -2026/Hettich Price List February 2026.pdf,115,9121997
hettich,Hettich,9121998,False,"Lengthwise Railing, R",,,,1,Pc,1.0,INR,False,73269098,2026-02-01,Pricelist -2026/Hettich Price List February 2026.pdf,115,9121998
hettich,Hettich,9122007,False,"Lengthwise Railing, L",,,,1,Pc,1.0,INR,False,73269098,2026-02-01,Pricelist -2026/Hettich Price List February 2026.pdf,115,9122007
hettich,Hettich,9122008,False,"Lengthwise Railing, R",,,,1,Pc,1.0,INR,False,73269098,2026-02-01,Pricelist -2026/Hettich Price List February 2026.pdf,115,9122008
hettich,Hettich,9122017,False,"Lengthwise Railing, L",,,,1,Pc,1.0,INR,False,94039010,2026-02-01,Pricelist -2026/Hettich Price List February 2026.pdf,115,9122017
hettich,Hettich,9122018,False,"Lengthwise Railing, R",,,,1,Pc,1.0,INR,False,94039010,2026-02-01,Pricelist -2026/Hettich Price List February 2026.pdf,115,9122018
hettich,Hettich,9121289,False,"Drawer side profile, L",,,,1,Pc,1.0,INR,False,94039010,2026-02-01,Pricelist -2026/Hettich Price List February 2026.pdf,117,9121289
hettich,Hettich,9121290,False,"Drawer side profile, R",,,,1,Pc,1.0,INR,False,94039010,2026-02-01,Pricelist -2026/Hettich Price List February 2026.pdf,117,9121290
hettich,Hettich,9121831,False,"Rear panel Connector, L",,,,1,Pc,1.0,INR,False,83024200,2026-02-01,Pricelist -2026/Hettich Price List February 2026.pdf,117,9121831
hettich,Hettich,9121832,False,"Rear panel Connector, R",,,,1,Pc,1.0,INR,False,83024200,2026-02-01,Pricelist -2026/Hettich Price List February 2026.pdf,117,9121832
hettich,Hettich,9121291,False,"Drawer side profile, L",,,,1,Pc,1.0,INR,False,94039010,2026-02-01,Pricelist -2026/Hettich Price List February 2026.pdf,117,9121291
hettich,Hettich,9121292,False,"Drawer side profile, R",,,,1,Pc,1.0,INR,False,94039010,2026-02-01,Pricelist -2026/Hettich Price List February 2026.pdf,117,9121292
hettich,Hettich,9121293,False,"Drawer side profile, L",,,,1,Pc,1.0,INR,False,94039010,2026-02-01,Pricelist -2026/Hettich Price List February 2026.pdf,117,9121293
hettich,Hettich,9121294,False,"Drawer side profile, R",,,,1,Pc,1.0,INR,False,94039010,2026-02-01,Pricelist -2026/Hettich Price List February 2026.pdf,117,9121294
hettich,Hettich,9121847,False,"Rear panel Connector, L",,,,1,Pc,1.0,INR,False,83024200,2026-02-01,Pricelist -2026/Hettich Price List February 2026.pdf,119,9121847
hettich,Hettich,9121848,False,"Rear panel Connector, R",,,,1,Pc,1.0,INR,False,83024200,2026-02-01,Pricelist -2026/Hettich Price List February 2026.pdf,119,9121848
hettich,Hettich,9121995,False,"Lengthwise Railing, L",,,,1,Pc,1.0,INR,False,73269098,2026-02-01,Pricelist -2026/Hettich Price List February 2026.pdf,119,9121995
hettich,Hettich,9121996,False,"Lengthwise Railing, R",,,,1,Pc,1.0,INR,False,73269098,2026-02-01,Pricelist -2026/Hettich Price List February 2026.pdf,119,9121996
hettich,Hettich,9122005,False,"Lengthwise Railing, L",,,,1,Pc,1.0,INR,False,73269098,2026-02-01,Pricelist -2026/Hettich Price List February 2026.pdf,119,9122005
hettich,Hettich,9122006,False,"Lengthwise Railing, R",,,,1,Pc,1.0,INR,False,73269098,2026-02-01,Pricelist -2026/Hettich Price List February 2026.pdf,119,9122006
hettich,Hettich,9122015,False,"Lengthwise Railing, L",,,,1,Pc,1.0,INR,False,73269098,2026-02-01,Pricelist -2026/Hettich Price List February 2026.pdf,119,9122015
hettich,Hettich,9122016,False,"Lengthwise Railing, R",,,,1,Pc,1.0,INR,False,73269098,2026-02-01,Pricelist -2026/Hettich Price List February 2026.pdf,119,9122016
hettich,Hettich,9122920,False,ArciTech Topside- 500 mm,,,,Set,1,3320.0,INR,False,73269098,2026-02-01,Pricelist -2026/Hettich Price List February 2026.pdf,121,9122920
hettich,Hettich,9122988,False,ArciTech DesignSide- 500 mm,,,,Set,1,2440.0,INR,False,70200080,2026-02-01,Pricelist -2026/Hettich Price List February 2026.pdf,121,9122988
hettich,Hettich,9122989,False,ArciTech DesignSide- 550 mm,,,,Set,1,2480.0,INR,False,70200080,2026-02-01,Pricelist -2026/Hettich Price List February 2026.pdf,121,9122989
hettich,Hettich,9122973,False,ArciTech DesignSide Adapter,,,,Set,1,1860.0,INR,False,83024200,2026-02-01,Pricelist -2026/Hettich Price List February 2026.pdf,121,9122973
hettich,Hettich,9122998,False,DesignSide Connectors,,,,Set,1,1630.0,INR,False,83024200,2026-02-01,Pricelist -2026/Hettich Price List February 2026.pdf,121,9122998
hettich,Hettich,9122799,False,94 / 600 mm,,,,Pc,15,3800.0,INR,False,94039010,2026-02-01,Pricelist -2026/Hettich Price List February 2026.pdf,121,9122799
hettich,Hettich,9122853,False,186 / 600 mm,,,,Pc,15,5120.0,INR,False,94039010,2026-02-01,Pricelist -2026/Hettich Price List February 2026.pdf,121,9122853
hettich,Hettich,9122801,False,94 / 900 mm,,,,Pc,15,5570.0,INR,False,94039010,2026-02-01,Pricelist -2026/Hettich Price List February 2026.pdf,121,9122801
hettich,Hettich,9122855,False,186 / 900 mm,,,,Pc,15,6890.0,INR,False,94039010,2026-02-01,Pricelist -2026/Hettich Price List February 2026.pdf,121,9122855
hettich,Hettich,9192204,False,"Aluminium front panel, L 2000 mm",,,,Pc,1,4990.0,INR,False,76042990,2026-02-01,Pricelist -2026/Hettich Price List February 2026.pdf,121,9192204
hettich,Hettich,9182706,False,Railing for Aluminium front panel L 2000 mm,,,,Pc,1,2982.0,INR,False,73066192,2026-02-01,Pricelist -2026/Hettich Price List February 2026.pdf,121,9182706
hettich,Hettich,9123083,False,Front connector H 94,,,,Set,15,1860.0,INR,False,83024200,2026-02-01,Pricelist -2026/Hettich Price List February 2026.pdf,121,9123083
hettich,Hettich,9123089,False,Front connector H 186,,,,Set,15,3070.0,INR,False,83024200,2026-02-01,Pricelist -2026/Hettich Price List February 2026.pdf,121,9123089
hettich,Hettich,9122975,False,ArciTech Design side Adapter,,,,,15,1860.0,INR,False,83024200,2026-02-01,Pricelist -2026/Hettich Price List February 2026.pdf,121,9122975
hettich,Hettich,9122921,False,ArciTech Topside- 500 mm,,,,Set,1,3320.0,INR,False,73269098,2026-02-01,Pricelist -2026/Hettich Price List February 2026.pdf,121,9122921
hettich,Hettich,9122974,False,ArciTech DesignSide Adapter,,,,Set,1,1860.0,INR,False,83024200,2026-02-01,Pricelist -2026/Hettich Price List February 2026.pdf,121,9122974
hettich,Hettich,9140089,False,94 / 600 mm,,,,Set,15,3800.0,INR,False,94039010,2026-02-01,Pricelist -2026/Hettich Price List February 2026.pdf,121,9140089
hettich,Hettich,9140107,False,186 / 600 mm,,,,Set,15,5120.0,INR,False,94039010,2026-02-01,Pricelist -2026/Hettich Price List February 2026.pdf,121,9140107
hettich,Hettich,9192205,False,"Aluminium front panel, L 2000 mm",,,,Pc,1,5675.0,INR,False,76042990,2026-02-01,Pricelist -2026/Hettich Price List February 2026.pdf,121,9192205
hettich,Hettich,9182712,False,Railing for Aluminium front panel L 2000 mm,,,,Set,1,2982.0,INR,False,73066192,2026-02-01,Pricelist -2026/Hettich Price List February 2026.pdf,121,9182712
hettich,Hettich,9140121,False,Front connector H 94,,,,Set,15,1854.0,INR,False,83024200,2026-02-01,Pricelist -2026/Hettich Price List February 2026.pdf,121,9140121
hettich,Hettich,9140123,False,Connector for Front H186 - Anthracite,,,,Set,1,3070.0,INR,False,83024200,2026-02-01,Pricelist -2026/Hettich Price List February 2026.pdf,121,9140123
hettich,Hettich,9134992,False,"For NL 500 mm depth, cabinet width 600 mm",,,,Set,1,2790.0,INR,False,39249000,2026-02-01,Pricelist -2026/Hettich Price List February 2026.pdf,122,9134992
hettich,Hettich,9134994,False,"For NL 500 mm depth, cabinet width 900 mm",,,,Set,1,4970.0,INR,False,39249000,2026-02-01,Pricelist -2026/Hettich Price List February 2026.pdf,122,9134994
hettich,Hettich,9194924,False,"Tray width 501-600 mm, depth 380-440 mm",,,,Pc,1,800.0,INR,False,39249000,2026-02-01,Pricelist -2026/Hettich Price List February 2026.pdf,122,9194924
hettich,Hettich,9194933,False,"Tray width 301-350 mm, depth 441-520 mm",,,,Pc,1,580.0,INR,False,39249090,2026-02-01,Pricelist -2026/Hettich Price List February 2026.pdf,122,9194933
hettich,Hettich,9194934,False,"Tray width 351-400 mm, depth 441-520 mm",,,,Pc,1,600.0,INR,False,39249000,2026-02-01,Pricelist -2026/Hettich Price List February 2026.pdf,122,9194934
hettich,Hettich,9194935,False,"Tray width 401-450 mm, depth 441-520 mm",,,,Pc,1,630.0,INR,False,39249000,2026-02-01,Pricelist -2026/Hettich Price List February 2026.pdf,122,9194935
hettich,Hettich,9194936,False,"Tray width 451-500 mm, depth 441-520 mm",,,,Pc,1,700.0,INR,False,39249000,2026-02-01,Pricelist -2026/Hettich Price List February 2026.pdf,122,9194936
hettich,Hettich,9194937,False,"Tray width 501-600 mm, depth 441-520 mm",,,,Pc,1,830.0,INR,False,39249000,2026-02-01,Pricelist -2026/Hettich Price List February 2026.pdf,122,9194937
hettich,Hettich,9194938,False,"Tray width 601-700 mm, Depth 441- 520 mm",,,,Pc,1,1450.0,INR,False,39249000,2026-02-01,Pricelist -2026/Hettich Price List February 2026.pdf,122,9194938
hettich,Hettich,9194939,False,"Tray width 701-800 mm, depth 441-520 mm",,,,Pc,1,1590.0,INR,False,39249000,2026-02-01,Pricelist -2026/Hettich Price List February 2026.pdf,122,9194939
hettich,Hettich,9194940,False,"Tray width 801-900 mm, depth 441-520 mm",,,,Pc,1,1670.0,INR,False,39249000,2026-02-01,Pricelist -2026/Hettich Price List February 2026.pdf,122,9194940
hettich,Hettich,9194995,False,"Tray width 301-350 mm, depth 441-520 mm",,,,Pc,1,580.0,INR,False,39249000,2026-02-01,Pricelist -2026/Hettich Price List February 2026.pdf,122,9194995
hettich,Hettich,9194996,False,"Tray width 351-400 mm, depth 441-520 mm",,,,Pc,1,600.0,INR,False,39249090,2026-02-01,Pricelist -2026/Hettich Price List February 2026.pdf,122,9194996
hettich,Hettich,9194997,False,"Tray width 401-450 mm, depth 441-520 mm",,,,Pc,1,630.0,INR,False,39249000,2026-02-01,Pricelist -2026/Hettich Price List February 2026.pdf,122,9194997
hettich,Hettich,9194998,False,"Tray width 451-500 mm, depth 441-520 mm",,,,Pc,1,700.0,INR,False,39249000,2026-02-01,Pricelist -2026/Hettich Price List February 2026.pdf,122,9194998
hettich,Hettich,9194999,False,"Tray width 501-600 mm, depth 441-520 mm",,,,Pc,1,830.0,INR,False,39249000,2026-02-01,Pricelist -2026/Hettich Price List February 2026.pdf,122,9194999
hettich,Hettich,9195000,False,"Tray width 601-700 mm, Depth 441- 520 mm",,,,Pc,1,1450.0,INR,False,39249000,2026-02-01,Pricelist -2026/Hettich Price List February 2026.pdf,122,9195000
hettich,Hettich,9195001,False,"Tray width 701-800 mm, depth 441-520 mm",,,,Pc,1,1590.0,INR,False,39249000,2026-02-01,Pricelist -2026/Hettich Price List February 2026.pdf,122,9195001
hettich,Hettich,9195002,False,"Tray width 801-900 mm, depth 441-520 mm",,,,Pc,1,1670.0,INR,False,39249000,2026-02-01,Pricelist -2026/Hettich Price List February 2026.pdf,122,9195002
hettich,Hettich,9195004,False,"Tray width 1091-1150 mm, depth 441-520 mm",,,,Pc,1,2355.0,INR,False,39249000,2026-02-01,Pricelist -2026/Hettich Price List February 2026.pdf,122,9195004
hettich,Hettich,9226100,False,Knife Holder,,,,Pc,1,3320.0,INR,False,94039900,2026-02-01,Pricelist -2026/Hettich Price List February 2026.pdf,122,9226100
hettich,Hettich,9079207,False,Spice Rack,,,,Pc,1,4388.0,INR,False,44199090,2026-02-01,Pricelist -2026/Hettich Price List February 2026.pdf,122,9079207
hettich,Hettich,9182222,False,Adapter anthracite,,,,Pc,1,180.0,INR,False,39269097,2026-02-01,Pricelist -2026/Hettich Price List February 2026.pdf,122,9182222
hettich,Hettich,9182225,False,Lengthwise divider anthracite,,,,Pc,1,410.0,INR,False,39269097,2026-02-01,Pricelist -2026/Hettich Price List February 2026.pdf,122,9182225
hettich,Hettich,9121851,False,Back panel connector Silver Left-218 mm,,,,,1,502.0,INR,False,83024200,2026-02-01,Pricelist -2026/Hettich Price List February 2026.pdf,123,9121851
hettich,Hettich,9121852,False,Back panel connector Silver Right--218 mm,,,,,1,502.0,INR,False,83024200,2026-02-01,Pricelist -2026/Hettich Price List February 2026.pdf,123,9121852
hettich,Hettich,9121867,False,Back panel connector Silver Left-282 mm,,,,,1,614.0,INR,False,83024200,2026-02-01,Pricelist -2026/Hettich Price List February 2026.pdf,123,9121867
hettich,Hettich,9121868,False,Back panel connector Silver Right--282 mm,,,,,1,614.0,INR,False,83024200,2026-02-01,Pricelist -2026/Hettich Price List February 2026.pdf,123,9121868
hettich,Hettich,9121853,False,Back panel connector White Left-218 mm,,,,,1,416.0,INR,False,83024200,2026-02-01,Pricelist -2026/Hettich Price List February 2026.pdf,123,9121853
hettich,Hettich,9121854,False,Back panel connector White Right -218 mm,,,,,1,416.0,INR,False,83024200,2026-02-01,Pricelist -2026/Hettich Price List February 2026.pdf,123,9121854
hettich,Hettich,9121855,False,Back panel connector Anthracite Left-218 mm,,,,,1,416.0,INR,False,83024200,2026-02-01,Pricelist -2026/Hettich Price List February 2026.pdf,123,9121855
hettich,Hettich,9121856,False,Back panel connector Anthracite Right -218 mm,,,,,1,416.0,INR,False,83024200,2026-02-01,Pricelist -2026/Hettich Price List February 2026.pdf,123,9121856
hettich,Hettich,9241050,False,PTO Silent System Set up to 40 Kg,,,,Set,1,4078.0,INR,False,39263090,2026-02-01,Pricelist -2026/Hettich Price List February 2026.pdf,126,9241050
hettich,Hettich,9241051,False,PTO Silent System Set up to 70 Kg,,,,Set,1,4078.0,INR,False,39263000,2026-02-01,Pricelist -2026/Hettich Price List February 2026.pdf,126,9241051
hettich,Hettich,9207690,False,"Drawer side profile, L",,,,1,Pc,1.0,INR,False,94039010,2026-02-01,Pricelist -2026/Hettich Price List February 2026.pdf,128,9207690
hettich,Hettich,9207696,False,"Drawer side profile, R",,,,1,Pc,1.0,INR,False,94039010,2026-02-01,Pricelist -2026/Hettich Price List February 2026.pdf,128,9207696
hettich,Hettich,1065191,False,Screw-On Front Connector,,,,2,Pc,2.0,INR,False,39263000,2026-02-01,Pricelist -2026/Hettich Price List February 2026.pdf,128,1065191
hettich,Hettich,45310-L,False,Quadro-V6,,,,1,Pc,1.0,INR,False,83024200,2026-02-01,Pricelist -2026/Hettich Price List February 2026.pdf,128,45310-L
hettich,Hettich,45310-R,False,Quadro-V6,,,,1,Pc,1.0,INR,False,83024200,2026-02-01,Pricelist -2026/Hettich Price List February 2026.pdf,128,45310-R
hettich,Hettich,1062501,False,"Rear panel Connector, L",,,,1,Pc,1.0,INR,False,83024200,2026-02-01,Pricelist -2026/Hettich Price List February 2026.pdf,128,1062501
hettich,Hettich,1062502,False,"Rear panel Connector, R",,,,1,Pc,1.0,INR,False,83024200,2026-02-01,Pricelist -2026/Hettich Price List February 2026.pdf,128,1062502
hettich,Hettich,9194646,False,Cover Cap Grey,,,,2,Pc,2.0,INR,False,39269097,2026-02-01,Pricelist -2026/Hettich Price List February 2026.pdf,128,9194646
hettich,Hettich,9207697,False,"Drawer side profile, L",,,,1,Pc,1.0,INR,False,94039010,2026-02-01,Pricelist -2026/Hettich Price List February 2026.pdf,128,9207697
hettich,Hettich,9207699,False,"Drawer side profile, R",,,,1,Pc,1.0,INR,False,94039010,2026-02-01,Pricelist -2026/Hettich Price List February 2026.pdf,128,9207699
hettich,Hettich,45311-L,False,Quadro-V6,,,,1,Pc,1.0,INR,False,83024200,2026-02-01,Pricelist -2026/Hettich Price List February 2026.pdf,128,45311-L
hettich,Hettich,45311-R,False,Quadro-V6,,,,1,Pc,1.0,INR,False,83024200,2026-02-01,Pricelist -2026/Hettich Price List February 2026.pdf,128,45311-R
hettich,Hettich,9207700,False,"Drawer side profile, L",,,,1,Pc,1.0,INR,False,94039010,2026-02-01,Pricelist -2026/Hettich Price List February 2026.pdf,128,9207700
hettich,Hettich,9207702,False,"Drawer side profile, R",,,,1,Pc,1.0,INR,False,94039010,2026-02-01,Pricelist -2026/Hettich Price List February 2026.pdf,128,9207702
hettich,Hettich,45312-L,False,Quadro-V6,,,,1,Pc,1.0,INR,False,83024200,2026-02-01,Pricelist -2026/Hettich Price List February 2026.pdf,128,45312-L
hettich,Hettich,45312-R,False,Quadro-V6,,,,1,Pc,1.0,INR,False,83024200,2026-02-01,Pricelist -2026/Hettich Price List February 2026.pdf,128,45312-R
hettich,Hettich,9207703,False,"Drawer side profile, L",,,,1,Pc,1.0,INR,False,94039010,2026-02-01,Pricelist -2026/Hettich Price List February 2026.pdf,128,9207703
hettich,Hettich,9207704,False,"Drawer side profile, R",,,,1,Pc,1.0,INR,False,94039010,2026-02-01,Pricelist -2026/Hettich Price List February 2026.pdf,128,9207704
hettich,Hettich,45313-L,False,Quadro-V6,,,,1,Pc,1.0,INR,False,83024200,2026-02-01,Pricelist -2026/Hettich Price List February 2026.pdf,128,45313-L
hettich,Hettich,45313-R,False,Quadro-V6,,,,1,Pc,1.0,INR,False,83024200,2026-02-01,Pricelist -2026/Hettich Price List February 2026.pdf,128,45313-R
hettich,Hettich,48360-L,False,Quadro-V6+,,,,1,Pc,1.0,INR,False,83024200,2026-02-01,Pricelist -2026/Hettich Price List February 2026.pdf,129,48360-L
hettich,Hettich,48360-R,False,Quadro-V6+,,,,1,Pc,1.0,INR,False,83024200,2026-02-01,Pricelist -2026/Hettich Price List February 2026.pdf,129,48360-R
hettich,Hettich,48361-L,False,Quadro-V6,,,,1,Pc,1.0,INR,False,83024200,2026-02-01,Pricelist -2026/Hettich Price List February 2026.pdf,129,48361-L
hettich,Hettich,48361-R,False,Quadro-V6,,,,1,Pc,1.0,INR,False,83024200,2026-02-01,Pricelist -2026/Hettich Price List February 2026.pdf,129,48361-R
hettich,Hettich,48362-L,False,Quadro-V6+,,,,1,Pc,1.0,INR,False,83024200,2026-02-01,Pricelist -2026/Hettich Price List February 2026.pdf,129,48362-L
hettich,Hettich,48362-R,False,Quadro-V6+,,,,1,Pc,1.0,INR,False,83024200,2026-02-01,Pricelist -2026/Hettich Price List February 2026.pdf,129,48362-R
hettich,Hettich,9194402,False,"Drawer side profile, L",,,,1,Pc,1.0,INR,False,94039010,2026-02-01,Pricelist -2026/Hettich Price List February 2026.pdf,129,9194402
hettich,Hettich,9194403,False,"Drawer side profile, R",,,,1,Pc,1.0,INR,False,94039010,2026-02-01,Pricelist -2026/Hettich Price List February 2026.pdf,129,9194403
hettich,Hettich,40271-L,False,Quadro-V6+,,,,1,Pc,1.0,INR,False,83024200,2026-02-01,Pricelist -2026/Hettich Price List February 2026.pdf,129,40271-L
hettich,Hettich,40271-R,False,Quadro-V6+,,,,1,Pc,1.0,INR,False,83024200,2026-02-01,Pricelist -2026/Hettich Price List February 2026.pdf,129,40271-R
hettich,Hettich,9194526,False,"Lengthwise Railing 350 mm, L",,,,1,Pc,1.0,INR,False,73269098,2026-02-01,Pricelist -2026/Hettich Price List February 2026.pdf,130,9194526
hettich,Hettich,9194527,False,"Lengthwise Railing 350 mm, R",,,,1,Pc,1.0,INR,False,73269098,2026-02-01,Pricelist -2026/Hettich Price List February 2026.pdf,130,9194527
hettich,Hettich,9002503,False,Railing Connector,,,,2,Pc,2.0,INR,False,39269097,2026-02-01,Pricelist -2026/Hettich Price List February 2026.pdf,130,9002503
hettich,Hettich,9007355,False,"Rear panel Connector 144 mm, L",,,,1,Pc,1.0,INR,False,83024200,2026-02-01,Pricelist -2026/Hettich Price List February 2026.pdf,130,9007355
hettich,Hettich,9007356,False,"Rear panel Connector 144 mm, R",,,,1,Pc,1.0,INR,False,83024200,2026-02-01,Pricelist -2026/Hettich Price List February 2026.pdf,130,9007356
hettich,Hettich,9194528,False,"Lengthwise Railing 420 mm, L",,,,1,Pc,1.0,INR,False,73269098,2026-02-01,Pricelist -2026/Hettich Price List February 2026.pdf,130,9194528
hettich,Hettich,9194529,False,"Lengthwise Railing 420 mm, R",,,,1,Pc,1.0,INR,False,73269098,2026-02-01,Pricelist -2026/Hettich Price List February 2026.pdf,130,9194529
hettich,Hettich,9194530,False,"Lengthwise Railing 470 mm, L",,,,1,Pc,1.0,INR,False,73269098,2026-02-01,Pricelist -2026/Hettich Price List February 2026.pdf,130,9194530
hettich,Hettich,9194531,False,"Lengthwise Railing 470 mm, R",,,,1,Pc,1.0,INR,False,73269098,2026-02-01,Pricelist -2026/Hettich Price List February 2026.pdf,130,9194531
hettich,Hettich,9194532,False,"Lengthwise Railing 520 mm, L",,,,1,Pc,1.0,INR,False,73269098,2026-02-01,Pricelist -2026/Hettich Price List February 2026.pdf,131,9194532
hettich,Hettich,9194533,False,"Lengthwise Railing 520 mm, R",,,,1,Pc,1.0,INR,False,73269098,2026-02-01,Pricelist -2026/Hettich Price List February 2026.pdf,131,9194533
hettich,Hettich,9194534,False,"Lengthwise Railing 620 mm, L",,,,1,Pc,1.0,INR,False,73269098,2026-02-01,Pricelist -2026/Hettich Price List February 2026.pdf,132,9194534
hettich,Hettich,9194535,False,"Lengthwise Railing 620 mm, R",,,,1,Pc,1.0,INR,False,73269098,2026-02-01,Pricelist -2026/Hettich Price List February 2026.pdf,132,9194535
hettich,Hettich,9027831,False,"Rear panel Connector 176 mm, L",,,,1,Pc,1.0,INR,False,83024200,2026-02-01,Pricelist -2026/Hettich Price List February 2026.pdf,133,9027831
hettich,Hettich,9027832,False,"Rear panel Connector 176 mm, R",,,,1,Pc,1.0,INR,False,83024200,2026-02-01,Pricelist -2026/Hettich Price List February 2026.pdf,133,9027832
hettich,Hettich,9207731,False,"Drawer side profile, L",,,,1,Pc,1.0,INR,False,94039010,2026-02-01,Pricelist -2026/Hettich Price List February 2026.pdf,136,9207731
hettich,Hettich,9207732,False,"Drawer side profile, R",,,,1,Pc,1.0,INR,False,94039010,2026-02-01,Pricelist -2026/Hettich Price List February 2026.pdf,136,9207732
hettich,Hettich,9194629,False,"Rear panel Connector, L",,,,1,Pc,1.0,INR,False,83024200,2026-02-01,Pricelist -2026/Hettich Price List February 2026.pdf,136,9194629
hettich,Hettich,9194630,False,"Rear panel Connector, R",,,,1,Pc,1.0,INR,False,83024200,2026-02-01,Pricelist -2026/Hettich Price List February 2026.pdf,136,9194630
hettich,Hettich,9194648,False,Cover Cap Anthracite,,,,2,Pc,2.0,INR,False,39269097,2026-02-01,Pricelist -2026/Hettich Price List February 2026.pdf,136,9194648
hettich,Hettich,9194424,False,"Drawer side profile, L",,,,1,Pc,1.0,INR,False,94039010,2026-02-01,Pricelist -2026/Hettich Price List February 2026.pdf,136,9194424
hettich,Hettich,9194425,False,"Drawer side profile, R",,,,1,Pc,1.0,INR,False,94039010,2026-02-01,Pricelist -2026/Hettich Price List February 2026.pdf,136,9194425
hettich,Hettich,9207735,False,"Drawer side profile, L",,,,1,Pc,1.0,INR,False,94039010,2026-02-01,Pricelist -2026/Hettich Price List February 2026.pdf,136,9207735
hettich,Hettich,9207736,False,"Drawer side profile, R",,,,1,Pc,1.0,INR,False,94039010,2026-02-01,Pricelist -2026/Hettich Price List February 2026.pdf,136,9207736
hettich,Hettich,9194428,False,"Drawer side profile, L",,,,1,Pc,1.0,INR,False,94039010,2026-02-01,Pricelist -2026/Hettich Price List February 2026.pdf,136,9194428
hettich,Hettich,9194429,False,"Drawer side profile, R",,,,1,Pc,1.0,INR,False,94039010,2026-02-01,Pricelist -2026/Hettich Price List February 2026.pdf,136,9194429
hettich,Hettich,9194430,False,"Drawer side profile, L",,,,1,Pc,1.0,INR,False,94039010,2026-02-01,Pricelist -2026/Hettich Price List February 2026.pdf,137,9194430
hettich,Hettich,9194431,False,"Drawer side profile, R",,,,1,Pc,1.0,INR,False,94039010,2026-02-01,Pricelist -2026/Hettich Price List February 2026.pdf,137,9194431
hettich,Hettich,9194554,False,"Lengthwise Railing 350 mm, L",,,,1,Pc,1.0,INR,False,73269098,2026-02-01,Pricelist -2026/Hettich Price List February 2026.pdf,138,9194554
hettich,Hettich,9194555,False,"Lengthwise Railing 350 mm, R",,,,1,Pc,1.0,INR,False,73269098,2026-02-01,Pricelist -2026/Hettich Price List February 2026.pdf,138,9194555
hettich,Hettich,9194637,False,"Rear panel Connector 144 mm, L",,,,1,Pc,1.0,INR,False,83024200,2026-02-01,Pricelist -2026/Hettich Price List February 2026.pdf,138,9194637
hettich,Hettich,9194638,False,"Rear panel Connector 144 mm, R",,,,1,Pc,1.0,INR,False,83024200,2026-02-01,Pricelist -2026/Hettich Price List February 2026.pdf,138,9194638
hettich,Hettich,9194556,False,"Lengthwise Railing 420 mm, L",,,,1,Pc,1.0,INR,False,73269098,2026-02-01,Pricelist -2026/Hettich Price List February 2026.pdf,138,9194556
hettich,Hettich,9194557,False,"Lengthwise Railing 420 mm, R",,,,1,Pc,1.0,INR,False,73269098,2026-02-01,Pricelist -2026/Hettich Price List February 2026.pdf,138,9194557
hettich,Hettich,9194558,False,"Lengthwise Railing 470 mm, L",,,,1,Pc,1.0,INR,False,73269098,2026-02-01,Pricelist -2026/Hettich Price List February 2026.pdf,138,9194558
hettich,Hettich,9194559,False,"Lengthwise Railing 470 mm, R",,,,1,Pc,1.0,INR,False,73269098,2026-02-01,Pricelist -2026/Hettich Price List February 2026.pdf,138,9194559
hettich,Hettich,9194560,False,"Lengthwise Railing 520 mm, L",,,,1,Pc,1.0,INR,False,73269098,2026-02-01,Pricelist -2026/Hettich Price List February 2026.pdf,139,9194560
hettich,Hettich,9194561,False,"Lengthwise Railing 520 mm, R",,,,1,Pc,1.0,INR,False,73269098,2026-02-01,Pricelist -2026/Hettich Price List February 2026.pdf,139,9194561
hettich,Hettich,9194562,False,"Lengthwise Railing 620 mm, L",,,,1,Pc,1.0,INR,False,73269098,2026-02-01,Pricelist -2026/Hettich Price List February 2026.pdf,140,9194562
hettich,Hettich,9194563,False,"Lengthwise Railing 620 mm, R",,,,1,Pc,1.0,INR,False,73269098,2026-02-01,Pricelist -2026/Hettich Price List February 2026.pdf,140,9194563
hettich,Hettich,9332373,False,InnoTech Atira Narrow Pullout MRP: (Height 70+144mm)/Anthracite/ 20 Kg/ Depth 470 mm,,,,1,Set,1.0,INR,False,83021090,2026-02-01,Pricelist -2026/Hettich Price List February 2026.pdf,140,9332373
hettich,Hettich,9194641,False,"Rear panel Connector 176 mm, L",,,,1,Pc,1.0,INR,False,83024200,2026-02-01,Pricelist -2026/Hettich Price List February 2026.pdf,141,9194641
hettich,Hettich,9194642,False,"Rear panel Connector 176 mm, R",,,,1,Pc,1.0,INR,False,83024200,2026-02-01,Pricelist -2026/Hettich Price List February 2026.pdf,141,9194642
hettich,Hettich,9194422,False,"InnoTech Atira- 350 mm-Drawer side profile, L",,,,Pc 1,,1132.0,INR,False,94039900,2026-02-01,Pricelist -2026/Hettich Price List February 2026.pdf,144,9194422
hettich,Hettich,9194423,False,"InnoTech Atira- 350 mm-Drawer side profile, R",,,,Pc 1,,1132.0,INR,False,94039900,2026-02-01,Pricelist -2026/Hettich Price List February 2026.pdf,144,9194423
hettich,Hettich,9194426,False,"InnoTech Atira- 470 mm-Drawer side profile, L",,,,Pc 1,,1000.0,INR,False,94039900,2026-02-01,Pricelist -2026/Hettich Price List February 2026.pdf,144,9194426
hettich,Hettich,9194427,False,"InnoTech Atira- 470 mm-Drawer side profile, R",,,,Pc 1,,1000.0,INR,False,94039900,2026-02-01,Pricelist -2026/Hettich Price List February 2026.pdf,144,9194427
hettich,Hettich,1062015,False,"Drawer side profile, L",,,,1,Pc,1.0,INR,False,94039010,2026-02-01,Pricelist -2026/Hettich Price List February 2026.pdf,148,1062015
hettich,Hettich,1062016,False,"Drawer side profile, R",,,,1,Pc,1.0,INR,False,94039010,2026-02-01,Pricelist -2026/Hettich Price List February 2026.pdf,148,1062016
hettich,Hettich,1062017,False,"Drawer side profile, L",,,,1,Pc,1.0,INR,False,94039010,2026-02-01,Pricelist -2026/Hettich Price List February 2026.pdf,148,1062017
hettich,Hettich,1062018,False,"Drawer side profile, R",,,,1,Pc,1.0,INR,False,94039010,2026-02-01,Pricelist -2026/Hettich Price List February 2026.pdf,148,1062018
hettich,Hettich,1062019,False,"Drawer side profile, L",,,,1,Pc,1.0,INR,False,94039010,2026-02-01,Pricelist -2026/Hettich Price List February 2026.pdf,148,1062019
hettich,Hettich,1062020,False,"Drawer side profile, R",,,,1,Pc,1.0,INR,False,94039010,2026-02-01,Pricelist -2026/Hettich Price List February 2026.pdf,148,1062020
hettich,Hettich,1062521,False,"Drawer side profile, L",,,,1,Pc,1.0,INR,False,94039010,2026-02-01,Pricelist -2026/Hettich Price List February 2026.pdf,148,1062521
hettich,Hettich,1062522,False,"Drawer side profile, R",,,,1,Pc,1.0,INR,False,94039010,2026-02-01,Pricelist -2026/Hettich Price List February 2026.pdf,148,1062522
hettich,Hettich,9100889,False,"Grey, Float Glass+Adapters 470 mm",,,,Set,1,3483.0,INR,False,70200080,2026-02-01,Pricelist -2026/Hettich Price List February 2026.pdf,155,9100889
hettich,Hettich,9100890,False,"Grey, Float Glass+Adapters 520 mm",,,,Set,1,4080.0,INR,False,94039000,2026-02-01,Pricelist -2026/Hettich Price List February 2026.pdf,155,9100890
hettich,Hettich,9100878,False,Innotech Adapter for DesignSide,,,,Set,1,2080.0,INR,False,70200080,2026-02-01,Pricelist -2026/Hettich Price List February 2026.pdf,155,9100878
hettich,Hettich,9209533,False,Anti-slip Mat 470 Silver,,,,Pc,1,7041.0,INR,False,39269097,2026-02-01,Pricelist -2026/Hettich Price List February 2026.pdf,155,9209533
hettich,Hettich,9209536,False,Anti-slip Mat 520 Silver,,,,Pc,1,7170.0,INR,False,39269097,2026-02-01,Pricelist -2026/Hettich Price List February 2026.pdf,155,9209536
hettich,Hettich,9209568,False,Anti-slip Mat 620 Silver,,,,Pc,1,9714.0,INR,False,39269097,2026-02-01,Pricelist -2026/Hettich Price List February 2026.pdf,155,9209568
hettich,Hettich,9290039,False,Anti slip mat W5000 D470 Silver,,,,Pc,1,2090.0,INR,False,39181090,2026-02-01,Pricelist -2026/Hettich Price List February 2026.pdf,155,9290039
hettich,Hettich,9290040,False,Anti slip mat W5000 D520 Silver,,,,Pc,1,2290.0,INR,False,39181090,2026-02-01,Pricelist -2026/Hettich Price List February 2026.pdf,155,9290040
hettich,Hettich,9290051,False,Anti slip mat W5000 D470 Anthracite,,,,Pc,1,2090.0,INR,False,39181090,2026-02-01,Pricelist -2026/Hettich Price List February 2026.pdf,155,9290051
hettich,Hettich,9290052,False,Anti slip mat W5000 D520 Anthracite,,,,Pc,1,2290.0,INR,False,39181090,2026-02-01,Pricelist -2026/Hettich Price List February 2026.pdf,155,9290052
hettich,Hettich,9288441,False,"For 470 mm depth, for cab width 400 mm & above",,,,Set,1,5152.0,INR,False,73239900,2026-02-01,Pricelist -2026/Hettich Price List February 2026.pdf,156,9288441
hettich,Hettich,9346278,False,Lift Basket 600mm (W x D x H) - 562 x 265 x 546 mm,,,,Pc,1,22500.0,INR,False,83024200,2026-02-01,Pricelist -2026/Hettich Price List February 2026.pdf,159,9346278
hettich,Hettich,9346280,False,Lift Basket 900mm (W x D x H) - 862 x 265 x 546 mm,,,,Pc,1,24500.0,INR,False,83024200,2026-02-01,Pricelist -2026/Hettich Price List February 2026.pdf,159,9346280
hettich,Hettich,9346281,False,Magic Corner (W x D x H) - 608 x 455 x 584 mm,,,,Pc,1,28500.0,INR,False,83024200,2026-02-01,Pricelist -2026/Hettich Price List February 2026.pdf,159,9346281
hettich,Hettich,9346282,False,Duo 6 Tier 450 Frame (W x D x H) - 390 x 500 x 1860 mm,,,,Pc,1,20500.0,INR,False,83024200,2026-02-01,Pricelist -2026/Hettich Price List February 2026.pdf,159,9346282
hettich,Hettich,9347696,False,Duo 6 Tier 450 Basket (W x D x H) - 390 x 500 x 1860 mm,,,,Pc,1,15500.0,INR,False,83024200,2026-02-01,Pricelist -2026/Hettich Price List February 2026.pdf,159,9347696
hettich,Hettich,9346297,False,Duo 6 Tier 600 Frame (W x D x H) - 564 x 500 x 1860 mm,,,,Pc,1,21700.0,INR,False,83024200,2026-02-01,Pricelist -2026/Hettich Price List February 2026.pdf,159,9346297
hettich,Hettich,9347697,False,Duo 6 Tier 600 Basket (W x D x H) - 564 x 500 x 1860 mm,,,,Pc,1,17500.0,INR,False,83024200,2026-02-01,Pricelist -2026/Hettich Price List February 2026.pdf,159,9347697
hettich,Hettich,9346302,False,Base Duo 2 Tier 600 Frame (W x D x H) - 540 x 500 x 580 mm,,,,Pc,1,16300.0,INR,False,83024200,2026-02-01,Pricelist -2026/Hettich Price List February 2026.pdf,159,9346302
hettich,Hettich,9347698,False,Base Duo 2 Tier 600 Basket (W x D x H) - 540 x 500 x 580 mm,,,,Pc,1,6100.0,INR,False,83024200,2026-02-01,Pricelist -2026/Hettich Price List February 2026.pdf,159,9347698
hettich,Hettich,9346304,False,Larder 6 Tier 600 Frame (W x D x H) - 532 x 500 x 1828 mm,,,,Pc,1,19100.0,INR,False,83024200,2026-02-01,Pricelist -2026/Hettich Price List February 2026.pdf,159,9346304
hettich,Hettich,9347699,False,Larder 6 Tier 600 Basket (W x D x H) - 532 x 500 x 1828 mm,,,,Pc,1,17300.0,INR,False,83024200,2026-02-01,Pricelist -2026/Hettich Price List February 2026.pdf,159,9347699
hettich,Hettich,9346306,False,Pull Out 150 mm (W x D x H) - 108 x 461 x 603 mm,,,,Pc,1,9500.0,INR,False,83024200,2026-02-01,Pricelist -2026/Hettich Price List February 2026.pdf,159,9346306
hettich,Hettich,9346309,False,Pull Out 200 mm (W x D x H) - 158 x 461 x 603 mm,,,,Pc,1,10100.0,INR,False,83024200,2026-02-01,Pricelist -2026/Hettich Price List February 2026.pdf,159,9346309
hettich,Hettich,9346310,False,Pull Out 300 mm (W x D x H) - 258 x 461 x 603 mm,,,,Pc,1,11000.0,INR,False,83024200,2026-02-01,Pricelist -2026/Hettich Price List February 2026.pdf,159,9346310
hettich,Hettich,9385904,False,Cargo Bl Plain Basket (386x500x100) Cab.450 mm,,,,Pc,6,3028.0,INR,False,73239390,2026-02-01,Pricelist -2026/Hettich Price List February 2026.pdf,161,9385904
hettich,Hettich,9385905,False,Cargo Bl Plain Basket (386x500x150) Cab.450 mm,,,,Pc,4,3534.0,INR,False,73239390,2026-02-01,Pricelist -2026/Hettich Price List February 2026.pdf,161,9385905
hettich,Hettich,9385906,False,Cargo Bl Plain Basket (386x500x200) Cab.450 mm,,,,Pc,3,4097.0,INR,False,73239390,2026-02-01,Pricelist -2026/Hettich Price List February 2026.pdf,161,9385906
hettich,Hettich,9385907,False,Cargo Bl Plain Basket (436x500x100) Cab.500 mm,,,,Pc,6,3197.0,INR,False,73239390,2026-02-01,Pricelist -2026/Hettich Price List February 2026.pdf,161,9385907
hettich,Hettich,9385908,False,Cargo Bl Plain Basket (436x500x150) Cab.500 mm,,,,Pc,4,3759.0,INR,False,73239390,2026-02-01,Pricelist -2026/Hettich Price List February 2026.pdf,161,9385908
hettich,Hettich,9385909,False,Cargo Bl Plain Basket (436x500x200) Cab.500 mm,,,,Pc,3,4322.0,INR,False,73239390,2026-02-01,Pricelist -2026/Hettich Price List February 2026.pdf,161,9385909
hettich,Hettich,9385910,False,Cargo Bl Plain Basket (486x500x100) Cab.550 mm,,,,Pc,6,3422.0,INR,False,73239390,2026-02-01,Pricelist -2026/Hettich Price List February 2026.pdf,161,9385910
hettich,Hettich,9385911,False,Cargo Bl Plain Basket (486x500x150) Cab.550 mm,,,,Pc,4,3984.0,INR,False,73239390,2026-02-01,Pricelist -2026/Hettich Price List February 2026.pdf,161,9385911
hettich,Hettich,9385912,False,Cargo Bl Plain Basket (486x500x200) Cab.550 mm,,,,Pc,3,4547.0,INR,False,73239390,2026-02-01,Pricelist -2026/Hettich Price List February 2026.pdf,161,9385912
hettich,Hettich,9385913,False,Cargo Bl Plain Basket (536x500x100) Cab.600 mm,,,,Pc,6,3591.0,INR,False,73239390,2026-02-01,Pricelist -2026/Hettich Price List February 2026.pdf,161,9385913
hettich,Hettich,9385914,False,Cargo Bl Plain Basket (536x500x150) Cab.600 mm,,,,Pc,4,4209.0,INR,False,73239390,2026-02-01,Pricelist -2026/Hettich Price List February 2026.pdf,161,9385914
hettich,Hettich,9385915,False,Cargo Bl Plain Basket (536x500x200) Cab.600 mm,,,,Pc,3,4772.0,INR,False,73239390,2026-02-01,Pricelist -2026/Hettich Price List February 2026.pdf,161,9385915
hettich,Hettich,9385916,False,Cargo Bl Plain Basket (836x500x100) Cab.900 mm,,,,Pc,6,5109.0,INR,False,73239390,2026-02-01,Pricelist -2026/Hettich Price List February 2026.pdf,161,9385916
hettich,Hettich,9385917,False,Cargo Bl Plain Basket (836x500x150) Cab.900 mm,,,,Pc,4,5897.0,INR,False,73239390,2026-02-01,Pricelist -2026/Hettich Price List February 2026.pdf,161,9385917
hettich,Hettich,9385918,False,Cargo Bl Plain Basket (836x500x200) Cab.900 mm,,,,Pc,3,6684.0,INR,False,73239390,2026-02-01,Pricelist -2026/Hettich Price List February 2026.pdf,161,9385918
hettich,Hettich,9385931,False,Cargo Bl Thali Basket (386x500x200) Cab.450 mm,,,,Pc,3,3984.0,INR,False,73239390,2026-02-01,Pricelist -2026/Hettich Price List February 2026.pdf,161,9385931
hettich,Hettich,9385932,False,Cargo Bl Thali Basket (436x500x200) Cab.500 mm,,,,Pc,3,4434.0,INR,False,73239390,2026-02-01,Pricelist -2026/Hettich Price List February 2026.pdf,161,9385932
hettich,Hettich,9385933,False,Cargo Bl Thali Basket (486x500x200) Cab.550 mm,,,,Pc,3,4659.0,INR,False,73239390,2026-02-01,Pricelist -2026/Hettich Price List February 2026.pdf,161,9385933
hettich,Hettich,9385934,False,Cargo Bl Thali Basket (536x500x200) Cab.600 mm,,,,Pc,3,4884.0,INR,False,73239390,2026-02-01,Pricelist -2026/Hettich Price List February 2026.pdf,161,9385934
hettich,Hettich,9385935,False,Cargo Bl Thali Basket (836x500x200) Cab.900 mm,,,,Pc,3,7575.0,INR,False,73239390,2026-02-01,Pricelist -2026/Hettich Price List February 2026.pdf,161,9385935
hettich,Hettich,9385919,False,Cargo Bl C&S Basket (386x500x100) Cab.450 mm,,,,Pc,6,3197.0,INR,False,73239390,2026-02-01,Pricelist -2026/Hettich Price List February 2026.pdf,161,9385919
hettich,Hettich,9385920,False,Cargo Bl C&S Basket (436x500x100) Cab.500 mm,,,,Pc,6,3366.0,INR,False,73239390,2026-02-01,Pricelist -2026/Hettich Price List February 2026.pdf,161,9385920
hettich,Hettich,9385921,False,Cargo Bl C&S Basket (486x500x100) Cab.550 mm,,,,Pc,6,3534.0,INR,False,73239390,2026-02-01,Pricelist -2026/Hettich Price List February 2026.pdf,161,9385921
hettich,Hettich,9385922,False,Cargo Bl C&S Basket (536x500x100) Cab.600 mm,,,,Pc,6,3759.0,INR,False,73239390,2026-02-01,Pricelist -2026/Hettich Price List February 2026.pdf,161,9385922
hettich,Hettich,9385923,False,Cargo Bl Cutlery Basket (386x500x100) Cab.450 mm,,,,Pc,6,2138.0,INR,False,73239390,2026-02-01,Pricelist -2026/Hettich Price List February 2026.pdf,161,9385923
hettich,Hettich,9385924,False,Cargo Bl Cutlery Basket (436x500x100) Cab.500 mm,,,,Pc,6,2363.0,INR,False,73239390,2026-02-01,Pricelist -2026/Hettich Price List February 2026.pdf,161,9385924
hettich,Hettich,9385925,False,Cargo Bl Cutlery Basket (486x500x100) Cab.550 mm,,,,Pc,6,2475.0,INR,False,73239390,2026-02-01,Pricelist -2026/Hettich Price List February 2026.pdf,161,9385925
hettich,Hettich,9385926,False,Cargo Bl Cutlery Basket (536x500x100) Cab.600 mm,,,,Pc,6,2531.0,INR,False,73239390,2026-02-01,Pricelist -2026/Hettich Price List February 2026.pdf,161,9385926
hettich,Hettich,9385927,False,Cargo Bl Plate Basket (386x500x150) Cab.450 mm,,,,Pc,3,3816.0,INR,False,73239390,2026-02-01,Pricelist -2026/Hettich Price List February 2026.pdf,161,9385927
hettich,Hettich,9385928,False,Cargo Bl Plate Basket (436x500x150) Cab.500 mm,,,,Pc,3,3984.0,INR,False,73239390,2026-02-01,Pricelist -2026/Hettich Price List February 2026.pdf,161,9385928
hettich,Hettich,9385929,False,Cargo Bl Plate Basket (486x500x150) Cab.550 mm,,,,Pc,3,4209.0,INR,False,73239390,2026-02-01,Pricelist -2026/Hettich Price List February 2026.pdf,161,9385929
hettich,Hettich,9385930,False,Cargo Bl Plate Basket (536x500x150) Cab.600 mm,,,,Pc,3,4434.0,INR,False,73239390,2026-02-01,Pricelist -2026/Hettich Price List February 2026.pdf,161,9385930
hettich,Hettich,9385940,False,Cargo Black SPO (94x500x575) For Cab.150 mm,,,,Pc,4,4547.0,INR,False,73239390,2026-02-01,Pricelist -2026/Hettich Price List February 2026.pdf,162,9385940
hettich,Hettich,9385941,False,Cargo Black SPO (134x500x575) For Cab.200 mm,,,,Pc,3,4997.0,INR,False,73239390,2026-02-01,Pricelist -2026/Hettich Price List February 2026.pdf,162,9385941
hettich,Hettich,9385942,False,Cargo Black SPO (234x500x575) For Cab.300 mm,,,,Pc,2,6009.0,INR,False,73239390,2026-02-01,Pricelist -2026/Hettich Price List February 2026.pdf,162,9385942
hettich,Hettich,9385936,False,Cargo Black BPO (94x500x460) For Cab.150 mm,,,,Pc,4,3309.0,INR,False,73239390,2026-02-01,Pricelist -2026/Hettich Price List February 2026.pdf,162,9385936
hettich,Hettich,9385937,False,Cargo Black BPO (134x500x460) For Cab.200 mm,,,,Pc,3,3647.0,INR,False,73239390,2026-02-01,Pricelist -2026/Hettich Price List February 2026.pdf,162,9385937
hettich,Hettich,9385938,False,Cargo Black BPO (174x500x460) For Cab.240 mm,,,,Pc,3,3872.0,INR,False,73239390,2026-02-01,Pricelist -2026/Hettich Price List February 2026.pdf,162,9385938
hettich,Hettich,9385939,False,Cargo Black BPO (234x500x460) For Cab.300 mm,,,,Pc,2,4322.0,INR,False,73239390,2026-02-01,Pricelist -2026/Hettich Price List February 2026.pdf,162,9385939
hettich,Hettich,9391704,False,Telescopic clamps,,,,Set,1,90.0,INR,False,83024200,2026-02-01,Pricelist -2026/Hettich Price List February 2026.pdf,162,9391704
hettich,Hettich,9391705,False,Quadro Clamp - Premium Black,,,,Set,1,70.0,INR,False,83024200,2026-02-01,Pricelist -2026/Hettich Price List February 2026.pdf,162,9391705
hettich,Hettich,9156381,False,(386 x 500 x 100) Cab.450 mm (15’’ x 20’’ x 4’’),,,,Pc,6,3788.0,INR,False,73239390,2026-02-01,Pricelist -2026/Hettich Price List February 2026.pdf,163,9156381
hettich,Hettich,9156383,False,(386 x 500 x 150) Cab.450 mm (15’’ x 20’’ x 6’’),,,,Pc,4,4467.0,INR,False,73239390,2026-02-01,Pricelist -2026/Hettich Price List February 2026.pdf,163,9156383
hettich,Hettich,9156384,False,(386 x 500 x 200) Cab.450 mm (15’’ x 20’’ x 8’’),,,,Pc,3,5149.0,INR,False,73239390,2026-02-01,Pricelist -2026/Hettich Price List February 2026.pdf,163,9156384
hettich,Hettich,9156385,False,(436 x 500 x 100) Cab.500 mm (17’’ x 20’’ x 4’’),,,,Pc,6,4117.0,INR,False,73239390,2026-02-01,Pricelist -2026/Hettich Price List February 2026.pdf,163,9156385
hettich,Hettich,9156386,False,(436 x 500 x 150) Cab.500 mm (17’’ x 20’’ x 6’’),,,,Pc,4,4730.0,INR,False,73239390,2026-02-01,Pricelist -2026/Hettich Price List February 2026.pdf,163,9156386
hettich,Hettich,9156387,False,(436 x 500 x 200) Cab.500 mm (17’’ x 20’’ x 8’’),,,,Pc,3,5449.0,INR,False,73239390,2026-02-01,Pricelist -2026/Hettich Price List February 2026.pdf,163,9156387
hettich,Hettich,9159547,False,(486 x 500 x 100) Cab.550 mm (19’’ x 20’’ x 4’’),,,,Pc,6,4247.0,INR,False,73239390,2026-02-01,Pricelist -2026/Hettich Price List February 2026.pdf,163,9159547
hettich,Hettich,9159548,False,(486 x 500 x 150) Cab.550 mm (19’’ x 20’’ x 6’’),,,,Pc,4,4996.0,INR,False,73239390,2026-02-01,Pricelist -2026/Hettich Price List February 2026.pdf,163,9159548
hettich,Hettich,9159549,False,(486 x 500 x 200) Cab.550 mm (19’’ x 20’’ x 8’’),,,,Pc,3,5745.0,INR,False,73239390,2026-02-01,Pricelist -2026/Hettich Price List February 2026.pdf,163,9159549
hettich,Hettich,9156388,False,(536 x 500 x 100) Cab.600 mm (21’’ x 20’’ x 4’’),,,,Pc,6,4474.0,INR,False,73239390,2026-02-01,Pricelist -2026/Hettich Price List February 2026.pdf,163,9156388
hettich,Hettich,9156389,False,(536 x 500 x 150) Cab.600 mm (21’’ x 20’’ x 6’’),,,,Pc,4,5231.0,INR,False,73239390,2026-02-01,Pricelist -2026/Hettich Price List February 2026.pdf,163,9156389
hettich,Hettich,9156390,False,(536 x 500 x 200) Cab.600 mm (21’’ x 20’’ x 8’’),,,,Pc,3,6036.0,INR,False,73239390,2026-02-01,Pricelist -2026/Hettich Price List February 2026.pdf,163,9156390
hettich,Hettich,9156391,False,(836 x 500 x 100) Cab.900 mm (33’’ x 20’’ x 4’’),,,,Pc,6,6056.0,INR,False,73239390,2026-02-01,Pricelist -2026/Hettich Price List February 2026.pdf,163,9156391
hettich,Hettich,9156392,False,(836 x 500 x 150) Cab.900 mm (33’’ x 20’’ x 6’’),,,,Pc,4,7074.0,INR,False,73239390,2026-02-01,Pricelist -2026/Hettich Price List February 2026.pdf,163,9156392
hettich,Hettich,9156393,False,(836 x 500 x 200) Cab.900 mm (33’’ x 20’’ x 8’’),,,,Pc,3,8094.0,INR,False,73239390,2026-02-01,Pricelist -2026/Hettich Price List February 2026.pdf,163,9156393
hettich,Hettich,9156342,False,"Thali Inlet, height-200 mm",,,,Pc,5,1545.0,INR,False,73239390,2026-02-01,Pricelist -2026/Hettich Price List February 2026.pdf,163,9156342
hettich,Hettich,9156343,False,"Plate Inlet, height-200 mm",,,,Pc,5,1706.0,INR,False,73239390,2026-02-01,Pricelist -2026/Hettich Price List February 2026.pdf,163,9156343
hettich,Hettich,9156344,False,"Cup & Saucer Inlet, height 150 mm",,,,Pc,5,1625.0,INR,False,73239390,2026-02-01,Pricelist -2026/Hettich Price List February 2026.pdf,163,9156344
hettich,Hettich,9156345,False,"Saucer Inlet, height 100 mm",,,,Pc,10,1150.0,INR,False,73239390,2026-02-01,Pricelist -2026/Hettich Price List February 2026.pdf,163,9156345
hettich,Hettich,9156346,False,"Cup Inlet, height 100 mm",,,,Pc,10,1006.0,INR,False,73239390,2026-02-01,Pricelist -2026/Hettich Price List February 2026.pdf,163,9156346
hettich,Hettich,9156347,False,"Bottle Separator Inlet, height 200 mm",,,,Pc,3,568.0,INR,False,73239390,2026-02-01,Pricelist -2026/Hettich Price List February 2026.pdf,163,9156347
hettich,Hettich,9156408,False,"Basket Divider Inlet, height 100 mm",,,,Pc,5,790.0,INR,False,73239390,2026-02-01,Pricelist -2026/Hettich Price List February 2026.pdf,163,9156408
hettich,Hettich,9156409,False,"Basket Divider Inlet, height 150 mm",,,,Pc,5,863.0,INR,False,73239390,2026-02-01,Pricelist -2026/Hettich Price List February 2026.pdf,163,9156409
hettich,Hettich,9156410,False,"Basket Divider Inlet, height 200 mm",,,,Pc,5,1006.0,INR,False,73239390,2026-02-01,Pricelist -2026/Hettich Price List February 2026.pdf,163,9156410
hettich,Hettich,9190416,False,CT Cutlery Inlet for 500 mm depth- 100 mm,,,,Pc,10,1136.0,INR,False,73239390,2026-02-01,Pricelist -2026/Hettich Price List February 2026.pdf,163,9190416
hettich,Hettich,9190417,False,CT Cutlery Inlet for 500 mm depth- 144 mm,,,,Pc,10,1220.0,INR,False,73239390,2026-02-01,Pricelist -2026/Hettich Price List February 2026.pdf,163,9190417
hettich,Hettich,9279342,False,Cargo Cutlery Basket W 386 (386 x 500x 94),,,,Pc,1,3308.0,INR,False,73239390,2026-02-01,Pricelist -2026/Hettich Price List February 2026.pdf,163,9279342
hettich,Hettich,9275311,False,Cargo Cutlery Basket W 436 (436 x 500x 94),,,,Pc,1,3674.0,INR,False,73239390,2026-02-01,Pricelist -2026/Hettich Price List February 2026.pdf,163,9275311
hettich,Hettich,9275312,False,Cargo Cutlery Basket W 486 (486 x 500x 94),,,,Pc,1,3957.0,INR,False,73239390,2026-02-01,Pricelist -2026/Hettich Price List February 2026.pdf,163,9275312
hettich,Hettich,9270287,False,Cargo Cutlery Basket W 536 (536 x 500x 94),,,,Pc,1,4239.0,INR,False,73239390,2026-02-01,Pricelist -2026/Hettich Price List February 2026.pdf,163,9270287
hettich,Hettich,9190451,False,Under Sink Basket- 900 mm,,,,Pc,1,8933.0,INR,False,73239390,2026-02-01,Pricelist -2026/Hettich Price List February 2026.pdf,164,9190451
hettich,Hettich,9197058,False,Detergent Holder Cargo Series (Recommended shutter width 450 mm),,,,Set,1,2180.0,INR,False,73239390,2026-02-01,Pricelist -2026/Hettich Price List February 2026.pdf,164,9197058
hettich,Hettich,9206160,False,Cargo Dish Drainer Set- 600 mm,,,,Set,1,4899.0,INR,False,73239390,2026-02-01,Pricelist -2026/Hettich Price List February 2026.pdf,164,9206160
hettich,Hettich,9206161,False,Cargo Dish Drainer Set- 900 mm,,,,Set,1,6820.0,INR,False,73239390,2026-02-01,Pricelist -2026/Hettich Price List February 2026.pdf,164,9206161
hettich,Hettich,9267212,False,Cargo Portable Dish Drainer,,,,Pc 1,,3000.0,INR,False,73239390,2026-02-01,Pricelist -2026/Hettich Price List February 2026.pdf,164,9267212
hettich,Hettich,9190453,False,Collecting cargo PVC Tray 600 mm,,,,Pc 1,,374.0,INR,False,39263090,2026-02-01,Pricelist -2026/Hettich Price List February 2026.pdf,164,9190453
hettich,Hettich,9267309,False,Acrylic sheet Portable Drainer,,,,Pc 1,,600.0,INR,False,39263090,2026-02-01,Pricelist -2026/Hettich Price List February 2026.pdf,164,9267309
hettich,Hettich,9209343,False,W 536 mm x D 250 mm x H 41 Cab.600 mm,,,,Set,2,2811.0,INR,False,73239390,2026-02-01,Pricelist -2026/Hettich Price List February 2026.pdf,164,9209343
hettich,Hettich,9210437,False,W 686 mm x D 250 mm x H 41 Cab.750 mm,,,,Set,2,3655.0,INR,False,73239390,2026-02-01,Pricelist -2026/Hettich Price List February 2026.pdf,164,9210437
hettich,Hettich,9209346,False,W 836 mm x D 250 mm x H 41 Cab.900 mm,,,,Set,2,4375.0,INR,False,73239390,2026-02-01,Pricelist -2026/Hettich Price List February 2026.pdf,164,9209346
hettich,Hettich,9210444,False,Round Bin Holder 200 Series,,,,Pc,1,1425.0,INR,False,73239390,2026-02-01,Pricelist -2026/Hettich Price List February 2026.pdf,164,9210444
hettich,Hettich,1180142,False,Clamps for KA,,,,Set,1,56.0,INR,False,83024200,2026-02-01,Pricelist -2026/Hettich Price List February 2026.pdf,164,1180142
hettich,Hettich,9160975,False,Clamps for Quadro,,,,Set,1,56.0,INR,False,83024200,2026-02-01,Pricelist -2026/Hettich Price List February 2026.pdf,164,9160975
hettich,Hettich,9200681,False,Cargo IQ 200 Series Clamp for Quadro Left Set,,,,Set,1,161.0,INR,False,94039000,2026-02-01,Pricelist -2026/Hettich Price List February 2026.pdf,164,9200681
hettich,Hettich,9200682,False,Cargo IQ 200 Series Clamp for Quadro Right Set,,,,Set,1,161.0,INR,False,94039000,2026-02-01,Pricelist -2026/Hettich Price List February 2026.pdf,164,9200682
hettich,Hettich,9162315,False,End Connector for inlets,,,,Set,1,34.0,INR,False,83024200,2026-02-01,Pricelist -2026/Hettich Price List February 2026.pdf,164,9162315
hettich,Hettich,9216602,False,"CP Plain W 312mm, for IT 470 mm NL, Cab.450mm",,,,Pc,4,2213.0,INR,False,73239390,2026-02-01,Pricelist -2026/Hettich Price List February 2026.pdf,165,9216602
hettich,Hettich,9216603,False,"CP Plain W 462mm, For IT 470 mm NL, Cab.600mm",,,,Pc,4,2653.0,INR,False,73239390,2026-02-01,Pricelist -2026/Hettich Price List February 2026.pdf,165,9216603
hettich,Hettich,9216604,False,"CP Plain W 762mm, For IT 470 mm NL, Cab.900mm",,,,Pc,4,3911.0,INR,False,73239390,2026-02-01,Pricelist -2026/Hettich Price List February 2026.pdf,165,9216604
hettich,Hettich,9216605,False,"CP Plain W 312mm, for IT 520 mm NL, Cab.450mm",,,,Pc,4,2333.0,INR,False,73239390,2026-02-01,Pricelist -2026/Hettich Price List February 2026.pdf,165,9216605
hettich,Hettich,9216606,False,"CP Plain W 462mm, For IT 520 mm NL, Cab.600mm",,,,Pc,4,2827.0,INR,False,73239390,2026-02-01,Pricelist -2026/Hettich Price List February 2026.pdf,165,9216606
hettich,Hettich,9216607,False,"CP Plain W 762mm, For IT 520 mm NL, Cab.900mm Order along with IT 470/520",,,,Pc,4,4003.0,INR,False,73239390,2026-02-01,Pricelist -2026/Hettich Price List February 2026.pdf,165,9216607
hettich,Hettich,9216608,False,"CP Thali W 312mm, for IT 470mm NL, Cab.450mm",,,,Pc,3,2903.0,INR,False,73239390,2026-02-01,Pricelist -2026/Hettich Price List February 2026.pdf,165,9216608
hettich,Hettich,9216611,False,"CP Thali W 312mm, for IT 520mm NL, Cab.450mm",,,,Pc,3,2652.0,INR,False,73239390,2026-02-01,Pricelist -2026/Hettich Price List February 2026.pdf,165,9216611
hettich,Hettich,9216614,False,"CP Thali W 462mm, For IT 470mm NL, Cab.600mm",,,,Pc,3,3283.0,INR,False,73239390,2026-02-01,Pricelist -2026/Hettich Price List February 2026.pdf,165,9216614
hettich,Hettich,9216617,False,"CP Thali W 462mm, For IT 520mm NL, Cab.600mm Order along with IT 470/520",,,,Pc,3,3471.0,INR,False,73239390,2026-02-01,Pricelist -2026/Hettich Price List February 2026.pdf,165,9216617
hettich,Hettich,9216609,False,"CP Plate W 312mm, for IT 470mm NL, Cab.450mm",,,,Pc,4,2653.0,INR,False,73239390,2026-02-01,Pricelist -2026/Hettich Price List February 2026.pdf,165,9216609
hettich,Hettich,9216612,False,"CP Plate W 312mm, for IT 520mm NL, Cab.450mm",,,,Pc,4,2737.0,INR,False,73239390,2026-02-01,Pricelist -2026/Hettich Price List February 2026.pdf,165,9216612
hettich,Hettich,9216615,False,"CP Plate W 462mm, For IT 470mm NL, Cab.600mm",,,,Pc,4,3190.0,INR,False,73239390,2026-02-01,Pricelist -2026/Hettich Price List February 2026.pdf,165,9216615
hettich,Hettich,9216618,False,"CP Plate W 462mm, For IT 520mm NL, Cab.600mm Order along with IT 470/520",,,,Pc,4,3788.0,INR,False,73239390,2026-02-01,Pricelist -2026/Hettich Price List February 2026.pdf,165,9216618
hettich,Hettich,9216610,False,"CP Cup & Saucer W 312mm, for IT 470mm NL, Cab.450 mm",,,,Pc,6,2526.0,INR,False,73239390,2026-02-01,Pricelist -2026/Hettich Price List February 2026.pdf,165,9216610
hettich,Hettich,9216613,False,"CP Cup & Saucer W 312mm, for IT 520mm NL, Cab.450 mm",,,,Pc,6,2642.0,INR,False,73239390,2026-02-01,Pricelist -2026/Hettich Price List February 2026.pdf,165,9216613
hettich,Hettich,9216616,False,"CP Cup & Saucer W 462mm, For IT 470mm NL, Cab.600 mm",,,,Pc,6,3039.0,INR,False,73239390,2026-02-01,Pricelist -2026/Hettich Price List February 2026.pdf,165,9216616
hettich,Hettich,9216619,False,"CP Cup & Saucer W 462mm, For IT 520mm NL, Cab.600 mm Order along with IT 470/520",,,,Pc,6,3612.0,INR,False,73239390,2026-02-01,Pricelist -2026/Hettich Price List February 2026.pdf,165,9216619
hettich,Hettich,9216620,False,"CP Thali/Plate W 762 mm, For IT 470 mm NL, Cab.900 mm",,,,Pc,3,4766.0,INR,False,73239390,2026-02-01,Pricelist -2026/Hettich Price List February 2026.pdf,165,9216620
hettich,Hettich,9216621,False,"CP Thali/Plate W 762 mm, For IT 520 mm NL, Cab.900 mm Order along with IT 470/520",,,,Pc,3,5001.0,INR,False,73239390,2026-02-01,Pricelist -2026/Hettich Price List February 2026.pdf,165,9216621
hettich,Hettich,9190382,False,CTM Plain (386x500x100) Cab.450 mm,,,,Pc,6,2500.0,INR,False,73239390,2026-02-01,Pricelist -2026/Hettich Price List February 2026.pdf,166,9190382
hettich,Hettich,9190383,False,CTM Plain (386x500x150) Cab.450 mm,,,,Pc,4,3030.0,INR,False,73239390,2026-02-01,Pricelist -2026/Hettich Price List February 2026.pdf,166,9190383
hettich,Hettich,9190384,False,CTM Plain (386x500x200) Cab.450 mm,,,,Pc,3,3445.0,INR,False,73239390,2026-02-01,Pricelist -2026/Hettich Price List February 2026.pdf,166,9190384
hettich,Hettich,9190385,False,CTM Plain (436x500x100) Cab.500 mm,,,,Pc,6,2614.0,INR,False,73239390,2026-02-01,Pricelist -2026/Hettich Price List February 2026.pdf,166,9190385
hettich,Hettich,9190386,False,CTM Plain (436x500x150) Cab.500 mm,,,,Pc,4,3086.0,INR,False,73239390,2026-02-01,Pricelist -2026/Hettich Price List February 2026.pdf,166,9190386
hettich,Hettich,9190387,False,CTM Plain (436x500x200) Cab.500 mm,,,,Pc,3,3771.0,INR,False,73239390,2026-02-01,Pricelist -2026/Hettich Price List February 2026.pdf,166,9190387
hettich,Hettich,9190388,False,CTM Plain (486x500x100) Cab.550 mm,,,,Pc,6,2748.0,INR,False,73239390,2026-02-01,Pricelist -2026/Hettich Price List February 2026.pdf,166,9190388
hettich,Hettich,9190389,False,CTM Plain (486x500x150) Cab.550 mm,,,,Pc,4,3320.0,INR,False,73239390,2026-02-01,Pricelist -2026/Hettich Price List February 2026.pdf,166,9190389
hettich,Hettich,9190390,False,CTM Plain (486x500x200) Cab.550 mm,,,,Pc,3,3942.0,INR,False,73239390,2026-02-01,Pricelist -2026/Hettich Price List February 2026.pdf,166,9190390
hettich,Hettich,9190401,False,CTM Plain (536x500x100) Cab.600 mm,,,,Pc,6,2543.0,INR,False,73239390,2026-02-01,Pricelist -2026/Hettich Price List February 2026.pdf,166,9190401
hettich,Hettich,9190402,False,CTM Plain (536x500x150) Cab.600 mm,,,,Pc,4,3053.0,INR,False,73239390,2026-02-01,Pricelist -2026/Hettich Price List February 2026.pdf,166,9190402
hettich,Hettich,9190403,False,CTM Plain (536x500x200) Cab.600 mm,,,,Pc,3,3561.0,INR,False,73239390,2026-02-01,Pricelist -2026/Hettich Price List February 2026.pdf,166,9190403
hettich,Hettich,9190404,False,CTM Plain (836x500x100) Cab.900 mm,,,,Pc,6,3759.0,INR,False,73239390,2026-02-01,Pricelist -2026/Hettich Price List February 2026.pdf,166,9190404
hettich,Hettich,9190405,False,CTM Plain (836x500x150) Cab.900 mm,,,,Pc,4,4541.0,INR,False,73239390,2026-02-01,Pricelist -2026/Hettich Price List February 2026.pdf,166,9190405
hettich,Hettich,9190406,False,CTM Plain (836x500x200) Cab.900 mm,,,,Pc,3,5385.0,INR,False,73239390,2026-02-01,Pricelist -2026/Hettich Price List February 2026.pdf,166,9190406
hettich,Hettich,9194315,False,CTM Thali (386x500x200) Cab.450 mm,,,,Pc,3,3750.0,INR,False,73239390,2026-02-01,Pricelist -2026/Hettich Price List February 2026.pdf,166,9194315
hettich,Hettich,9194317,False,CTM Thali (436x500x200) Cab.500 mm,,,,Pc,3,4059.0,INR,False,73239390,2026-02-01,Pricelist -2026/Hettich Price List February 2026.pdf,166,9194317
hettich,Hettich,9194319,False,CTM Thali (486x500x200) Cab.550 mm,,,,Pc,3,4420.0,INR,False,73239390,2026-02-01,Pricelist -2026/Hettich Price List February 2026.pdf,166,9194319
hettich,Hettich,9194314,False,CTM Cup & Saucer (386x500x100) Cab.450 mm,,,,Pc,6,3127.0,INR,False,73239390,2026-02-01,Pricelist -2026/Hettich Price List February 2026.pdf,166,9194314
hettich,Hettich,9194316,False,CTM Cup & Saucer/Jar (436x500x100) Cab.500 mm,,,,Pc,6,3097.0,INR,False,73239390,2026-02-01,Pricelist -2026/Hettich Price List February 2026.pdf,166,9194316
hettich,Hettich,9194318,False,CTM Cup & Saucer/Jar (486x500x100) Cab.550 mm,,,,Pc,6,3763.0,INR,False,73239390,2026-02-01,Pricelist -2026/Hettich Price List February 2026.pdf,166,9194318
hettich,Hettich,9194320,False,CTM Cup & Saucer/Jar (536x500x100) Cab.600 mm,,,,Pc,6,3763.0,INR,False,73239390,2026-02-01,Pricelist -2026/Hettich Price List February 2026.pdf,166,9194320
hettich,Hettich,9194321,False,CTM Thali/Jar (536x500x200) Cab.600 mm,,,,Pc,3,4521.0,INR,False,73239390,2026-02-01,Pricelist -2026/Hettich Price List February 2026.pdf,166,9194321
hettich,Hettich,9194322,False,CTM Thali/Plate/Jar (836x500x200) Cab.900 mm,,,,Pc,3,6397.0,INR,False,73239390,2026-02-01,Pricelist -2026/Hettich Price List February 2026.pdf,166,9194322
hettich,Hettich,9221242,False,Moving Corner Cargo Series set of 4 baskets - Chrome Finish,,,,Set,1,7821.0,INR,False,73239390,2026-02-01,Pricelist -2026/Hettich Price List February 2026.pdf,167,9221242
hettich,Hettich,9221243,False,Moving Corner Cargo Series Right mechanism - Chrome Finish,,,,Set,1,38120.0,INR,False,94039010,2026-02-01,Pricelist -2026/Hettich Price List February 2026.pdf,167,9221243
hettich,Hettich,9221244,False,Moving Corner Cargo Series Left mechanism - Chrome Finish Anthracite Finish Anthracite Finish Anthracite Finish,,,,Set,1,38120.0,INR,False,94039010,2026-02-01,Pricelist -2026/Hettich Price List February 2026.pdf,167,9221244
hettich,Hettich,70549,False,Carousel D-1/2 for Ø750 Arena Classic - Chrome Finish,,,,Set,1,52440.0,INR,False,94039010,2026-02-01,Pricelist -2026/Hettich Price List February 2026.pdf,167,70549
hettich,Hettich,70550,False,Carousel D-1/2 for Ø850 Arena Classic - Chrome Finish,,,,Set,1,56460.0,INR,False,94039010,2026-02-01,Pricelist -2026/Hettich Price List February 2026.pdf,167,70550
hettich,Hettich,9219462,False,Cargo 3/4 Carousel 2 Shelves 2 Flat Chrome White Base - Chrome Finish,,,,Set,1,32160.0,INR,False,94039010,2026-02-01,Pricelist -2026/Hettich Price List February 2026.pdf,167,9219462
hettich,Hettich,9219465,False,Cargo 3/4 Carousel M 2 Shelves 1 Round Chrome White Base - Chrome Finish,,,,Set,1,25730.0,INR,False,94039010,2026-02-01,Pricelist -2026/Hettich Price List February 2026.pdf,167,9219465
hettich,Hettich,9292174,False,Cargo 3/4 Carousel 2 Shelves 2 Flat -,,,,Set,1,32160.0,INR,False,94039010,2026-02-01,Pricelist -2026/Hettich Price List February 2026.pdf,167,9292174
hettich,Hettich,9292175,False,Cargo 3/4 Carousel M 2 Shelves 1 Round -,,,,Set,1,25730.0,INR,False,94039010,2026-02-01,Pricelist -2026/Hettich Price List February 2026.pdf,167,9292175
hettich,Hettich,9161971,False,CargoMan Corner Pull Out 450 LH,,,,,1,42030.0,INR,False,94039010,2026-02-01,Pricelist -2026/Hettich Price List February 2026.pdf,167,9161971
hettich,Hettich,9161972,False,CargoMan Corner Pull Out 450 RH,,,,,1,42030.0,INR,False,94039010,2026-02-01,Pricelist -2026/Hettich Price List February 2026.pdf,167,9161972
hettich,Hettich,9292162,False,CargoMan Corner Pull Out 450 LH,,,,,1,42030.0,INR,False,94039010,2026-02-01,Pricelist -2026/Hettich Price List February 2026.pdf,167,9292162
hettich,Hettich,9292163,False,CargoMan Corner Pull Out 450 RH,,,,,1,42030.0,INR,False,94039010,2026-02-01,Pricelist -2026/Hettich Price List February 2026.pdf,167,9292163
hettich,Hettich,9292164,False,CargoMan Corner Pull Out 500 LH,,,,,1,45400.0,INR,False,94039010,2026-02-01,Pricelist -2026/Hettich Price List February 2026.pdf,167,9292164
hettich,Hettich,9292165,False,CargoMan Corner Pull Out 500 RH,,,,,1,45400.0,INR,False,94039010,2026-02-01,Pricelist -2026/Hettich Price List February 2026.pdf,167,9292165
hettich,Hettich,9218025,False,CargoMan Soft Corner Pull Out 450 LH - Chrome Finish,,,,Set,1,46740.0,INR,False,94039010,2026-02-01,Pricelist -2026/Hettich Price List February 2026.pdf,168,9218025
hettich,Hettich,9218026,False,CargoMan Soft Corner Pull Out 450 RH - Chrome Finish CargoMan Soft Corner Pull Out 500 LH - Chrome Finish CargoMan Soft Corner Pull Out 500 RH - Chrome Finish,,,,Set,1,46740.0,INR,False,94039010,2026-02-01,Pricelist -2026/Hettich Price List February 2026.pdf,168,9218026
hettich,Hettich,9292166,False,CargoMan Soft Corner Pull Out 450 LH - Anthracite Finish,,,,Set,1,46740.0,INR,False,94039010,2026-02-01,Pricelist -2026/Hettich Price List February 2026.pdf,168,9292166
hettich,Hettich,9292167,False,CargoMan Soft Corner Pull Out 450 RH - Anthracite Finish,,,,Set,1,46740.0,INR,False,94039010,2026-02-01,Pricelist -2026/Hettich Price List February 2026.pdf,168,9292167
hettich,Hettich,9292168,False,CargoMan Soft Corner Pull Out 500 LH - Anthracite Finish,,,,Set,1,47630.0,INR,False,94039010,2026-02-01,Pricelist -2026/Hettich Price List February 2026.pdf,168,9292168
hettich,Hettich,9292169,False,CargoMan Soft Corner Pull Out 500 RH - Anthracite Finish,,,,Set,1,47630.0,INR,False,94039010,2026-02-01,Pricelist -2026/Hettich Price List February 2026.pdf,168,9292169
hettich,Hettich,9218021,False,CargoMan M Corner Pull Out 450 LH - Chrome Finish,,,,Set,1,33880.0,INR,False,94039010,2026-02-01,Pricelist -2026/Hettich Price List February 2026.pdf,168,9218021
hettich,Hettich,9218022,False,CargoMan M Corner Pull Out 450 RH - Chrome Finish CargoMan M Corner Pull Out 500 LH - Chrome Finish CargoMan M Corner Pull Out 500 RH - Chrome Finish,,,,Set,1,33880.0,INR,False,94039010,2026-02-01,Pricelist -2026/Hettich Price List February 2026.pdf,168,9218022
hettich,Hettich,9292170,False,CargoMan M Corner Pull Out 450 LH - Anthracite,,,,Set,1,33880.0,INR,False,94039010,2026-02-01,Pricelist -2026/Hettich Price List February 2026.pdf,168,9292170
hettich,Hettich,9292171,False,CargoMan M Corner Pull Out 450 RH - Anthracite,,,,Set,1,33880.0,INR,False,94039010,2026-02-01,Pricelist -2026/Hettich Price List February 2026.pdf,168,9292171
hettich,Hettich,9292172,False,CargoMan M Corner Pull Out 500 LH - Anthracite,,,,Set,1,35810.0,INR,False,94039010,2026-02-01,Pricelist -2026/Hettich Price List February 2026.pdf,168,9292172
hettich,Hettich,9292173,False,CargoMan M Corner Pull Out 500 RH - Anthracite,,,,Set,1,35810.0,INR,False,94039010,2026-02-01,Pricelist -2026/Hettich Price List February 2026.pdf,168,9292173
hettich,Hettich,9217143,False,Jar Rack,,,,,1,1575.0,INR,False,73239390,2026-02-01,Pricelist -2026/Hettich Price List February 2026.pdf,168,9217143
hettich,Hettich,9217145,False,"Multi Purpose Rack, 2-tier",,,,,1,1575.0,INR,False,73239390,2026-02-01,Pricelist -2026/Hettich Price List February 2026.pdf,168,9217145
hettich,Hettich,9217148,False,Oil Container Rack,,,,,1,1575.0,INR,False,73239390,2026-02-01,Pricelist -2026/Hettich Price List February 2026.pdf,168,9217148
hettich,Hettich,9217179,False,Saucer Rack,,,,,1,1801.0,INR,False,73239390,2026-02-01,Pricelist -2026/Hettich Price List February 2026.pdf,168,9217179
hettich,Hettich,9269987,False,Kitchen Roll Holder,,,,,1,2035.0,INR,False,73239390,2026-02-01,Pricelist -2026/Hettich Price List February 2026.pdf,168,9269987
hettich,Hettich,9267133,False,"Railing Set, 600 mm",,,,,1,3074.0,INR,False,83024200,2026-02-01,Pricelist -2026/Hettich Price List February 2026.pdf,168,9267133
hettich,Hettich,9267134,False,"Railing Set, 900 mm",,,,,1,3690.0,INR,False,83024200,2026-02-01,Pricelist -2026/Hettich Price List February 2026.pdf,168,9267134
hettich,Hettich,9267135,False,"Railing Set, 1200 mm",,,,,1,4306.0,INR,False,83024200,2026-02-01,Pricelist -2026/Hettich Price List February 2026.pdf,168,9267135
hettich,Hettich,9161045,False,For Cabinet width 150 mm,,,,Pc,4,7793.0,INR,False,73239390,2026-02-01,Pricelist -2026/Hettich Price List February 2026.pdf,169,9161045
hettich,Hettich,9161046,False,For Cabinet width 200 mm,,,,Pc,3,9162.0,INR,False,73239390,2026-02-01,Pricelist -2026/Hettich Price List February 2026.pdf,169,9161046
hettich,Hettich,9161047,False,For Cabinet width 300 mm,,,,Pc,2,10525.0,INR,False,73239390,2026-02-01,Pricelist -2026/Hettich Price List February 2026.pdf,169,9161047
hettich,Hettich,73280,False,"KA 5632, Zinc 450 mm",,,,Set,1,561.0,INR,False,83024200,2026-02-01,Pricelist -2026/Hettich Price List February 2026.pdf,169,73280
hettich,Hettich,9114275,False,"KA 4532, Silent 450 mm",,,,Set,1,1392.0,INR,False,83024200,2026-02-01,Pricelist -2026/Hettich Price List February 2026.pdf,169,9114275
hettich,Hettich,45291-L,False,Quadro full Extn.Silent System 450 mm 30 kg,,,,Pc,1,1608.0,INR,False,83024200,2026-02-01,Pricelist -2026/Hettich Price List February 2026.pdf,169,45291-L
hettich,Hettich,45291-R,False,Quadro full Extn.Silent System 450 mm 30 kg,,,,Pc,1,1608.0,INR,False,83024200,2026-02-01,Pricelist -2026/Hettich Price List February 2026.pdf,169,45291-R
hettich,Hettich,9191703,False,For Cabinet width 150 mm,,,,Pc,4,4331.0,INR,False,73239390,2026-02-01,Pricelist -2026/Hettich Price List February 2026.pdf,169,9191703
hettich,Hettich,9191708,False,For Cabinet width 200 mm,,,,Pc,3,5141.0,INR,False,73239390,2026-02-01,Pricelist -2026/Hettich Price List February 2026.pdf,169,9191708
hettich,Hettich,9247908,False,For Cabinet width 240 mm,,,,Pc,3,5715.0,INR,False,73239390,2026-02-01,Pricelist -2026/Hettich Price List February 2026.pdf,169,9247908
hettich,Hettich,9191711,False,For Cabinet width 300 mm,,,,Pc,2,5952.0,INR,False,73239390,2026-02-01,Pricelist -2026/Hettich Price List February 2026.pdf,169,9191711
hettich,Hettich,9210439,False,For Cabinet width 150 mm,,,,Pc,4,5154.0,INR,False,73239390,2026-02-01,Pricelist -2026/Hettich Price List February 2026.pdf,169,9210439
hettich,Hettich,9210441,False,For Cabinet width 200 mm,,,,Pc,3,5871.0,INR,False,73239390,2026-02-01,Pricelist -2026/Hettich Price List February 2026.pdf,169,9210441
hettich,Hettich,9210442,False,For Cabinet width 300 mm,,,,Pc,2,6435.0,INR,False,73239390,2026-02-01,Pricelist -2026/Hettich Price List February 2026.pdf,169,9210442
hettich,Hettich,9210445,False,Cylinder Trolley (Minimum cabinet width 400 mm),,,,Pc,1,1656.0,INR,False,73239390,2026-02-01,Pricelist -2026/Hettich Price List February 2026.pdf,170,9210445
hettich,Hettich,9062032,False,600 mm width,,,,Set,1,103250.0,INR,False,94039010,2026-02-01,Pricelist -2026/Hettich Price List February 2026.pdf,170,9062032
hettich,Hettich,9062035,False,900 mm width,,,,Set,1,124820.0,INR,False,94039010,2026-02-01,Pricelist -2026/Hettich Price List February 2026.pdf,170,9062035
hettich,Hettich,9079862,False,"1200X580 Polystyrene, aluminium look *Beech Runner included with above article codes",,,,Pc,1,4336.0,INR,False,94039090,2026-02-01,Pricelist -2026/Hettich Price List February 2026.pdf,170,9079862
hettich,Hettich,9343581,False,"Body Stainless steel with Black plastic Bin, 13 litres capacity (Min. cabinet width 365 mm)",,,,Set,1,3768.0,INR,False,73239990,2026-02-01,Pricelist -2026/Hettich Price List February 2026.pdf,170,9343581
hettich,Hettich,9079929,False,BIN.IT EASY 2x7.5l,,,,Set,1,13472.0,INR,False,39249000,2026-02-01,Pricelist -2026/Hettich Price List February 2026.pdf,170,9079929
hettich,Hettich,9236364,False,450 410 1215 4-tier,,,,Set,1,58680.0,INR,False,94039010,2026-02-01,Pricelist -2026/Hettich Price List February 2026.pdf,171,9236364
hettich,Hettich,9236366,False,450 410 1800 6-tier,,,,Set,1,60572.0,INR,False,94039010,2026-02-01,Pricelist -2026/Hettich Price List February 2026.pdf,171,9236366
hettich,Hettich,9236365,False,600 560 1215 4-tier,,,,Set,1,58680.0,INR,False,94039010,2026-02-01,Pricelist -2026/Hettich Price List February 2026.pdf,171,9236365
hettich,Hettich,9236367,False,600 560 1800 6-tier,,,,Set,1,60572.0,INR,False,94039010,2026-02-01,Pricelist -2026/Hettich Price List February 2026.pdf,171,9236367
hettich,Hettich,9235979,False,,,,,Set,2,3210.0,INR,False,73239390,2026-02-01,Pricelist -2026/Hettich Price List February 2026.pdf,171,9235979
hettich,Hettich,9235980,False,,,,,Set,2,4022.0,INR,False,73239390,2026-02-01,Pricelist -2026/Hettich Price List February 2026.pdf,171,9235980
hettich,Hettich,9236391,False,Cargo Larder Basket Holder,,,,Set,1,470.0,INR,False,94039010,2026-02-01,Pricelist -2026/Hettich Price List February 2026.pdf,171,9236391
hettich,Hettich,9236381,False,Cargo Larder full ext. runner 300 mm (width),,,,Set,1,29060.0,INR,False,94039010,2026-02-01,Pricelist -2026/Hettich Price List February 2026.pdf,171,9236381
hettich,Hettich,9236382,False,Cargo Larder full ext. runner 400 mm (width),,,,Set,1,29060.0,INR,False,94039010,2026-02-01,Pricelist -2026/Hettich Price List February 2026.pdf,171,9236382
hettich,Hettich,9236383,False,Cargo Larder full ext. runner 450 mm (width),,,,Set,1,29060.0,INR,False,94039010,2026-02-01,Pricelist -2026/Hettich Price List February 2026.pdf,171,9236383
hettich,Hettich,9236386,False,Cargo Larder full ext. runner 300 mm (width),,,,Set,1,35180.0,INR,False,94039010,2026-02-01,Pricelist -2026/Hettich Price List February 2026.pdf,171,9236386
hettich,Hettich,9236387,False,Cargo Larder full ext. runner 400 mm (width),,,,Set,1,35180.0,INR,False,94039010,2026-02-01,Pricelist -2026/Hettich Price List February 2026.pdf,171,9236387
hettich,Hettich,9236388,False,Cargo Larder full ext. runner 450 mm (width),,,,Set,1,35180.0,INR,False,94039010,2026-02-01,Pricelist -2026/Hettich Price List February 2026.pdf,171,9236388
hettich,Hettich,9235981,False,Stainless Steel Baskets 300 (230 x 435 x 115),,,,Pc,4,2936.0,INR,False,73239390,2026-02-01,Pricelist -2026/Hettich Price List February 2026.pdf,171,9235981
hettich,Hettich,9235982,False,Stainless Steel Baskets 400 ( 330 x 435 x 115),,,,Pc,4,3132.0,INR,False,73239390,2026-02-01,Pricelist -2026/Hettich Price List February 2026.pdf,171,9235982
hettich,Hettich,9235983,False,Stainless Steel Baskets 450 ( 380 x 435 x 115),,,,Pc,4,3326.0,INR,False,73239390,2026-02-01,Pricelist -2026/Hettich Price List February 2026.pdf,171,9235983
hettich,Hettich,9236379,False,262 (mm) 300 (mm) 362 (mm) 400 (mm) 412 (mm) 450 (mm),,,,Set,1,15250.0,INR,False,94039010,2026-02-01,Pricelist -2026/Hettich Price List February 2026.pdf,171,9236379
hettich,Hettich,9236380,False,262 (mm) 300 (mm) 362 (mm) 400 (mm) 412 (mm) 450 (mm),,,,Set,1,15250.0,INR,False,94039010,2026-02-01,Pricelist -2026/Hettich Price List February 2026.pdf,171,9236380
hettich,Hettich,9381098,False,Orta frame DW450 LH/RH anthracite,,,,Pc,1,45000.0,INR,False,94039910,2026-02-01,Pricelist -2026/Hettich Price List February 2026.pdf,173,9381098
hettich,Hettich,9381114,False,Orta shelf set 400 DW450 anthracite,,,,Pc,1,15000.0,INR,False,94039910,2026-02-01,Pricelist -2026/Hettich Price List February 2026.pdf,173,9381114
hettich,Hettich,9383758,False,Iseo frame set H1700 CW450 anthracite,,,,Set,1,40500.0,INR,False,94039910,2026-02-01,Pricelist -2026/Hettich Price List February 2026.pdf,173,9383758
hettich,Hettich,9391894,False,Iseo basket set 2+2 400 CW450 anthracite,,,,Set,1,58500.0,INR,False,94039910,2026-02-01,Pricelist -2026/Hettich Price List February 2026.pdf,173,9391894
hettich,Hettich,9381009,False,Iseo frame set H1700 CW600 anthracite,,,,Pc,1,42000.0,INR,False,94039910,2026-02-01,Pricelist -2026/Hettich Price List February 2026.pdf,173,9381009
hettich,Hettich,9381011,False,Iseo basket set 2+2 400 CW600 anthracite,,,,Pc,1,63000.0,INR,False,94039910,2026-02-01,Pricelist -2026/Hettich Price List February 2026.pdf,173,9381011
hettich,Hettich,9380989,False,Olona full ext.runner 100KG SiSy anthracite,,,,Set,1,22000.0,INR,False,94039910,2026-02-01,Pricelist -2026/Hettich Price List February 2026.pdf,173,9380989
hettich,Hettich,9380998,False,Olona frame H1900-2250 CW300 anthracite,,,,Set,1,25000.0,INR,False,94039910,2026-02-01,Pricelist -2026/Hettich Price List February 2026.pdf,173,9380998
hettich,Hettich,9381006,False,Olona clip-on shelf 400 CW300 anthracite,,,,Pc,1,25500.0,INR,False,94039910,2026-02-01,Pricelist -2026/Hettich Price List February 2026.pdf,173,9381006
hettich,Hettich,9380999,False,Olona frame H1900-2250 CW400 anthracite,,,,Set,1,25000.0,INR,False,94039910,2026-02-01,Pricelist -2026/Hettich Price List February 2026.pdf,173,9380999
hettich,Hettich,9381007,False,Olona clip-on shelf 400 CW400 anthracite,,,,Pc,1,27000.0,INR,False,94039910,2026-02-01,Pricelist -2026/Hettich Price List February 2026.pdf,173,9381007
hettich,Hettich,9412301,False,Lissa Dish Drainer 600 mm,,,,Set,1,4600.0,INR,False,94039910,2026-02-01,Pricelist -2026/Hettich Price List February 2026.pdf,173,9412301
hettich,Hettich,9412302,False,Lissa Dish Drainer 900 mm,,,,Set,1,6100.0,INR,False,94039910,2026-02-01,Pricelist -2026/Hettich Price List February 2026.pdf,173,9412302
hettich,Hettich,9381058,False,Salso fitting set DW450/500 RH anthracite,,,,Set,1,45000.0,INR,False,94039910,2026-02-01,Pricelist -2026/Hettich Price List February 2026.pdf,173,9381058
hettich,Hettich,9381088,False,Salso shelf set 400 DW450 RH anthracite,,,,Set,1,30000.0,INR,False,94039910,2026-02-01,Pricelist -2026/Hettich Price List February 2026.pdf,173,9381088
hettich,Hettich,9381057,False,Salso fitting set DW450/500 LH anthracite,,,,Set,1,45000.0,INR,False,94039910,2026-02-01,Pricelist -2026/Hettich Price List February 2026.pdf,173,9381057
hettich,Hettich,9381087,False,Salso shelf set 400 DW450 LH anthracite,,,,Set,1,30000.0,INR,False,94039910,2026-02-01,Pricelist -2026/Hettich Price List February 2026.pdf,173,9381087
hettich,Hettich,9079878,False,Duo Lift 10 (10 kg) Inside cabinet width 750-1170 mm,,,,Pc,1,8780.0,INR,False,83024200,2026-02-01,Pricelist -2026/Hettich Price List February 2026.pdf,174,9079878
hettich,Hettich,42507,False,Duo Lift 15 (15 kg) Inside cabinet width 750-1150 mm,,,,Pc,1,10540.0,INR,False,83024200,2026-02-01,Pricelist -2026/Hettich Price List February 2026.pdf,174,42507
hettich,Hettich,9079882,False,Duo Lift 18 (18 kg) Inside cabinet width 750-1150 mm,,,,Pc,1,15520.0,INR,False,83024200,2026-02-01,Pricelist -2026/Hettich Price List February 2026.pdf,174,9079882
hettich,Hettich,9341248,False,Oval cabinet rail 2000 mm Chrome Gloss,,,,Pc,10,1314.0,INR,False,83024200,2026-02-01,Pricelist -2026/Hettich Price List February 2026.pdf,174,9341248
hettich,Hettich,9343727,False,Cabinet rail Support SL 322 (3 screw holes),,,,Pc,10,36.0,INR,False,83024200,2026-02-01,Pricelist -2026/Hettich Price List February 2026.pdf,174,9343727
hettich,Hettich,70666,False,Cabinet rail Support SL 323 (2 pins+1 screw hole),,,,Pc,10,42.0,INR,False,83024200,2026-02-01,Pricelist -2026/Hettich Price List February 2026.pdf,174,70666
hettich,Hettich,70668,False,Sl786 DD OVAL NICKEL,,,,Pc,50,104.0,INR,False,83024200,2026-02-01,Pricelist -2026/Hettich Price List February 2026.pdf,174,70668
hettich,Hettich,9315928,False,Ironing Board Extension (Minimum inside cabinet width 360 - 468 mm),,,,Set,1,22012.0,INR,False,94039090,2026-02-01,Pricelist -2026/Hettich Price List February 2026.pdf,174,9315928
hettich,Hettich,42474,False,Shoe cabinet fitting,,,,Set,1,1337.0,INR,False,39263000,2026-02-01,Pricelist -2026/Hettich Price List February 2026.pdf,174,42474
hettich,Hettich,9209340,False,Cargo Pull Out Shoe Rack with accessory plate. For internal cabinet height 750 mm ( W X D X H ) - 279 x 500 x 580 mm (KA runner & clamps to be ordered separately),,,,Set,1,7470.0,INR,False,73262090,2026-02-01,Pricelist -2026/Hettich Price List February 2026.pdf,174,9209340
hettich,Hettich,9217067,False,For 600 mm cabinet width with accessory plate.,,,,Set,1,6175.0,INR,False,73262090,2026-02-01,Pricelist -2026/Hettich Price List February 2026.pdf,174,9217067
hettich,Hettich,9211635,False,For 900 mm cabinet width with accessory plate. (KA / Quadro runner & clamps to be ordered separately),,,,Set,1,7733.0,INR,False,73262090,2026-02-01,Pricelist -2026/Hettich Price List February 2026.pdf,174,9211635
hettich,Hettich,9209345,False,"W 536 mm x D 500 x H 41, Cabinet 600 mm",,,,Set,1,6575.0,INR,False,73262090,2026-02-01,Pricelist -2026/Hettich Price List February 2026.pdf,174,9209345
hettich,Hettich,9210438,False,W 686 mm x D 500 x H 41 mm Cab.750 mm,,,,Set,1,7386.0,INR,False,73262090,2026-02-01,Pricelist -2026/Hettich Price List February 2026.pdf,174,9210438
hettich,Hettich,9209348,False,"W 836 mm x D 500 x H 41, Cabinet 900 mm",,,,Set,1,8206.0,INR,False,73262090,2026-02-01,Pricelist -2026/Hettich Price List February 2026.pdf,174,9209348
hettich,Hettich,9221098,False,Cargo trouser pull out ( W X D X H ) - 536 x 500 x 120 mm,,,,Pc,1,9189.0,INR,False,73262090,2026-02-01,Pricelist -2026/Hettich Price List February 2026.pdf,175,9221098
hettich,Hettich,9236898,False,Cargo trouser pull out ( W X D X H ) - 836 x 500 x 120 mm (KA runner & clamps to be ordered separately),,,,Pc,1,13612.0,INR,False,73262090,2026-02-01,Pricelist -2026/Hettich Price List February 2026.pdf,175,9236898
hettich,Hettich,9243990,False,Cargo trouser pull out ( W X D X H ) - 340 x 500 x 142 mm (KA runner & clamps to be ordered separately),,,,Pc,1,7952.0,INR,False,73262090,2026-02-01,Pricelist -2026/Hettich Price List February 2026.pdf,175,9243990
hettich,Hettich,9221099,False,Cargo tie & belt pull out ( W X D X H ) - 125 x 500 x 100 mm (KA runner & clamps to be ordered separately),,,,Pc,1,7864.0,INR,False,73262090,2026-02-01,Pricelist -2026/Hettich Price List February 2026.pdf,175,9221099
hettich,Hettich,9243991,False,Cargo tie & belt pull out M ( W X D X H ) - 110 x 500 x 68 mm (KA runner & clamps to be ordered separately),,,,Pc,1,6626.0,INR,False,73262090,2026-02-01,Pricelist -2026/Hettich Price List February 2026.pdf,175,9243991
hettich,Hettich,9243992,False,Cargo wall shoe rack (M) ( W X D X H ) - 500 x 210 x 238 mm (KA runner & clamps to be ordered separately) ( W X D X H ) - 220 x 500 x 580 mm (KA runner & clamps to be ordered separately),,,,Pc,1,4367.0,INR,False,73262090,2026-02-01,Pricelist -2026/Hettich Price List February 2026.pdf,175,9243992
hettich,Hettich,25090,False,Safety 5 mm White 100,,,,500,,400.0,INR,False,83024200,2026-02-01,Pricelist -2026/Hettich Price List February 2026.pdf,176,25090
hettich,Hettich,9010111,False,Sekura 2.1 Nickel 100,,,,1000,,800.0,INR,False,83024200,2026-02-01,Pricelist -2026/Hettich Price List February 2026.pdf,176,9010111
hettich,Hettich,9005558,False,Support Sekura6 Nickel 100,,,,500,,1400.0,INR,False,83024200,2026-02-01,Pricelist -2026/Hettich Price List February 2026.pdf,176,9005558
hettich,Hettich,9010110,False,Sekura1.1 Nickel 100,,,,1000,,900.0,INR,False,83021090,2026-02-01,Pricelist -2026/Hettich Price List February 2026.pdf,176,9010110
hettich,Hettich,9007651,False,Rail B 3000 mm Zinc 1,,,,50,,1172.0,INR,False,83024200,2026-02-01,Pricelist -2026/Hettich Price List February 2026.pdf,176,9007651
hettich,Hettich,9208678,False,Rail L 130 mm Zinc 1,,,,50,,108.0,INR,False,83024200,2026-02-01,Pricelist -2026/Hettich Price List February 2026.pdf,176,9208678
hettich,Hettich,46103,False,Suspension Hook Ø6 X 50 mm + 100 Wall pulg Ø8 X 40 mm,,,,100,,2600.0,INR,False,83024200,2026-02-01,Pricelist -2026/Hettich Price List February 2026.pdf,176,46103
hettich,Hettich,65480,False,Special screw Ø5.5 x 50 mm + 100 Wall pulg Ø8 X 40 mm,,,,100,,2800.0,INR,False,83024200,2026-02-01,Pricelist -2026/Hettich Price List February 2026.pdf,176,65480
hettich,Hettich,9047865,False,Twister screw in Dowel DU644 - M6 x 7.8 mm 1,,,,2000,,6.0,INR,False,73181499,2026-02-01,Pricelist -2026/Hettich Price List February 2026.pdf,177,9047865
hettich,Hettich,9298671,False,"Socket No.33 - 10 mm, Plastic 1",,,,"2,000",,3.0,INR,False,39269097,2026-02-01,Pricelist -2026/Hettich Price List February 2026.pdf,177,9298671
hettich,Hettich,9298672,False,Socket (Plastic) no. 49 M6 - 8 mm,,,,"Pc 2,000",,2.0,INR,False,39269097,2026-02-01,Pricelist -2026/Hettich Price List February 2026.pdf,177,9298672
hettich,Hettich,1008524,False,Cover Cap Rastex 15 White,,,,Pc 5000,,100.0,INR,False,39269097,2026-02-01,Pricelist -2026/Hettich Price List February 2026.pdf,177,1008524
hettich,Hettich,1008525,False,Cover Cap Rastex 15 Brown,,,,Pc 5000,,100.0,INR,False,39269097,2026-02-01,Pricelist -2026/Hettich Price List February 2026.pdf,177,1008525
hettich,Hettich,1009563,False,Cover Cap Rastex 15 Black circle ring,,,,Pc 5000,,100.0,INR,False,39269097,2026-02-01,Pricelist -2026/Hettich Price List February 2026.pdf,177,1009563
hettich,Hettich,47454,False,"VB 21 for 19 - 20 mm shelves, without rib.",,,,Pc 200,,79.0,INR,False,83024200,2026-02-01,Pricelist -2026/Hettich Price List February 2026.pdf,177,47454
hettich,Hettich,65529,False,"VB 36 / 19 for 19 mm shelves, without rib nickel plated",,,,Pc 200,,72.0,INR,False,83024200,2026-02-01,Pricelist -2026/Hettich Price List February 2026.pdf,177,65529
hettich,Hettich,9039828,False,"Screw in dowel DU 327 Steel Bright, Drill dia 5 mm",,,,Pc 5000,,760.0,INR,False,73181499,2026-02-01,Pricelist -2026/Hettich Price List February 2026.pdf,177,9039828
hettich,Hettich,9116929,False,"VB 35 / 19 for 19 mm shelves, without rib. White",,,,Pc 1000,,17.0,INR,False,94039010,2026-02-01,Pricelist -2026/Hettich Price List February 2026.pdf,177,9116929
hettich,Hettich,65513,False,"VB 35 / 19 for 19 mm shelves, without rib. nickel plated",,,,Pc 200,,48.0,INR,False,83024200,2026-02-01,Pricelist -2026/Hettich Price List February 2026.pdf,177,65513
hettich,Hettich,74688,False,"Screw in dowel DU 321, Drill dia 5 mm",,,,Pc 200,,860.0,INR,False,83024200,2026-02-01,Pricelist -2026/Hettich Price List February 2026.pdf,177,74688
hettich,Hettich,79438,False,Rear-panel connector RV 8,,,,Pc 200,,600.0,INR,False,94039090,2026-02-01,Pricelist -2026/Hettich Price List February 2026.pdf,177,79438
hettich,Hettich,9060089,False,"Franko-Flex 90°, 10 Positions (44745) 1",,,,50,,960.0,INR,False,83024200,2026-02-01,Pricelist -2026/Hettich Price List February 2026.pdf,178,9060089
hettich,Hettich,9130900,False,Cover Cap Chrome for Round Link Vario-Flex 1,,,,200,,215.0,INR,False,83024200,2026-02-01,Pricelist -2026/Hettich Price List February 2026.pdf,178,9130900
hettich,Hettich,9125137,False,Vario-Flex 0-90° with Round Link Chromed 1,,,,25,,1140.0,INR,False,83024200,2026-02-01,Pricelist -2026/Hettich Price List February 2026.pdf,178,9125137
hettich,Hettich,9125138,False,Vario-Flex 270-360° with Round Link Chromed 1,,,,25,,1140.0,INR,False,83024200,2026-02-01,Pricelist -2026/Hettich Price List February 2026.pdf,178,9125138
hettich,Hettich,9402569,False,VHS 32/35 28-36 mm 100,,,,1000,,567.0,INR,False,73181692,2026-02-01,Pricelist -2026/Hettich Price List February 2026.pdf,178,9402569
hettich,Hettich,9402570,False,VHS 32/35 36-44 mm 100,,,,1000,,740.0,INR,False,73181900,2026-02-01,Pricelist -2026/Hettich Price List February 2026.pdf,178,9402570
hettich,Hettich,9402568,False,VHS Screw SMG M4x15 100 (To be ordered along with VHS 32/35),,,,1000,,200.0,INR,False,73181558,2026-02-01,Pricelist -2026/Hettich Price List February 2026.pdf,178,9402568
hettich,Hettich,9302837,False,Universal angle 31x31 mm 100,,,,100,,1500.0,INR,False,83024200,2026-02-01,Pricelist -2026/Hettich Price List February 2026.pdf,178,9302837
hettich,Hettich,9302840,False,Universal Angle 41x41 mm 100,,,,100,,1600.0,INR,False,83024200,2026-02-01,Pricelist -2026/Hettich Price List February 2026.pdf,178,9302840
hettich,Hettich,9290706,False,Wooden Dowel 8.0 X 30 mm 100,,,,2000,,91.0,INR,False,44219999,2026-02-01,Pricelist -2026/Hettich Price List February 2026.pdf,178,9290706
hettich,Hettich,9102465,False,Wooden Dowel 8.0 X 40 mm 100,,,,2000,,91.0,INR,False,44219999,2026-02-01,Pricelist -2026/Hettich Price List February 2026.pdf,178,9102465
hettich,Hettich,9290708,False,Wooden Dowel 6.0 X 35 mm 100,,,,2000,,80.0,INR,False,44219999,2026-02-01,Pricelist -2026/Hettich Price List February 2026.pdf,178,9290708
hettich,Hettich,9242840,False,Total,,,,,,98890.0,INR,False,,2026-02-01,Pricelist -2026/Hettich Price List February 2026.pdf,179,9242840
hettich,Hettich,43635,False,Multi-Purpose Square Lock 22mm - 200 KC,,,,100,,251.0,INR,False,83013000,2026-02-01,Pricelist -2026/Hettich Price List February 2026.pdf,179,43635
hettich,Hettich,9110389,False,Multi-Purpose Square Lock 32mm - 200 KC,,,,100,,288.0,INR,False,83013000,2026-02-01,Pricelist -2026/Hettich Price List February 2026.pdf,179,9110389
hettich,Hettich,9246395,False,Multi-Purpose Square Lock 22mm - 400 KC with Foldable & Master key,,,,100,,288.0,INR,False,83013000,2026-02-01,Pricelist -2026/Hettich Price List February 2026.pdf,179,9246395
hettich,Hettich,9259400,False,Multi-drawer Pedestal Lock 22 mm - 200 KC,,,,100,,211.0,INR,False,83013000,2026-02-01,Pricelist -2026/Hettich Price List February 2026.pdf,179,9259400
hettich,Hettich,9289652,False,Multi-drawer Pedestal Lock 22 mm - 400 KC with Foldable Key and Master Key,,,,200,,236.0,INR,False,83013000,2026-02-01,Pricelist -2026/Hettich Price List February 2026.pdf,179,9289652
hettich,Hettich,9259415,False,MD Lock Accessories & Rod,,,,100,,214.0,INR,False,83016000,2026-02-01,Pricelist -2026/Hettich Price List February 2026.pdf,179,9259415
hettich,Hettich,30125,False,Stop bracket Type-3011 (For Multi Purpose Locks) Key & Accessories Key & Accessories Note: } Order model no. 908L for using on right side of cabinet } Order model no. 908R for using on left side of cabinet,,,,100,,460.0,INR,False,83024200,2026-02-01,Pricelist -2026/Hettich Price List February 2026.pdf,179,30125
hettich,Hettich,38.8,False,SS 9345496* 9345496* Grey 9345497* 9345497* BC 9345499* 9345499* Rose 9345500* 9345500* Golden 9345501* 9345501* Ch 9345487* 9345487* SS 9345488* 9345488* Grey 9345489* 9345489* Copper 9345490* 9345490* BC 9345611* 9345611* Rose 9345612* 9345612* Golden 9345613* 9345613* MB 9345614* 9345614* BC 9345619* 9345619* Rose 9345620* 9345620* Golden 9345621* 9345621* MB 9345622* 9345622* SS 9345624* 9345624* Grey 9345625* 9345625* BC 9345627* 9345627* Rose 9345628* 9345628* Golden 9345629* 9345629* MB 9345878* 9345878* Ch 9345879* 9345879*,,,,Pc 4,,5874.0,INR,False,76042990,2026-02-01,Pricelist -2026/Hettich Price List February 2026.pdf,183,38.8
hettich,Hettich,18.4,False,SS 9345880* 9345880*,,,,Pc 4,,5188.0,INR,False,76042990,2026-02-01,Pricelist -2026/Hettich Price List February 2026.pdf,183,18.4
hettich,Hettich,11.9,False,Grey 9345881* 9345881* BC 9345883* 9345883* Rose 9345884* 9345884* Golden 9345885* 9345885* MB 9345858* 9345858* Ch 9345859* 9345859* SS 9345860* 9345860* Grey 9345871* 9345871* Copper 9345872* 9345872* Rose 9345875* 9345875* Golden 9345876* 9345876*,,,,Pc 4,,5188.0,INR,False,76042990,2026-02-01,Pricelist -2026/Hettich Price List February 2026.pdf,183,11.9
hettich,Hettich,8.2,False,SS 9345656* 9345656* Grey 9345657* 9345657* Copper 9345658* 9345658* BC 9345659* 9345659* Rose 9345660* 9345660* Golden 9345741* 9345741*,,,,Pc 8,,1920.0,INR,False,76042990,2026-02-01,Pricelist -2026/Hettich Price List February 2026.pdf,184,8.2
hettich,Hettich,21.5,False,MB 9345742* 9345742* Ch 9345743* 9345743* SS 9345744* 9345744* Grey 9345745* 9345745* Copper 9345746* 9345746* Rose 9345748* 9345748* Golden 9345749* 9345749*,,,,Pc 8,,3620.0,INR,False,76042990,2026-02-01,Pricelist -2026/Hettich Price List February 2026.pdf,184,21.5
hettich,Hettich,21.2,False,SS 9307827 9307827 DC 9310254 9310254 SA 9283485 9283485 4 mm 45 mm SS 9307830 9307830 BL 9307847 9307847 4 mm 55 mm SA 9283474 9283474 SA 9283494 9283494 4 mm 45 mm SS 9307849 9307849 BL 9307851 9307851 DC 9322379 9322379 6 mm 45 mm SA 9283490 9283490,,,,Pc 4,,5020.0,INR,False,76042990,2026-02-01,Pricelist -2026/Hettich Price List February 2026.pdf,187,21.2
hettich,Hettich,11.5,False,SS 9299208 9299208 thickness DC 9310262 9310262 SA 9283500 9283500,,,,,8,980.0,INR,False,76042990,2026-02-01,Pricelist -2026/Hettich Price List February 2026.pdf,189,11.5
hettich,Hettich,20.6,False,DC 9310426 9310426 SA 9283516 9283516,,,,,10,3320.0,INR,False,76042990,2026-02-01,Pricelist -2026/Hettich Price List February 2026.pdf,190,20.6
hettich,Hettich,56.9,False,3000 SS 9299222 9299222 BL 9299225 9299225 DC 9310427 9310427 SA 9293474 9293474 3000,,,,,10,2630.0,INR,False,76042990,2026-02-01,Pricelist -2026/Hettich Price List February 2026.pdf,190,56.9
hettich,Hettich,22.5,False,Profile SA 9283502 9283502 height 40 mm & BL 9302228 9302228 DC 9322412 9322412 Profile SA 9283503 9283503 height 35 mm & DC 9310266 9310266,,,,Pc,4,5940.0,INR,False,76042990,2026-02-01,Pricelist -2026/Hettich Price List February 2026.pdf,192,22.5
hettich,Hettich,1180122,False,96 Nickel Matt,,,,Pc,200,80.0,INR,False,83024200,2026-02-01,Pricelist -2026/Hettich Price List February 2026.pdf,194,1180122
hettich,Hettich,1180121,False,128 Nickel Matt,,,,Pc,150,126.0,INR,False,83024200,2026-02-01,Pricelist -2026/Hettich Price List February 2026.pdf,194,1180121
hettich,Hettich,1180167,False,96 Nickel Matt,,,,Pc,200,96.0,INR,False,83024200,2026-02-01,Pricelist -2026/Hettich Price List February 2026.pdf,194,1180167
hettich,Hettich,1180166,False,128 Nickel Matt,,,,Pc,125,133.0,INR,False,83024200,2026-02-01,Pricelist -2026/Hettich Price List February 2026.pdf,194,1180166
hettich,Hettich,9995780,False,160 Bright Chrome,,,,Pc,30,273.0,INR,False,83024200,2026-02-01,Pricelist -2026/Hettich Price List February 2026.pdf,194,9995780
hettich,Hettich,1170155,False,160 Stainless steel Steel,,,,Pc,30,390.0,INR,False,83024200,2026-02-01,Pricelist -2026/Hettich Price List February 2026.pdf,194,1170155
hettich,Hettich,9307899,False,Basic Profile Black Finish (3000 mm length),,,,4,,3760.0,INR,False,76042100,2026-02-01,Pricelist -2026/Hettich Price List February 2026.pdf,197,9307899
hettich,Hettich,9321241,False,Wood Profile for 18 mm Black Finish panels (3000 mm length),,,,4,,4600.0,INR,False,76042100,2026-02-01,Pricelist -2026/Hettich Price List February 2026.pdf,197,9321241
hettich,Hettich,9321243,False,Glass/Wood Profile for Black Finish 6/10 mm panels (3000 mm length),,,,4,,4600.0,INR,False,76042100,2026-02-01,Pricelist -2026/Hettich Price List February 2026.pdf,197,9321243
hettich,Hettich,9307882,False,Double connector 2 way Black Finish,,,,1,,249.0,INR,False,83024200,2026-02-01,Pricelist -2026/Hettich Price List February 2026.pdf,197,9307882
hettich,Hettich,9307884,False,Triple 2D connector 3 way Black Finish,,,,1,,249.0,INR,False,83024200,2026-02-01,Pricelist -2026/Hettich Price List February 2026.pdf,197,9307884
hettich,Hettich,9307886,False,Triple 3D Connector 3 Way Black Finish,,,,1,,249.0,INR,False,83024200,2026-02-01,Pricelist -2026/Hettich Price List February 2026.pdf,197,9307886
hettich,Hettich,9307888,False,Quadruple Connector 4 Way Black Finish,,,,1,,249.0,INR,False,83024200,2026-02-01,Pricelist -2026/Hettich Price List February 2026.pdf,197,9307888
hettich,Hettich,9307890,False,Quintuple connector 5 way Black Finish,,,,1,,249.0,INR,False,83024200,2026-02-01,Pricelist -2026/Hettich Price List February 2026.pdf,197,9307890
hettich,Hettich,9307892,False,Fixing Screw M4x16mm Steel Black Finish,,,,,200,5.0,INR,False,73181558,2026-02-01,Pricelist -2026/Hettich Price List February 2026.pdf,197,9307892
hettich,Hettich,9307893,False,Cover Cap for M4 Screw Black Finish,,,,,200,2.0,INR,False,39263000,2026-02-01,Pricelist -2026/Hettich Price List February 2026.pdf,197,9307893
hettich,Hettich,9319027,False,"Set of wall mounting, - pan head screw and wall plug",,,,,1,116.0,INR,False,83024200,2026-02-01,Pricelist -2026/Hettich Price List February 2026.pdf,197,9319027
hettich,Hettich,9314947,False,Support (Buffer) for glass Translucent shelf 6 mm dia stick on,,,,,5,10.0,INR,False,39269097,2026-02-01,Pricelist -2026/Hettich Price List February 2026.pdf,197,9314947
hettich,Hettich,9321395,False,Module 1: W300 x D300 x H300 mm (With Wooden Shelf) Wooden Shelf not included. Required size (258 x 258 x 18 mm) - 2 Pc,,,,Set 1,,4215.0,INR,False,76042100,2026-02-01,Pricelist -2026/Hettich Price List February 2026.pdf,198,9321395
hettich,Hettich,9321421,False,Module 1: W300 x D300 x H300 mm (With Glass Shelf) Glass not included. Required size (258 x 258 x 6 mm) - 2 Pc,,,,Set 1,,4215.0,INR,False,76042100,2026-02-01,Pricelist -2026/Hettich Price List February 2026.pdf,198,9321421
hettich,Hettich,9321396,False,Module 2: W600 x D300 x H300 mm (With Wooden Shelf) Wooden Shelf not included. Required size (558 x 258 x 18 mm) - 2 Pc,,,,Set 1,,4961.0,INR,False,76042100,2026-02-01,Pricelist -2026/Hettich Price List February 2026.pdf,198,9321396
hettich,Hettich,9321422,False,Module 2: W600 x D300 x H300 mm (With Glass Shelf) Glass not included. Required size (558 x 258 x 6 mm) - 2 Pc,,,,Set 1,,4961.0,INR,False,76042100,2026-02-01,Pricelist -2026/Hettich Price List February 2026.pdf,198,9321422
hettich,Hettich,9321397,False,Module 3: W750 x D300 x H300 mm (With Wooden Shelf) Wooden Shelf not included. Required size (708 x 258 x 18 mm) - 2 Pc,,,,Set 1,,5333.0,INR,False,76042100,2026-02-01,Pricelist -2026/Hettich Price List February 2026.pdf,198,9321397
hettich,Hettich,9321423,False,Module 3: W750 x D300 x H300 mm (With Glass Shelf) Glass not included. Required size (708 x 258 x 6 mm) - 2 Pc,,,,Set 1,,5333.0,INR,False,76042100,2026-02-01,Pricelist -2026/Hettich Price List February 2026.pdf,198,9321423
hettich,Hettich,9321398,False,Module 4: W300 x D300 x H600 mm (With Wooden Shelf) Wooden Shelf not included. Required size (258 x 258 x 18 mm) - 2 Pc,,,,Set 1,,4961.0,INR,False,76042100,2026-02-01,Pricelist -2026/Hettich Price List February 2026.pdf,198,9321398
hettich,Hettich,9321424,False,Module 4: W300 x D300 x H600 mm (With Glass Shelf) Glass not included. Required size (258 x 258 x 6 mm) - 2 Pc,,,,Set 1,,4961.0,INR,False,76042100,2026-02-01,Pricelist -2026/Hettich Price List February 2026.pdf,198,9321424
hettich,Hettich,9321399,False,Module 5: W600 x D300 x H580 mm (With Wooden Shelf) Wooden Shelf not included. Required size (558 x 258 x 18 mm) - 3 Pc,,,,Set 1,,7845.0,INR,False,76042100,2026-02-01,Pricelist -2026/Hettich Price List February 2026.pdf,198,9321399
hettich,Hettich,9321425,False,Module 5: W600 x D300 x H580 mm (With Glass Shelf) Glass not included. Required size (558 x 258 x 6 mm) - 3 Pc,,,,Set 1,,7845.0,INR,False,76042100,2026-02-01,Pricelist -2026/Hettich Price List February 2026.pdf,198,9321425
hettich,Hettich,9321427,False,Module 5: W600 x D300 x H580 mm (With Wooden & Glass Shelf) Wooden Shelf not included. Required size (558 x 258 x 18 mm) - 2 Pc. Glass not included. Required size (558 mm x 258 mm x 6 mm) - 1 Pc,,,,Set 1,,7845.0,INR,False,76042100,2026-02-01,Pricelist -2026/Hettich Price List February 2026.pdf,199,9321427
hettich,Hettich,9321400,False,Module 6: W300 x D300 x H580 mm (With Wooden Shelf) Wooden Shelf not included. Required size (258 x 258 x 18 mm) - 3 Pc,,,,Set 1,,6726.0,INR,False,76042100,2026-02-01,Pricelist -2026/Hettich Price List February 2026.pdf,199,9321400
hettich,Hettich,9321426,False,Module 6: W300 x D300 x H580 mm (With Glass Shelf) Glass not included. Required size (258 x 258 x 6 mm) - 3 Pc,,,,Set 1,,7594.0,INR,False,76042100,2026-02-01,Pricelist -2026/Hettich Price List February 2026.pdf,199,9321426
hettich,Hettich,9321428,False,Module 6: W300 x D300 x H580 mm (With Wooden & Glass Shelf) Wooden Shelf not included. Required size (258 x 258 x 18 mm) - 2 Pc Glass not included. Required size (258 x 258 x 6 mm) - 1 Pc,,,,Set 1,,6726.0,INR,False,76042100,2026-02-01,Pricelist -2026/Hettich Price List February 2026.pdf,199,9321428
hettich,Hettich,9323999,False,Wooden shelf: W258 x D258 x H18 mm,,,,Pc 1,,585.0,INR,False,44111400,2026-02-01,Pricelist -2026/Hettich Price List February 2026.pdf,199,9323999
hettich,Hettich,9324000,False,Wooden shelf: W558 x D258 x H18 mm,,,,Pc 1,,1084.0,INR,False,44111400,2026-02-01,Pricelist -2026/Hettich Price List February 2026.pdf,199,9324000
hettich,Hettich,9324091,False,Wooden shelf: W708 x D258 x H18 mm,,,,Pc 1,,1343.0,INR,False,44111400,2026-02-01,Pricelist -2026/Hettich Price List February 2026.pdf,199,9324091
hettich,Hettich,9325657,False,Glass shelf: W258 x D258 x H6 mm,,,,Pc 1,,360.0,INR,False,70071900,2026-02-01,Pricelist -2026/Hettich Price List February 2026.pdf,199,9325657
hettich,Hettich,9325658,False,Glass shelf: W558 x D258 x H6 mm,,,,Pc 1,,735.0,INR,False,70071900,2026-02-01,Pricelist -2026/Hettich Price List February 2026.pdf,199,9325658
hettich,Hettich,9325659,False,Glass shelf: W708 x D258 x H6 mm,,,,Pc 1,,925.0,INR,False,70071900,2026-02-01,Pricelist -2026/Hettich Price List February 2026.pdf,199,9325659
hettich,Hettich,9251646,False,"SS 304 Ball Bearing Hinge, Square Edge, 4""x3""x3, Loading capacity 120 Kg, SS finish (with screws) to 120 kg SS Finish (with Screws)",,,,Pair,1,935.0,INR,False,83021010,2026-02-01,Pricelist -2026/Hettich Price List February 2026.pdf,202,9251646
hettich,Hettich,9251654,False,"SS 304 Ball Bearing Hinge, Square Edge, 5""x3""x3, Loading capacity 120 kg, SS finish (with screws) to 120 kg, BL Finish (with screws)",,,,Pair,1,1105.0,INR,False,83021010,2026-02-01,Pricelist -2026/Hettich Price List February 2026.pdf,202,9251654
hettich,Hettich,9251648,False,"SS 304 Ball Bearing Hinge, Square Edge, 4""x3""x3, loading capacity 120 Kg, BL finish (with screws)",,,,Pair,1,1100.0,INR,False,83021010,2026-02-01,Pricelist -2026/Hettich Price List February 2026.pdf,202,9251648
hettich,Hettich,9251656,False,"SS 304 Ball Bearing Hinge, Square Edge, 5""x3""x3, Loading capacity 120 Kg, BL finish (with screws)",,,,Pair,1,1340.0,INR,False,83021000,2026-02-01,Pricelist -2026/Hettich Price List February 2026.pdf,202,9251656
hettich,Hettich,9251650,False,"SS 304 Ball Bearing Hinge, Square Edge, 4""x3""x3, loading capacity 120 Kg, AB finish (with screws)",,,,Pair,1,1155.0,INR,False,83021010,2026-02-01,Pricelist -2026/Hettich Price List February 2026.pdf,202,9251650
hettich,Hettich,9251658,False,"SS 304 Ball Bearing Hinge, Square Edge, 5""x3""x3, loading capacity 120 Kg, AB finish (with screws)",,,,Pair,1,1390.0,INR,False,83021010,2026-02-01,Pricelist -2026/Hettich Price List February 2026.pdf,202,9251658
hettich,Hettich,9251678,False,"SS 304 Non Ball Bearing Hinge, Sq 4""x3""x2.5, Loading capacity 60 kg, SS finish (with screws)",,,,Pair,1,710.0,INR,False,83021010,2026-02-01,Pricelist -2026/Hettich Price List February 2026.pdf,202,9251678
hettich,Hettich,9251691,False,"SS 304 Non Ball Bearing Hinge, Rd, 4""x3""x2.5, Loading capacity 60 kg, SS finish (with screws) up to 60 kg per 3 hinge, SSS finish (without screws)",,,,Pair,1,710.0,INR,False,83021010,2026-02-01,Pricelist -2026/Hettich Price List February 2026.pdf,202,9251691
hettich,Hettich,9251685,False,"SS 304 Non Ball Bearing hinge, Sq, 5""x3""x2.5, Loading capacity 60 kg, SS finish (with screws)",,,,Pair,1,860.0,INR,False,83021010,2026-02-01,Pricelist -2026/Hettich Price List February 2026.pdf,202,9251685
hettich,Hettich,9251697,False,"SS 304 Non Ball Bearing hinge, Rd, 5""x3""x2.5, Loading capacity 60 kg, SS finish (with screws)",,,,Pair,1,860.0,INR,False,83021010,2026-02-01,Pricelist -2026/Hettich Price List February 2026.pdf,202,9251697
hettich,Hettich,9251702,False,"Flush Hinge, Square Edge, 4""x3""x2.5 Loading 1 capacity 40kg, SS finish (without screws)",,,,Pair,1,595.0,INR,False,83021010,2026-02-01,Pricelist -2026/Hettich Price List February 2026.pdf,203,9251702
hettich,Hettich,9251703,False,"Flush Hinge, Square Edge, 4""x3""x2.5 Loading 1 capacity 40kg, SS finish (with screws)",,,,Pair,1,650.0,INR,False,83021010,2026-02-01,Pricelist -2026/Hettich Price List February 2026.pdf,203,9251703
hettich,Hettich,9251704,False,"Flush Hinge, Square Edge, 5""x3""x2.5 Loading 1 capacity 40kg, SS finish (with screws)",,,,Pair,1,690.0,INR,False,83021010,2026-02-01,Pricelist -2026/Hettich Price List February 2026.pdf,203,9251704
hettich,Hettich,9228242,False,"HBN-18-102/102-SPR: Spring Hinge, 4""x4""x3, SS 304, loading capacity 40kg/pair Min door thickness- 29 mm, Loading Capacity : 30 kg/pair, Finish Silver Min. Door Thickness : 40 mm, Loading Capacity: 80 kg, Finish Silver Min. Door Thickness : 45 mm, Loading Capacity: 120 kg, Finish Silver Min. Door Thickness : 45 mm, Loading Capacity : 120 Kg, Finish Black",,,,Pair,1,2646.0,INR,False,83021090,2026-02-01,Pricelist -2026/Hettich Price List February 2026.pdf,203,9228242
hettich,Hettich,9228474,False,"HBC-25-1440/150Z-3D: 3D-Concealed Hinge, Min Door Thickness: 35 mm Loading Capacity: 40 kg/pair, Finish Silver",,,,,1,5582.0,INR,False,83021090,2026-02-01,Pricelist -2026/Hettich Price List February 2026.pdf,203,9228474
hettich,Hettich,9228475,False,"HBC-28-1640/177Z-3D: 3D-Concealed Hinge, Min Door Thickness: 40 mm Loading Capacity: 80 kg/pair, Finish Silver",,,,,1,7342.0,INR,False,83021090,2026-02-01,Pricelist -2026/Hettich Price List February 2026.pdf,203,9228475
hettich,Hettich,9228476,False,"HBC-34-1845/246Z-3D: 3D-Concealed Hinge, Min Door Thickness: 45 mm Loading Capacity: 120 kg/pair, Finish Silver",,,,,1,12132.0,INR,False,83021090,2026-02-01,Pricelist -2026/Hettich Price List February 2026.pdf,203,9228476
hettich,Hettich,9251126,False,"HBC-25-1440/150Z-3D : 3D-Concealed Hinge, Min Door Thickness: 35 mm, Loading Capacity: 40 kg, Finish Matt Black",,,,,1,6105.0,INR,False,83021000,2026-02-01,Pricelist -2026/Hettich Price List February 2026.pdf,203,9251126
hettich,Hettich,9251127,False,"HBC-28-1640/177Z-3D: 3D-Concealed Hinge, Min Door Thickness: 40 mm, Loading Capacity: 80 kg, Finish Matt Black",,,,,1,7342.0,INR,False,83021090,2026-02-01,Pricelist -2026/Hettich Price List February 2026.pdf,203,9251127
hettich,Hettich,9251128,False,"HBC-34-1845/246Z-3D: 3D-Concealed Hinge, Min Door Thickness: 45 mm, Loading Capacity: 120 kg, Finish Matt Black",,,,,1,13274.0,INR,False,83021090,2026-02-01,Pricelist -2026/Hettich Price List February 2026.pdf,203,9251128
hettich,Hettich,9228766,False,"HSA 10 F HO: EN 2/3/4, For Door Width 850-1100 mm and Door Weight 40-80 kg, with Hold Open Arm, Fire Rated, Finish SA",,,,Set,1,5039.0,INR,False,83024190,2026-02-01,Pricelist -2026/Hettich Price List February 2026.pdf,204,9228766
hettich,Hettich,9227817,False,"HSA 10 D EN: EN 2/3/4, For Door Width 850- 1100 mm and Door Weight 40-80 kg; with standard arm; EN 1154 Certified; Fire Rated",,,,Set,1,4455.0,INR,False,83024100,2026-02-01,Pricelist -2026/Hettich Price List February 2026.pdf,204,9227817
hettich,Hettich,9228767,False,"HSA 10 D EN HO: EN 2/3/4, For Door Width 850-1100 mm and Door Weight 40-80 kg; With Hold Open Arm, EN 1154 Certified; Fire Rated",,,,Set,1,5585.0,INR,False,83024100,2026-02-01,Pricelist -2026/Hettich Price List February 2026.pdf,204,9228767
hettich,Hettich,9251642,False,"HIN 10 with standard arm EN2/3, adjustable closing/latching speed, Silver",,,,Set,1,1998.0,INR,False,83026000,2026-02-01,Pricelist -2026/Hettich Price List February 2026.pdf,204,9251642
hettich,Hettich,9251643,False,"HIN 10 with hold open arm EN2/3, adjustable closing/latching speed, Black Width 950-1400 mm, Load Capacity 60-200 kg, Finish Silver",,,,Set,1,2229.0,INR,False,83026000,2026-02-01,Pricelist -2026/Hettich Price List February 2026.pdf,204,9251643
hettich,Hettich,9251382,False,"HCS 600 : EN 3-6, with HO sliderail, For Door Width 950-1400 mm, Load Capacity 60-200 kg, Finish Silver (Minimum door thickness : 50 mm)",,,,Set,1,31999.0,INR,False,83024100,2026-02-01,Pricelist -2026/Hettich Price List February 2026.pdf,204,9251382
hettich,Hettich,9250843,False,"HCS 400 with hold open Slide rail: EN 2-4, For Door Width 850-1100 mm and Door Weight 40-120 kg; Finish SA, EN1154 Certified; Fire rated; 500,000 cycle tested (Min. Door Thickness - 40 mm) HCS 400 with hold open Slide rail: EN 2-4, For",,,,Set,1,19999.0,INR,False,83024190,2026-02-01,Pricelist -2026/Hettich Price List February 2026.pdf,205,9250843
hettich,Hettich,9251399,False,"Door Width 850-1100 mm & Door Weight 40-120 kg; Finish Black, (Min. Door Thickness - 40 mm)",,,,Set,1,22599.0,INR,False,83024100,2026-02-01,Pricelist -2026/Hettich Price List February 2026.pdf,205,9251399
hettich,Hettich,9251421,False,"HCS 385: EN 2-4, With Hold Open Slide rail; For Door Width 850-1100 mm & Door Weight 40-80 kg, Finish SA (With Back Check Action) (Min. Wooden Door Thickness - 47 mm)",,,,Set,1,9999.0,INR,False,83021000,2026-02-01,Pricelist -2026/Hettich Price List February 2026.pdf,205,9251421
hettich,Hettich,9251398,False,"HCS 385: EN 2-4, With Hold Open Slide rail; for Door Width 850-1100 mm & Door Weight 40-80 kg, Finish Black (With Back Check Action) (Min. Wooden Door Thickness - 47 mm)",,,,Set,1,11498.0,INR,False,83024100,2026-02-01,Pricelist -2026/Hettich Price List February 2026.pdf,205,9251398
hettich,Hettich,9227824,False,"HCS 380: EN 3, With Hold Open Slide rail; For Door Width 950 mm and Door Weight 60 kg finish SA (Min. Door Thickness - 40 mm).",,,,Set,1,6403.0,INR,False,83024190,2026-02-01,Pricelist -2026/Hettich Price List February 2026.pdf,205,9227824
hettich,Hettich,9227829,False,Hold open arm (70-130 deg) 1 for all standard arm model Models: HSS 61/51/41/31 (not to be used with HSS 33),,,,,1,2834.0,INR,False,83024190,2026-02-01,Pricelist -2026/Hettich Price List February 2026.pdf,205,9227829
hettich,Hettich,9250938,False,"Hold Open Device For HCS 400 New 1 closers for doors up to 200 kg , EN 1158 Certified (One door dimensions Width: Max. 1600 mm, Weight: Max. 200 Kg, Required Space above door : Min. 30 mm) closer HSS-41, Glass thickness 8 - 12 mm.",,,,,1,1065.0,INR,False,83024190,2026-02-01,Pricelist -2026/Hettich Price List February 2026.pdf,205,9250938
hettich,Hettich,9250943,False,ProLock Basic HH 2310 handle + Handle Set SS,,,,Set,1,1410.0,INR,False,83024100,2026-02-01,Pricelist -2026/Hettich Price List February 2026.pdf,206,9250943
hettich,Hettich,9251435,False,ProLock 1 HH 2110 Handle + Handle set SS (Hollow Pipe Dia : 19 mm) set SS set BL,,,,Set,1,1850.0,INR,False,83024110,2026-02-01,Pricelist -2026/Hettich Price List February 2026.pdf,206,9251435
hettich,Hettich,9251441,False,"ProLock 1 HH 2210 Handle + Handle set SS (Hollow, Pipe Dia: 19 mm)",,,,Set,1,1620.0,INR,False,83024190,2026-02-01,Pricelist -2026/Hettich Price List February 2026.pdf,206,9251441
hettich,Hettich,9251446,False,"ProLock 1 HH 2310 Handle + Handle set SS (Hollow, Pipe Dia: 19 mm)",,,,Set,1,1850.0,INR,False,83024190,2026-02-01,Pricelist -2026/Hettich Price List February 2026.pdf,206,9251446
hettich,Hettich,9251448,False,"ProLock 1 HH 2310 Handle + Handle set BL (Hollow, Pipe Dia: 19 mm)",,,,Set,1,3528.0,INR,False,83021090,2026-02-01,Pricelist -2026/Hettich Price List February 2026.pdf,206,9251448
hettich,Hettich,9251426,False,ProLock 1 HH 2410 Handle + Handle set SS (Hollow Handle) set AB,,,,Set,1,2551.0,INR,False,83024110,2026-02-01,Pricelist -2026/Hettich Price List February 2026.pdf,206,9251426
hettich,Hettich,9251425,False,ProLock 1 HH 2650 Handle + Handle set SS (Solid Handle) set AB set SS set SS set SS set SS set AB,,,,,1,4311.0,INR,False,83024110,2026-02-01,Pricelist -2026/Hettich Price List February 2026.pdf,207,9251425
hettich,Hettich,9251629,False,"Round PZ Escutcheon 1, SS",,,,Set,1,320.0,INR,False,83024190,2026-02-01,Pricelist -2026/Hettich Price List February 2026.pdf,208,9251629
hettich,Hettich,9228576,False,HBS 31 FSL: Sash Lock DIN Left/Right CTC 85 & Backset 45 SS Finish Backset 50 SS Finish CTC 85 & Backset 55 SS Finish,,,,Set,1,2104.0,INR,False,83014090,2026-02-01,Pricelist -2026/Hettich Price List February 2026.pdf,209,9228576
hettich,Hettich,9228579,False,HBS 31 FSL: Sash Lock DIN Left/Right CTC 85 & Backset 60 SS Finish,,,,Set,1,2183.0,INR,False,83014090,2026-02-01,Pricelist -2026/Hettich Price List February 2026.pdf,209,9228579
hettich,Hettich,9250131,False,"HBS 31 FSL: Sash Lock DIN Left/Right CTC 85 & Backset 55 AB Finish CTC 85 & Backset 35 SS CTC 85 & Backset 30 BL CTC 72 & Backset 55, AB CTC 85 & Backset 30 SS CTC 85 & Backset 30 BL",,,,Set,1,2415.0,INR,False,83014090,2026-02-01,Pricelist -2026/Hettich Price List February 2026.pdf,209,9250131
hettich,Hettich,9251082,False,"HBS 31 FESL: Sash Lock DIN Left/Right CTC 72 & Backset 60 EN 12209, Fire Rated",,,,Set,1,2171.0,INR,False,83014090,2026-02-01,Pricelist -2026/Hettich Price List February 2026.pdf,209,9251082
hettich,Hettich,9251402,False,"HBS 31 FESL: Sash Lock DIN Left/Right CTC 72 & Backset 60 EN 12209, Fire Rated, BL Finish",,,,Set,1,2360.0,INR,False,83014000,2026-02-01,Pricelist -2026/Hettich Price List February 2026.pdf,209,9251402
hettich,Hettich,9251078,False,"HBS 31 FESL: Sash Lock DIN Left/Right CTC 72 & Backset 55 EN 12209, Fire Rated",,,,Set,1,1666.0,INR,False,83021090,2026-02-01,Pricelist -2026/Hettich Price List February 2026.pdf,209,9251078
hettich,Hettich,9251086,False,"HBS 31 FEDL: Dead Lock, DIN Left/Right CTC 72 & Backset 55 EN 12209, Fire Rated CTC 72 & Backset 60 EN 12209, Fire Rated CTC 85 & Backset 60",,,,Set,1,1515.0,INR,False,83021090,2026-02-01,Pricelist -2026/Hettich Price List February 2026.pdf,210,9251086
hettich,Hettich,9228147,False,HBS 31 FRL: Roller Latch Lock DIN Left/Right CTC 72 & Backset 60,,,,Set,1,2932.0,INR,False,83014090,2026-02-01,Pricelist -2026/Hettich Price List February 2026.pdf,210,9228147
hettich,Hettich,9228142,False,HBS 31 FBL: Bathroom Lock DIN Left/Right CTC 78 & Backset 55 SS Finish,,,,Set,1,2455.0,INR,False,83014090,2026-02-01,Pricelist -2026/Hettich Price List February 2026.pdf,210,9228142
hettich,Hettich,9228143,False,HBS 31 FBL: Bathroom Lock DIN Left/Right CTC 78 & backset 60 SS Finish,,,,Set,1,2510.0,INR,False,83014090,2026-02-01,Pricelist -2026/Hettich Price List February 2026.pdf,210,9228143
hettich,Hettich,9228148,False,"HBS 31 FSDL: Single Dead Lock DIN Left/Right Backset 55,SS Backset 55, BL Backset 55, AB",,,,Set,1,1748.0,INR,False,83014090,2026-02-01,Pricelist -2026/Hettich Price List February 2026.pdf,210,9228148
hettich,Hettich,9228149,False,"HBS 31 FSSL: Single Latch Lock DIN Left/Right- Backset 55, SS Backset 55, BL Backset 55, AB",,,,Set,1,1800.0,INR,False,83014090,2026-02-01,Pricelist -2026/Hettich Price List February 2026.pdf,210,9228149
hettich,Hettich,9250584,False,Allen key Tubewell Lock SS,,,,Set,1,1137.0,INR,False,83014090,2026-02-01,Pricelist -2026/Hettich Price List February 2026.pdf,211,9250584
hettich,Hettich,9228481,False,Hettich Sliding Lock PZ DIN Left/Right backset 50 mm (Please order Sliding Handle or Escutcheon & also cylinder according to door thickness),,,,Set,1,1768.0,INR,False,83014090,2026-02-01,Pricelist -2026/Hettich Price List February 2026.pdf,211,9228481
hettich,Hettich,9228482,False,Hettich Sliding Lock WC DIN Left/Right backset 50 mm (Please order WC sliding Handle or Escutcheon ),,,,Set,1,1768.0,INR,False,83014090,2026-02-01,Pricelist -2026/Hettich Price List February 2026.pdf,211,9228482
hettich,Hettich,9228712,False,WC Sliding Door Handle For Timber Doors SS 304 Satin Finish,,,,Set,1,2182.0,INR,False,83024190,2026-02-01,Pricelist -2026/Hettich Price List February 2026.pdf,211,9228712
hettich,Hettich,9228713,False,WC Sliding Door Escutcheons For Timber Doors SS304 Satin Finish,,,,Set,1,2314.0,INR,False,83024190,2026-02-01,Pricelist -2026/Hettich Price List February 2026.pdf,211,9228713
hettich,Hettich,9251532,False,"HSCL 60: Both side key 60 mm, for max door 1 thickness - 40 mm - SS Finish (3 Computer Key)",,,,,1,1465.0,INR,False,83014090,2026-02-01,Pricelist -2026/Hettich Price List February 2026.pdf,213,9251532
hettich,Hettich,9251534,False,"HSCL 60: Both side key 60 mm, for max door 1 thickness - 40 mm - Black Finish (3 Computer Key)",,,,,1,1540.0,INR,False,83014090,2026-02-01,Pricelist -2026/Hettich Price List February 2026.pdf,213,9251534
hettich,Hettich,9251541,False,"HTCL 60: One side key and one side knob 1 60 mm, for max door thickness - 40 mm - SS Finish (3 Computer Key)",,,,,1,1620.0,INR,False,83014090,2026-02-01,Pricelist -2026/Hettich Price List February 2026.pdf,213,9251541
hettich,Hettich,9251543,False,"HTCL 60: One side key and one side knob 1 60 mm, for max door thickness - 40 mm - Bl Finish (3 Computer Key)",,,,,1,1695.0,INR,False,83014090,2026-02-01,Pricelist -2026/Hettich Price List February 2026.pdf,213,9251543
hettich,Hettich,9251544,False,"HTCL 70: One side key and one side knob 1 70 mm, for max door thickness - 50 mm - SS Finish (3 Computer Key)",,,,,1,1700.0,INR,False,83014090,2026-02-01,Pricelist -2026/Hettich Price List February 2026.pdf,213,9251544
hettich,Hettich,9251545,False,"HTCL 70: One side key and one side knob 1 70 mm, for max door thickness - 50 mm - AB Finish (3 Computer Key)",,,,,1,1770.0,INR,False,83014090,2026-02-01,Pricelist -2026/Hettich Price List February 2026.pdf,213,9251545
hettich,Hettich,9251546,False,"HTCL 70: One side key and one side knob 1 70 mm, for max door thickness - 50 mm - Bl Finish (3 Computer Key)",,,,,1,1770.0,INR,False,83014090,2026-02-01,Pricelist -2026/Hettich Price List February 2026.pdf,213,9251546
hettich,Hettich,9251547,False,"HTCL 80: One side key and one side knob 1 80 mm, for max door thickness - 60 mm - SS Finish (3 Computer Key)",,,,,1,1820.0,INR,False,83014090,2026-02-01,Pricelist -2026/Hettich Price List February 2026.pdf,213,9251547
hettich,Hettich,9251556,False,"HBCL 60: One side knob and one side coin 1 slot 60 mm, for max door thickness - 40 mm - SS Finish",,,,,1,1110.0,INR,False,83014090,2026-02-01,Pricelist -2026/Hettich Price List February 2026.pdf,213,9251556
hettich,Hettich,9251557,False,"HBCL 60: One side knob and one side coin 1 slot 60 mm, for max door thickness - 40 mm - AB Finish",,,,,1,1175.0,INR,False,83014090,2026-02-01,Pricelist -2026/Hettich Price List February 2026.pdf,213,9251557
hettich,Hettich,9251558,False,"HBCL 60: One side knob and one side coin 1 slot 60 mm, for max door thickness - 40 mm - Bl Finish",,,,,1,1175.0,INR,False,83014090,2026-02-01,Pricelist -2026/Hettich Price List February 2026.pdf,213,9251558
hettich,Hettich,9251559,False,"HBCL 70: One side knob and one side coin 1 slot 70 mm, for max door thickness - 50 mm- SS Finish",,,,,1,1190.0,INR,False,83014090,2026-02-01,Pricelist -2026/Hettich Price List February 2026.pdf,213,9251559
hettich,Hettich,9228616,False,"1 Steel Silver Painted, Fire Rated HPN 3000 Vertical: 2 Point locking, touch bar, steel silver painted, fire rated HPN 500 IN RIM: 1 Point Locking, Push bar,",,,,Set,1,10379.0,INR,False,83024190,2026-02-01,Pricelist -2026/Hettich Price List February 2026.pdf,215,9228616
hettich,Hettich,9228622,False,"1 Steel Silver Painted, Fire Rated HPN 500 IN Vertical: 2 Point locking, Push bar,",,,,Set,1,10639.0,INR,False,83024190,2026-02-01,Pricelist -2026/Hettich Price List February 2026.pdf,215,9228622
hettich,Hettich,9228624,False,"1 steel silver painted, fire rated",,,,Set,1,19383.0,INR,False,83024190,2026-02-01,Pricelist -2026/Hettich Price List February 2026.pdf,215,9228624
hettich,Hettich,9251396,False,"Smart Digital Lock with Password, Fingerprint, 1 Card & with Backup key, Lock Body: CTC 68 & Backset 60, Door Thickness: 35 - 60 mm (Door Thickness 40-50 mm) & Backset 60 with 3 Bolt, Latch And 1 Manual Bolt SS Finish Backset 60 with 3 Bolt, Latch And 1 Manual Bolt AB Finish Row Pin, Anti-Drill Pin & Reversible AB Key size: 70 mm SS Finish Row Pin, Anti-Drill Pin & Reversible AB Key size: 70 mm AB Finish Row Pin, Anti-Drill Pin & Reversible AB Key size: 70 mm BL Finish",,,,1,,24900.0,INR,False,83016000,2026-02-01,Pricelist -2026/Hettich Price List February 2026.pdf,216,9251396
hettich,Hettich,9251728,False,WAV HDL PLT & 50X85 LB SET-ZN SS 1,,,,,1,4900.0,INR,False,83014090,2026-02-01,Pricelist -2026/Hettich Price List February 2026.pdf,218,9251728
hettich,Hettich,9251729,False,WAV HDL PLT & 50X85 LB SET-ZN AB 1,,,,,1,5200.0,INR,False,83014090,2026-02-01,Pricelist -2026/Hettich Price List February 2026.pdf,218,9251729
hettich,Hettich,9251730,False,WAV HDL PLT & 50X85 LB SET-ZN BL 1,,,,,1,5100.0,INR,False,83014090,2026-02-01,Pricelist -2026/Hettich Price List February 2026.pdf,218,9251730
hettich,Hettich,9251731,False,WAV HDL PLT & 50X85 LB SET-ZN RG 1,,,,,1,6700.0,INR,False,83014090,2026-02-01,Pricelist -2026/Hettich Price List February 2026.pdf,218,9251731
hettich,Hettich,9251732,False,WAV HDL PLT & 50X85 LB SET-ZN GL 1,,,,,1,6700.0,INR,False,83014090,2026-02-01,Pricelist -2026/Hettich Price List February 2026.pdf,218,9251732
hettich,Hettich,9251753,False,WAV HDL PLT & 50X85 LB SET-ZN SS 1,,,,,1,4300.0,INR,False,83014090,2026-02-01,Pricelist -2026/Hettich Price List February 2026.pdf,218,9251753
hettich,Hettich,9251754,False,WAV HDL PLT & 50X85 LB SET-ZN AB 1,,,,,1,4600.0,INR,False,83014090,2026-02-01,Pricelist -2026/Hettich Price List February 2026.pdf,218,9251754
hettich,Hettich,9251755,False,WAV HDL PLT & 50X85 LB SET-ZN BL 1,,,,,1,4500.0,INR,False,83014090,2026-02-01,Pricelist -2026/Hettich Price List February 2026.pdf,218,9251755
hettich,Hettich,9251756,False,WAV HDL PLT & 50X85 LB SET-ZN RG 1,,,,,1,5800.0,INR,False,83014090,2026-02-01,Pricelist -2026/Hettich Price List February 2026.pdf,218,9251756
hettich,Hettich,9251757,False,WAV HDL PLT & 50X85 LB SET-ZN GL 1,,,,,1,5800.0,INR,False,83014090,2026-02-01,Pricelist -2026/Hettich Price List February 2026.pdf,218,9251757
hettich,Hettich,9251778,False,ROSE WAV HDL & 50X85 LB SET-ZN SS 1,,,,,1,4400.0,INR,False,83014090,2026-02-01,Pricelist -2026/Hettich Price List February 2026.pdf,218,9251778
hettich,Hettich,9251779,False,ROSE WAV HDL & 50X85 LB SET-ZN AB 1,,,,,1,4700.0,INR,False,83014090,2026-02-01,Pricelist -2026/Hettich Price List February 2026.pdf,218,9251779
hettich,Hettich,9251780,False,ROSE WAV HDL & 50X85 LB SET-ZN BL 1,,,,,1,4600.0,INR,False,83014090,2026-02-01,Pricelist -2026/Hettich Price List February 2026.pdf,218,9251780
hettich,Hettich,9251781,False,ROSE WAV HDL & 50X85 LB SET-ZN RG 1,,,,,1,5700.0,INR,False,83014090,2026-02-01,Pricelist -2026/Hettich Price List February 2026.pdf,218,9251781
hettich,Hettich,9251782,False,ROSE WAV HDL & 50X85 LB SET-ZN GL 1,,,,,1,5700.0,INR,False,83014090,2026-02-01,Pricelist -2026/Hettich Price List February 2026.pdf,218,9251782
hettich,Hettich,9251803,False,ROSE WAV HDL & 50X85 LB SET-ZN SS 1,,,,,1,4400.0,INR,False,83014090,2026-02-01,Pricelist -2026/Hettich Price List February 2026.pdf,218,9251803
hettich,Hettich,9251804,False,ROSE WAV HDL & 50X85 LB SET-ZN AB 1,,,,,1,4700.0,INR,False,83014090,2026-02-01,Pricelist -2026/Hettich Price List February 2026.pdf,218,9251804
hettich,Hettich,9251805,False,ROSE WAV HDL & 50X85 LB SET-ZN BL 1,,,,,1,4600.0,INR,False,83014090,2026-02-01,Pricelist -2026/Hettich Price List February 2026.pdf,218,9251805
hettich,Hettich,9251806,False,ROSE WAV HDL & 50X85 LB SET-ZN RG 1,,,,,1,5700.0,INR,False,83014090,2026-02-01,Pricelist -2026/Hettich Price List February 2026.pdf,218,9251806
hettich,Hettich,9251807,False,ROSE WAV HDL & 50X85 LB SET-ZN GL 1,,,,,1,5700.0,INR,False,83014090,2026-02-01,Pricelist -2026/Hettich Price List February 2026.pdf,218,9251807
hettich,Hettich,9251828,False,ROSE WAV HDL & 50BST BL SET-ZN SS 1,,,,,1,3000.0,INR,False,83014090,2026-02-01,Pricelist -2026/Hettich Price List February 2026.pdf,218,9251828
hettich,Hettich,9251829,False,ROSE WAV HDL & 50BST BL SET-ZN AB 1,,,,,1,3200.0,INR,False,83014090,2026-02-01,Pricelist -2026/Hettich Price List February 2026.pdf,218,9251829
hettich,Hettich,9251830,False,ROSE WAV HDL & 50BST BL SET-ZN BL 1,,,,,1,3100.0,INR,False,83014090,2026-02-01,Pricelist -2026/Hettich Price List February 2026.pdf,218,9251830
hettich,Hettich,9251831,False,ROSE WAV HDL & 50BST BL SET-ZN RG 1,,,,,1,3900.0,INR,False,83014090,2026-02-01,Pricelist -2026/Hettich Price List February 2026.pdf,218,9251831
hettich,Hettich,9251832,False,ROSE WAV HDL & 50BST BL SET-ZN GL 1,,,,,1,3900.0,INR,False,83014090,2026-02-01,Pricelist -2026/Hettich Price List February 2026.pdf,218,9251832
hettich,Hettich,9251853,False,ROSE WAV HDL & 50BST BL SET-ZN SS 1,,,,,1,3000.0,INR,False,83014090,2026-02-01,Pricelist -2026/Hettich Price List February 2026.pdf,218,9251853
hettich,Hettich,9251854,False,ROSE WAV HDL & 50BST BL SET-ZN AB 1,,,,,1,3200.0,INR,False,83014090,2026-02-01,Pricelist -2026/Hettich Price List February 2026.pdf,218,9251854
hettich,Hettich,9251855,False,ROSE WAV HDL & 50BST BL SET-ZN BL 1,,,,,1,3100.0,INR,False,83014090,2026-02-01,Pricelist -2026/Hettich Price List February 2026.pdf,218,9251855
hettich,Hettich,9251856,False,ROSE WAV HDL & 50BST BL SET-ZN RG 1,,,,,1,3900.0,INR,False,83014090,2026-02-01,Pricelist -2026/Hettich Price List February 2026.pdf,218,9251856
hettich,Hettich,9251857,False,ROSE WAV HDL & 50BST BL SET-ZN GL 1,,,,,1,3900.0,INR,False,83014090,2026-02-01,Pricelist -2026/Hettich Price List February 2026.pdf,218,9251857
hettich,Hettich,9251733,False,CURV HDL PLT & 50X85 LB SET-ZN SS 1,,,,,1,4800.0,INR,False,83014090,2026-02-01,Pricelist -2026/Hettich Price List February 2026.pdf,218,9251733
hettich,Hettich,9251734,False,CURV HDL PLT & 50X85 LB SET-ZN AB 1,,,,,1,5100.0,INR,False,83014090,2026-02-01,Pricelist -2026/Hettich Price List February 2026.pdf,218,9251734
hettich,Hettich,9251735,False,CURV HDL PLT & 50X85 LB SET-ZN BL 1,,,,,1,5000.0,INR,False,83014090,2026-02-01,Pricelist -2026/Hettich Price List February 2026.pdf,218,9251735
hettich,Hettich,9251736,False,CURV HDL PLT & 50X85 LB SET-ZN RG 1,,,,,1,6600.0,INR,False,83014090,2026-02-01,Pricelist -2026/Hettich Price List February 2026.pdf,218,9251736
hettich,Hettich,9251737,False,CURV HDL PLT & 50X85 LB SET-ZN GL 1,,,,,1,6600.0,INR,False,83014090,2026-02-01,Pricelist -2026/Hettich Price List February 2026.pdf,218,9251737
hettich,Hettich,9251758,False,CURV HDL PLT & 50X85 LB SET-ZN SS 1,,,,,1,4100.0,INR,False,83014090,2026-02-01,Pricelist -2026/Hettich Price List February 2026.pdf,218,9251758
hettich,Hettich,9251759,False,CURV HDL PLT & 50X85 LB SET-ZN AB 1,,,,,1,4400.0,INR,False,83014090,2026-02-01,Pricelist -2026/Hettich Price List February 2026.pdf,218,9251759
hettich,Hettich,9251760,False,CURV HDL PLT & 50X85 LB SET-ZN BL 1,,,,,1,4300.0,INR,False,83014090,2026-02-01,Pricelist -2026/Hettich Price List February 2026.pdf,218,9251760
hettich,Hettich,9251761,False,CURV HDL PLT & 50X85 LB SET-ZN RG 1,,,,,1,5600.0,INR,False,83014090,2026-02-01,Pricelist -2026/Hettich Price List February 2026.pdf,218,9251761
hettich,Hettich,9251762,False,CURV HDL PLT & 50X85 LB SET-ZN GL 1,,,,,1,5600.0,INR,False,83014090,2026-02-01,Pricelist -2026/Hettich Price List February 2026.pdf,218,9251762
hettich,Hettich,9251783,False,ROSE CURV HDL & 50X85 LB SET-ZN SS 1,,,,,1,4300.0,INR,False,83014090,2026-02-01,Pricelist -2026/Hettich Price List February 2026.pdf,218,9251783
hettich,Hettich,9251784,False,ROSE CURV HDL & 50X85 LB SET-ZN AB 1,,,,,1,4600.0,INR,False,83014090,2026-02-01,Pricelist -2026/Hettich Price List February 2026.pdf,218,9251784
hettich,Hettich,9251785,False,ROSE CURV HDL & 50X85 LB SET-ZN BL 1,,,,,1,4500.0,INR,False,83014090,2026-02-01,Pricelist -2026/Hettich Price List February 2026.pdf,218,9251785
hettich,Hettich,9251786,False,ROSE CURV HDL & 50X85 LB SET-ZN RG 1,,,,,1,5600.0,INR,False,83014090,2026-02-01,Pricelist -2026/Hettich Price List February 2026.pdf,218,9251786
hettich,Hettich,9251787,False,ROSE CURV HDL & 50X85 LB SET-ZN GL 1,,,,,1,5600.0,INR,False,83014090,2026-02-01,Pricelist -2026/Hettich Price List February 2026.pdf,218,9251787
hettich,Hettich,9251808,False,ROSE CURV HDL & 50X85 LB SET-ZN SS 1,,,,,1,4300.0,INR,False,83014090,2026-02-01,Pricelist -2026/Hettich Price List February 2026.pdf,218,9251808
hettich,Hettich,9251809,False,ROSE CURV HDL & 50X85 LB SET-ZN AB 1,,,,,1,4600.0,INR,False,83014090,2026-02-01,Pricelist -2026/Hettich Price List February 2026.pdf,218,9251809
hettich,Hettich,9251810,False,ROSE CURV HDL & 50X85 LB SET-ZN BL 1,,,,,1,4500.0,INR,False,83014090,2026-02-01,Pricelist -2026/Hettich Price List February 2026.pdf,218,9251810
hettich,Hettich,9251811,False,ROSE CURV HDL & 50X85 LB SET-ZN RG 1,,,,,1,5600.0,INR,False,83014090,2026-02-01,Pricelist -2026/Hettich Price List February 2026.pdf,218,9251811
hettich,Hettich,9251812,False,ROSE CURV HDL & 50X85 LB SET-ZN GL 1,,,,,1,5600.0,INR,False,83014090,2026-02-01,Pricelist -2026/Hettich Price List February 2026.pdf,218,9251812
hettich,Hettich,9251833,False,ROSE CURV HDL & 50BST BL SET-ZN SS 1,,,,,1,2900.0,INR,False,83014090,2026-02-01,Pricelist -2026/Hettich Price List February 2026.pdf,219,9251833
hettich,Hettich,9251834,False,ROSE CURV HDL & 50BST BL SET-ZN AB 1,,,,,1,3100.0,INR,False,83014090,2026-02-01,Pricelist -2026/Hettich Price List February 2026.pdf,219,9251834
hettich,Hettich,9251835,False,ROSE CURV HDL & 50BST BL SET-ZN BL 1,,,,,1,3000.0,INR,False,83014090,2026-02-01,Pricelist -2026/Hettich Price List February 2026.pdf,219,9251835
hettich,Hettich,9251836,False,ROSE CURV HDL & 50BST BL SET-ZN RG 1,,,,,1,3900.0,INR,False,83014090,2026-02-01,Pricelist -2026/Hettich Price List February 2026.pdf,219,9251836
hettich,Hettich,9251837,False,ROSE CURV HDL & 50BST BL SET-ZN GL 1,,,,,1,3900.0,INR,False,83014090,2026-02-01,Pricelist -2026/Hettich Price List February 2026.pdf,219,9251837
hettich,Hettich,9251858,False,ROSE CURV HDL & 50BST BL SET-ZN SS 1,,,,,1,2900.0,INR,False,83014090,2026-02-01,Pricelist -2026/Hettich Price List February 2026.pdf,219,9251858
hettich,Hettich,9251859,False,ROSE CURV HDL & 50BST BL SET-ZN AB 1,,,,,1,3100.0,INR,False,83014090,2026-02-01,Pricelist -2026/Hettich Price List February 2026.pdf,219,9251859
hettich,Hettich,9251860,False,ROSE CURV HDL & 50BST BL SET-ZN BL 1,,,,,1,3000.0,INR,False,83014090,2026-02-01,Pricelist -2026/Hettich Price List February 2026.pdf,219,9251860
hettich,Hettich,9251861,False,ROSE CURV HDL & 50BST BL SET-ZN RG 1,,,,,1,3900.0,INR,False,83014090,2026-02-01,Pricelist -2026/Hettich Price List February 2026.pdf,219,9251861
hettich,Hettich,9251862,False,ROSE CURV HDL & 50BST BL SET-ZN GL 1,,,,,1,3900.0,INR,False,83014090,2026-02-01,Pricelist -2026/Hettich Price List February 2026.pdf,219,9251862
hettich,Hettich,9251738,False,EDGE HDL PLT & 50X85 LB SET-ZN SS 1,,,,,1,4800.0,INR,False,83014090,2026-02-01,Pricelist -2026/Hettich Price List February 2026.pdf,219,9251738
hettich,Hettich,9251739,False,EDGE HDL PLT & 50X85 LB SET-ZN AB 1,,,,,1,5100.0,INR,False,83014090,2026-02-01,Pricelist -2026/Hettich Price List February 2026.pdf,219,9251739
hettich,Hettich,9251740,False,EDGE HDL PLT & 50X85 LB SET-ZN BL 1,,,,,1,5000.0,INR,False,83014090,2026-02-01,Pricelist -2026/Hettich Price List February 2026.pdf,219,9251740
hettich,Hettich,9251741,False,EDGE HDL PLT & 50X85 LB SET-ZN RG 1,,,,,1,6600.0,INR,False,83014090,2026-02-01,Pricelist -2026/Hettich Price List February 2026.pdf,219,9251741
hettich,Hettich,9251742,False,EDGE HDL PLT & 50X85 LB SET-ZN GL 1,,,,,1,6600.0,INR,False,83014090,2026-02-01,Pricelist -2026/Hettich Price List February 2026.pdf,219,9251742
hettich,Hettich,9251763,False,EDGE HDL PLT & 50X85 LB SET-ZN SS 1,,,,,1,4100.0,INR,False,83014090,2026-02-01,Pricelist -2026/Hettich Price List February 2026.pdf,219,9251763
hettich,Hettich,9251764,False,EDGE HDL PLT & 50X85 LB SET-ZN AB 1,,,,,1,4400.0,INR,False,83014090,2026-02-01,Pricelist -2026/Hettich Price List February 2026.pdf,219,9251764
hettich,Hettich,9251765,False,EDGE HDL PLT & 50X85 LB SET-ZN BL 1,,,,,1,4300.0,INR,False,83014090,2026-02-01,Pricelist -2026/Hettich Price List February 2026.pdf,219,9251765
hettich,Hettich,9251766,False,EDGE HDL PLT & 50X85 LB SET-ZN RG 1,,,,,1,5600.0,INR,False,83014090,2026-02-01,Pricelist -2026/Hettich Price List February 2026.pdf,219,9251766
hettich,Hettich,9251767,False,EDGE HDL PLT & 50X85 LB SET-ZN GL 1,,,,,1,5600.0,INR,False,83014090,2026-02-01,Pricelist -2026/Hettich Price List February 2026.pdf,219,9251767
hettich,Hettich,9251788,False,ROSE EDGE HDL & 50X85 LB SET-ZN SS 1,,,,,1,4300.0,INR,False,83014090,2026-02-01,Pricelist -2026/Hettich Price List February 2026.pdf,219,9251788
hettich,Hettich,9251789,False,ROSE EDGE HDL & 50X85 LB SET-ZN AB 1,,,,,1,4600.0,INR,False,83014090,2026-02-01,Pricelist -2026/Hettich Price List February 2026.pdf,219,9251789
hettich,Hettich,9251790,False,ROSE EDGE HDL & 50X85 LB SET-ZN BL 1,,,,,1,4500.0,INR,False,83014090,2026-02-01,Pricelist -2026/Hettich Price List February 2026.pdf,219,9251790
hettich,Hettich,9251791,False,ROSE EDGE HDL & 50X85 LB SET-ZN RG 1,,,,,1,5600.0,INR,False,83014090,2026-02-01,Pricelist -2026/Hettich Price List February 2026.pdf,219,9251791
hettich,Hettich,9251792,False,ROSE EDGE HDL & 50X85 LB SET-ZN GL 1,,,,,1,5600.0,INR,False,83014090,2026-02-01,Pricelist -2026/Hettich Price List February 2026.pdf,219,9251792
hettich,Hettich,9251813,False,ROSE EDGE HDL & 50X85 LB SET-ZN SS 1,,,,,1,4300.0,INR,False,83014090,2026-02-01,Pricelist -2026/Hettich Price List February 2026.pdf,219,9251813
hettich,Hettich,9251814,False,ROSE EDGE HDL & 50X85 LB SET-ZN AB 1,,,,,1,4600.0,INR,False,83014090,2026-02-01,Pricelist -2026/Hettich Price List February 2026.pdf,219,9251814
hettich,Hettich,9251815,False,ROSE EDGE HDL & 50X85 LB SET-ZN BL 1,,,,,1,4500.0,INR,False,83014090,2026-02-01,Pricelist -2026/Hettich Price List February 2026.pdf,219,9251815
hettich,Hettich,9251816,False,ROSE EDGE HDL & 50X85 LB SET-ZN RG 1,,,,,1,5600.0,INR,False,83014090,2026-02-01,Pricelist -2026/Hettich Price List February 2026.pdf,219,9251816
hettich,Hettich,9251817,False,ROSE EDGE HDL & 50X85 LB SET-ZN GL 1,,,,,1,5600.0,INR,False,83014090,2026-02-01,Pricelist -2026/Hettich Price List February 2026.pdf,219,9251817
hettich,Hettich,9251838,False,ROSE EDGE HDL & 50BST BL SET-ZN SS 1,,,,,1,2900.0,INR,False,83014090,2026-02-01,Pricelist -2026/Hettich Price List February 2026.pdf,219,9251838
hettich,Hettich,9251839,False,ROSE EDGE HDL & 50BST BL SET-ZN AB 1,,,,,1,3100.0,INR,False,83014090,2026-02-01,Pricelist -2026/Hettich Price List February 2026.pdf,219,9251839
hettich,Hettich,9251840,False,ROSE EDGE HDL & 50BST BL SET-ZN BL 1,,,,,1,3000.0,INR,False,83014090,2026-02-01,Pricelist -2026/Hettich Price List February 2026.pdf,219,9251840
hettich,Hettich,9251841,False,ROSE EDGE HDL & 50BST BL SET-ZN RG 1,,,,,1,3900.0,INR,False,83014090,2026-02-01,Pricelist -2026/Hettich Price List February 2026.pdf,219,9251841
hettich,Hettich,9251842,False,ROSE EDGE HDL & 50BST BL SET-ZN GL 1,,,,,1,3900.0,INR,False,83014090,2026-02-01,Pricelist -2026/Hettich Price List February 2026.pdf,219,9251842
hettich,Hettich,9251863,False,ROSE EDGE HDL & 50BST BL SET-ZN SS 1,,,,,1,2900.0,INR,False,83014090,2026-02-01,Pricelist -2026/Hettich Price List February 2026.pdf,219,9251863
hettich,Hettich,9251864,False,ROSE EDGE HDL & 50BST BL SET-ZN AB 1,,,,,1,3100.0,INR,False,83014090,2026-02-01,Pricelist -2026/Hettich Price List February 2026.pdf,219,9251864
hettich,Hettich,9251865,False,ROSE EDGE HDL & 50BST BL SET-ZN BL 1,,,,,1,3000.0,INR,False,83014090,2026-02-01,Pricelist -2026/Hettich Price List February 2026.pdf,219,9251865
hettich,Hettich,9251866,False,ROSE EDGE HDL & 50BST BL SET-ZN RG 1,,,,,1,3900.0,INR,False,83014090,2026-02-01,Pricelist -2026/Hettich Price List February 2026.pdf,219,9251866
hettich,Hettich,9251867,False,ROSE EDGE HDL & 50BST BL SET-ZN GL 1,,,,,1,3900.0,INR,False,83014090,2026-02-01,Pricelist -2026/Hettich Price List February 2026.pdf,219,9251867
hettich,Hettich,9251743,False,SWOOSH HDL PLT & 50X85 LB SET-ZN SS 1,,,,,1,4900.0,INR,False,83014090,2026-02-01,Pricelist -2026/Hettich Price List February 2026.pdf,219,9251743
hettich,Hettich,9251744,False,SWOOSH HDL PLT & 50X85 LB SET-ZN AB 1,,,,,1,5200.0,INR,False,83014090,2026-02-01,Pricelist -2026/Hettich Price List February 2026.pdf,219,9251744
hettich,Hettich,9251745,False,SWOOSH HDL PLT & 50X85 LB SET-ZN BL 1,,,,,1,5100.0,INR,False,83014090,2026-02-01,Pricelist -2026/Hettich Price List February 2026.pdf,219,9251745
hettich,Hettich,9251746,False,SWOOSH HDL PLT & 50X85 LB SET-ZN RG 1,,,,,1,6700.0,INR,False,83014090,2026-02-01,Pricelist -2026/Hettich Price List February 2026.pdf,219,9251746
hettich,Hettich,9251747,False,SWOOSH HDL PLT & 50X85 LB SET-ZN GL 1,,,,,1,6700.0,INR,False,83014090,2026-02-01,Pricelist -2026/Hettich Price List February 2026.pdf,219,9251747
hettich,Hettich,9251768,False,SWOOSH HDL PLT & 50X85 LB SET-ZN SS 1,,,,,1,4300.0,INR,False,83014090,2026-02-01,Pricelist -2026/Hettich Price List February 2026.pdf,219,9251768
hettich,Hettich,9251769,False,SWOOSH HDL PLT & 50X85 LB SET-ZN AB 1,,,,,1,4600.0,INR,False,83014090,2026-02-01,Pricelist -2026/Hettich Price List February 2026.pdf,219,9251769
hettich,Hettich,9251770,False,SWOOSH HDL PLT & 50X85 LB SET-ZN BL 1,,,,,1,4500.0,INR,False,83014090,2026-02-01,Pricelist -2026/Hettich Price List February 2026.pdf,219,9251770
hettich,Hettich,9251771,False,SWOOSH HDL PLT & 50X85 LB SET-ZN RG 1,,,,,1,5800.0,INR,False,83014090,2026-02-01,Pricelist -2026/Hettich Price List February 2026.pdf,219,9251771
hettich,Hettich,9251772,False,SWOOSH HDL PLT & 50X85 LB SET-ZN GL 1,,,,,1,5800.0,INR,False,83014090,2026-02-01,Pricelist -2026/Hettich Price List February 2026.pdf,219,9251772
hettich,Hettich,9251793,False,ROSE SWOOSH HDL & 50X85 LB SET-ZN SS 1,,,,,1,4400.0,INR,False,83014090,2026-02-01,Pricelist -2026/Hettich Price List February 2026.pdf,220,9251793
hettich,Hettich,9251794,False,ROSE SWOOSH HDL & 50X85 LB SET-ZN AB 1,,,,,1,4700.0,INR,False,83014090,2026-02-01,Pricelist -2026/Hettich Price List February 2026.pdf,220,9251794
hettich,Hettich,9251795,False,ROSE SWOOSH HDL & 50X85 LB SET-ZN BL 1,,,,,1,4600.0,INR,False,83014090,2026-02-01,Pricelist -2026/Hettich Price List February 2026.pdf,220,9251795
hettich,Hettich,9251796,False,ROSE SWOOSH HDL & 50X85 LB SET-ZN RG 1,,,,,1,5700.0,INR,False,83014090,2026-02-01,Pricelist -2026/Hettich Price List February 2026.pdf,220,9251796
hettich,Hettich,9251797,False,ROSE SWOOSH HDL & 50X85 LB SET-ZN GL 1,,,,,1,5700.0,INR,False,83014090,2026-02-01,Pricelist -2026/Hettich Price List February 2026.pdf,220,9251797
hettich,Hettich,9251818,False,ROSE SWOOSH HDL & 50X85 LB SET-ZN SS 1,,,,,1,4400.0,INR,False,83014090,2026-02-01,Pricelist -2026/Hettich Price List February 2026.pdf,220,9251818
hettich,Hettich,9251819,False,ROSE SWOOSH HDL & 50X85 LB SET-ZN AB 1,,,,,1,4700.0,INR,False,83014090,2026-02-01,Pricelist -2026/Hettich Price List February 2026.pdf,220,9251819
hettich,Hettich,9251820,False,ROSE SWOOSH HDL & 50X85 LB SET-ZN BL 1,,,,,1,4600.0,INR,False,83014090,2026-02-01,Pricelist -2026/Hettich Price List February 2026.pdf,220,9251820
hettich,Hettich,9251821,False,ROSE SWOOSH HDL & 50X85 LB SET-ZN RG 1,,,,,1,5700.0,INR,False,83014090,2026-02-01,Pricelist -2026/Hettich Price List February 2026.pdf,220,9251821
hettich,Hettich,9251822,False,ROSE SWOOSH HDL & 50X85 LB SET-ZN GL 1,,,,,1,5700.0,INR,False,83014090,2026-02-01,Pricelist -2026/Hettich Price List February 2026.pdf,220,9251822
hettich,Hettich,9251843,False,ROSE SWOOSH HDL & 50BST BL SET-ZN SS 1,,,,,1,3000.0,INR,False,83014090,2026-02-01,Pricelist -2026/Hettich Price List February 2026.pdf,220,9251843
hettich,Hettich,9251844,False,ROSE SWOOSH HDL & 50BST BL SET-ZN AB 1,,,,,1,3200.0,INR,False,83014090,2026-02-01,Pricelist -2026/Hettich Price List February 2026.pdf,220,9251844
hettich,Hettich,9251845,False,ROSE SWOOSH HDL & 50BST BL SET-ZN BL 1,,,,,1,3100.0,INR,False,83014090,2026-02-01,Pricelist -2026/Hettich Price List February 2026.pdf,220,9251845
hettich,Hettich,9251846,False,ROSE SWOOSH HDL & 50BST BL SET-ZN RG 1,,,,,1,3900.0,INR,False,83014090,2026-02-01,Pricelist -2026/Hettich Price List February 2026.pdf,220,9251846
hettich,Hettich,9251847,False,ROSE SWOOSH HDL & 50BST BL SET-ZN GL 1,,,,,1,3900.0,INR,False,83014090,2026-02-01,Pricelist -2026/Hettich Price List February 2026.pdf,220,9251847
hettich,Hettich,9251868,False,ROSE SWOOSH HDL & 50BST BL SET-ZN SS 1,,,,,1,3000.0,INR,False,83014090,2026-02-01,Pricelist -2026/Hettich Price List February 2026.pdf,220,9251868
hettich,Hettich,9251869,False,ROSE SWOOSH HDL & 50BST BL SET-ZN AB 1,,,,,1,3200.0,INR,False,83014090,2026-02-01,Pricelist -2026/Hettich Price List February 2026.pdf,220,9251869
hettich,Hettich,9251870,False,ROSE SWOOSH HDL & 50BST BL SET-ZN BL 1,,,,,1,3100.0,INR,False,83014090,2026-02-01,Pricelist -2026/Hettich Price List February 2026.pdf,220,9251870
hettich,Hettich,9251871,False,ROSE SWOOSH HDL & 50BST BL SET-ZN RG 1,,,,,1,3900.0,INR,False,83014090,2026-02-01,Pricelist -2026/Hettich Price List February 2026.pdf,220,9251871
hettich,Hettich,9251872,False,ROSE SWOOSH HDL & 50BST BL SET-ZN GL 1,,,,,1,3900.0,INR,False,83014090,2026-02-01,Pricelist -2026/Hettich Price List February 2026.pdf,220,9251872
hettich,Hettich,9251748,False,ARC HDL PLT & 50X85 LB SET-ZN SS 1,,,,,1,4600.0,INR,False,83014090,2026-02-01,Pricelist -2026/Hettich Price List February 2026.pdf,220,9251748
hettich,Hettich,9251749,False,ARC HDL PLT & 50X85 LB SET-ZN AB 1,,,,,1,4900.0,INR,False,83014090,2026-02-01,Pricelist -2026/Hettich Price List February 2026.pdf,220,9251749
hettich,Hettich,9251750,False,ARC HDL PLT & 50X85 LB SET-ZN BL 1,,,,,1,4800.0,INR,False,83014090,2026-02-01,Pricelist -2026/Hettich Price List February 2026.pdf,220,9251750
hettich,Hettich,9251751,False,ARC HDL PLT & 50X85 LB SET-ZN RG 1,,,,,1,6400.0,INR,False,83014090,2026-02-01,Pricelist -2026/Hettich Price List February 2026.pdf,220,9251751
hettich,Hettich,9251752,False,ARC HDL PLT & 50X85 LB SET-ZN GL 1,,,,,1,6400.0,INR,False,83014090,2026-02-01,Pricelist -2026/Hettich Price List February 2026.pdf,220,9251752
hettich,Hettich,9251773,False,ARC HDL PLT & 50X85 LB SET-ZN SS 1,,,,,1,4000.0,INR,False,83014090,2026-02-01,Pricelist -2026/Hettich Price List February 2026.pdf,220,9251773
hettich,Hettich,9251774,False,ARC HDL PLT & 50X85 LB SET-ZN AB 1,,,,,1,4300.0,INR,False,83014090,2026-02-01,Pricelist -2026/Hettich Price List February 2026.pdf,220,9251774
hettich,Hettich,9251775,False,ARC HDL PLT & 50X85 LB SET-ZN BL 1,,,,,1,4200.0,INR,False,83014090,2026-02-01,Pricelist -2026/Hettich Price List February 2026.pdf,220,9251775
hettich,Hettich,9251776,False,ARC HDL PLT & 50X85 LB SET-ZN RG 1,,,,,1,5500.0,INR,False,83014090,2026-02-01,Pricelist -2026/Hettich Price List February 2026.pdf,220,9251776
hettich,Hettich,9251777,False,ARC HDL PLT & 50X85 LB SET-ZN GL 1,,,,,1,5500.0,INR,False,83014090,2026-02-01,Pricelist -2026/Hettich Price List February 2026.pdf,220,9251777
hettich,Hettich,9251798,False,ROSE ARC HDL & 50X85 LB SET-ZN SS 1,,,,,1,4100.0,INR,False,83014090,2026-02-01,Pricelist -2026/Hettich Price List February 2026.pdf,220,9251798
hettich,Hettich,9251799,False,ROSE ARC HDL & 50X85 LB SET-ZN AB 1,,,,,1,4400.0,INR,False,83014090,2026-02-01,Pricelist -2026/Hettich Price List February 2026.pdf,220,9251799
hettich,Hettich,9251800,False,ROSE ARC HDL & 50X85 LB SET-ZN BL 1,,,,,1,4300.0,INR,False,83014090,2026-02-01,Pricelist -2026/Hettich Price List February 2026.pdf,220,9251800
hettich,Hettich,9251801,False,ROSE ARC HDL & 50X85 LB SET-ZN RG 1,,,,,1,5400.0,INR,False,83014090,2026-02-01,Pricelist -2026/Hettich Price List February 2026.pdf,220,9251801
hettich,Hettich,9251802,False,ROSE ARC HDL & 50X85 LB SET-ZN GL 1,,,,,1,5400.0,INR,False,83014090,2026-02-01,Pricelist -2026/Hettich Price List February 2026.pdf,220,9251802
hettich,Hettich,9251823,False,ROSE ARC HDL & 50X85 LB SET-ZN SS 1,,,,,1,4100.0,INR,False,83014090,2026-02-01,Pricelist -2026/Hettich Price List February 2026.pdf,220,9251823
hettich,Hettich,9251824,False,ROSE ARC HDL & 50X85 LB SET-ZN AB 1,,,,,1,4400.0,INR,False,83014090,2026-02-01,Pricelist -2026/Hettich Price List February 2026.pdf,220,9251824
hettich,Hettich,9251825,False,ROSE ARC HDL & 50X85 LB SET-ZN BL 1,,,,,1,4300.0,INR,False,83014090,2026-02-01,Pricelist -2026/Hettich Price List February 2026.pdf,220,9251825
hettich,Hettich,9251826,False,ROSE ARC HDL & 50X85 LB SET-ZN RG 1,,,,,1,5400.0,INR,False,83014090,2026-02-01,Pricelist -2026/Hettich Price List February 2026.pdf,220,9251826
hettich,Hettich,9251827,False,ROSE ARC HDL & 50X85 LB SET-ZN GL 1,,,,,1,5400.0,INR,False,83014090,2026-02-01,Pricelist -2026/Hettich Price List February 2026.pdf,220,9251827
hettich,Hettich,9251848,False,ROSE ARC HDL & 50BST BL SET-ZN SS 1,,,,,1,2700.0,INR,False,83014090,2026-02-01,Pricelist -2026/Hettich Price List February 2026.pdf,220,9251848
hettich,Hettich,9251849,False,ROSE ARC HDL & 50BST BL SET-ZN AB 1,,,,,1,2900.0,INR,False,83014090,2026-02-01,Pricelist -2026/Hettich Price List February 2026.pdf,220,9251849
hettich,Hettich,9251850,False,ROSE ARC HDL & 50BST BL SET-ZN BL 1,,,,,1,2800.0,INR,False,83014090,2026-02-01,Pricelist -2026/Hettich Price List February 2026.pdf,220,9251850
hettich,Hettich,9251851,False,ROSE ARC HDL & 50BST BL SET-ZN RG 1,,,,,1,3600.0,INR,False,83014090,2026-02-01,Pricelist -2026/Hettich Price List February 2026.pdf,220,9251851
hettich,Hettich,9251852,False,ROSE ARC HDL & 50BST BL SET-ZN GL 1,,,,,1,3600.0,INR,False,83014090,2026-02-01,Pricelist -2026/Hettich Price List February 2026.pdf,220,9251852
hettich,Hettich,9251873,False,ROSE ARC HDL & 50BST BL SET-ZN SS 1,,,,,1,2700.0,INR,False,83014090,2026-02-01,Pricelist -2026/Hettich Price List February 2026.pdf,220,9251873
hettich,Hettich,9251874,False,ROSE ARC HDL & 50BST BL SET-ZN AB 1,,,,,1,2900.0,INR,False,83014090,2026-02-01,Pricelist -2026/Hettich Price List February 2026.pdf,220,9251874
hettich,Hettich,9251875,False,ROSE ARC HDL & 50BST BL SET-ZN BL 1,,,,,1,2800.0,INR,False,83014090,2026-02-01,Pricelist -2026/Hettich Price List February 2026.pdf,220,9251875
hettich,Hettich,9251876,False,ROSE ARC HDL & 50BST BL SET-ZN RG 1,,,,,1,3600.0,INR,False,83014090,2026-02-01,Pricelist -2026/Hettich Price List February 2026.pdf,220,9251876
hettich,Hettich,9251877,False,ROSE ARC HDL & 50BST BL SET-ZN GL 1,,,,,1,3600.0,INR,False,83014090,2026-02-01,Pricelist -2026/Hettich Price List February 2026.pdf,220,9251877
hettich,Hettich,9251888,False,BSK ZN CYLINDER SS 1,,,,,1,1150.0,INR,False,83014090,2026-02-01,Pricelist -2026/Hettich Price List February 2026.pdf,221,9251888
hettich,Hettich,9251889,False,BSK ZN CYLINDER AB 1,,,,,1,1250.0,INR,False,83014090,2026-02-01,Pricelist -2026/Hettich Price List February 2026.pdf,221,9251889
hettich,Hettich,9251890,False,BSK ZN CYLINDER BL 1,,,,,1,1250.0,INR,False,83014090,2026-02-01,Pricelist -2026/Hettich Price List February 2026.pdf,221,9251890
hettich,Hettich,9251891,False,BSK ZN CYLINDER RG 1,,,,,1,1450.0,INR,False,83014090,2026-02-01,Pricelist -2026/Hettich Price List February 2026.pdf,221,9251891
hettich,Hettich,9251892,False,BSK ZN CYLINDER GL 1,,,,,1,1450.0,INR,False,83014090,2026-02-01,Pricelist -2026/Hettich Price List February 2026.pdf,221,9251892
hettich,Hettich,9251893,False,BSK ZN CYLINDER SS 1,,,,,1,1200.0,INR,False,83014090,2026-02-01,Pricelist -2026/Hettich Price List February 2026.pdf,221,9251893
hettich,Hettich,9251894,False,BSK ZN CYLINDER AB 1,,,,,1,1400.0,INR,False,83014090,2026-02-01,Pricelist -2026/Hettich Price List February 2026.pdf,221,9251894
hettich,Hettich,9251895,False,BSK ZN CYLINDER BL 1,,,,,1,1400.0,INR,False,83014090,2026-02-01,Pricelist -2026/Hettich Price List February 2026.pdf,221,9251895
hettich,Hettich,9251896,False,BSK ZN CYLINDER RG 1,,,,,1,1550.0,INR,False,83014090,2026-02-01,Pricelist -2026/Hettich Price List February 2026.pdf,221,9251896
hettich,Hettich,9251897,False,BSK ZN CYLINDER GL 1,,,,,1,1550.0,INR,False,83014090,2026-02-01,Pricelist -2026/Hettich Price List February 2026.pdf,221,9251897
hettich,Hettich,9251878,False,KNK ZN CYLINDER SS 1,,,,,1,1250.0,INR,False,83014090,2026-02-01,Pricelist -2026/Hettich Price List February 2026.pdf,221,9251878
hettich,Hettich,9251879,False,KNK ZN CYLINDER AB 1,,,,,1,1400.0,INR,False,83014090,2026-02-01,Pricelist -2026/Hettich Price List February 2026.pdf,221,9251879
hettich,Hettich,9251880,False,KNK ZN CYLINDER BL 1,,,,,1,1400.0,INR,False,83014090,2026-02-01,Pricelist -2026/Hettich Price List February 2026.pdf,221,9251880
hettich,Hettich,9251881,False,KNK ZN CYLINDER RG 1,,,,,1,1550.0,INR,False,83014090,2026-02-01,Pricelist -2026/Hettich Price List February 2026.pdf,221,9251881
hettich,Hettich,9251882,False,KNK ZN CYLINDER GL 1,,,,,1,1550.0,INR,False,83014090,2026-02-01,Pricelist -2026/Hettich Price List February 2026.pdf,221,9251882
hettich,Hettich,9251883,False,KNK ZN CYLINDER SS 1,,,,,1,1400.0,INR,False,83014090,2026-02-01,Pricelist -2026/Hettich Price List February 2026.pdf,221,9251883
hettich,Hettich,9251884,False,KNK ZN CYLINDER AB 1,,,,,1,1500.0,INR,False,83014090,2026-02-01,Pricelist -2026/Hettich Price List February 2026.pdf,221,9251884
hettich,Hettich,9251885,False,KNK ZN CYLINDER BL 1,,,,,1,1500.0,INR,False,83014090,2026-02-01,Pricelist -2026/Hettich Price List February 2026.pdf,221,9251885
hettich,Hettich,9251886,False,KNK ZN CYLINDER RG 1,,,,,1,1650.0,INR,False,83014090,2026-02-01,Pricelist -2026/Hettich Price List February 2026.pdf,221,9251886
hettich,Hettich,9251887,False,KNK ZN CYLINDER GL 1,,,,,1,1650.0,INR,False,83014090,2026-02-01,Pricelist -2026/Hettich Price List February 2026.pdf,221,9251887
hettich,Hettich,9227859,False,"HTS FS 960: For Door Width 950 - 1400 mm, Hold open 90°, Door weight 60-300 kg",,,,Set,1,47732.0,INR,False,83024190,2026-02-01,Pricelist -2026/Hettich Price List February 2026.pdf,222,9227859
hettich,Hettich,9227847,False,"HTS FS844 : For Door Width 1100 mm, Door Weight 150 Kg, Hold open at 90°, without accessories; EN1154 Certified; 500,000 cycle tested; Fire rated. Weight 150 Kg, Hold open at 90°, without accessories; EN1154 Certified; 500,000 cycle tested; Fire rated. Door Weight 60Kg, Hold Open at 90°, without accessories. Door Weight 80Kg, Hold Open at 90°, without accessories. weight 100 Kg, Hold open at 90°, without accessories; 200,000 cycle in- house lab tested. Weight 100 kg, Hold open at 90°, without accessories; 200,000 cycle in- house lab tested.",,,,Set,1,12607.0,INR,False,83024190,2026-02-01,Pricelist -2026/Hettich Price List February 2026.pdf,222,9227847
hettich,Hettich,9227863,False,Top & Bottom Pivot for Wooden and Profile 1 doors (For door weight up to 150 kg),,,,1,,2099.0,INR,False,83024190,2026-02-01,Pricelist -2026/Hettich Price List February 2026.pdf,223,9227863
hettich,Hettich,9228715,False,Heavy duty Top and bottom pivot for floor 1 pivot (For door weight up to 350 Kg),,,,1,,5683.0,INR,False,83024190,2026-02-01,Pricelist -2026/Hettich Price List February 2026.pdf,223,9228715
hettich,Hettich,9228714,False,"Floor pivot/hinge with loading capacity 1 of 350 Kg doors, Stainless Steel Satin finish",,,,1,,5122.0,INR,False,83024190,2026-02-01,Pricelist -2026/Hettich Price List February 2026.pdf,223,9228714
hettich,Hettich,9228265,False,"HGF 100 : Bottom Patch, SS Finish 1",,,,1,,1519.0,INR,False,83024190,2026-02-01,Pricelist -2026/Hettich Price List February 2026.pdf,223,9228265
hettich,Hettich,9228266,False,"HGF 200 : Top Patch, SS Finish 1",,,,1,,1519.0,INR,False,83024190,2026-02-01,Pricelist -2026/Hettich Price List February 2026.pdf,223,9228266
hettich,Hettich,9228269,False,"HGF 500 : Corner Patch lock, SS Finish 1",,,,,1,2352.0,INR,False,83024190,2026-02-01,Pricelist -2026/Hettich Price List February 2026.pdf,224,9228269
hettich,Hettich,9228458,False,"HGF 800: Fixed top pivot for top patch, 1 SS Finish BL Finish mm, CTC Length 150 mm, Stainless Steel Satin Finish",,,,,1,467.0,INR,False,83024190,2026-02-01,Pricelist -2026/Hettich Price List February 2026.pdf,224,9228458
hettich,Hettich,9251500,False,"HPH 2110 : Back To Back Pull Handles 1 Dia. 19 mm, CTC Length 200 mm, Satin Stainless Steel Finish",,,,1,,1599.0,INR,False,83024110,2026-02-01,Pricelist -2026/Hettich Price List February 2026.pdf,224,9251500
hettich,Hettich,9251502,False,"HPH 2110 : Back To Back Pull Handles 1 Dia. 25 mm, CTC Length 300 mm, Satin Stainless Steel Finish",,,,1,,2299.0,INR,False,83024110,2026-02-01,Pricelist -2026/Hettich Price List February 2026.pdf,224,9251502
hettich,Hettich,9251514,False,"HPH 2330: Back To Back Pull Handles 1 Dia. 25 mm, CTC Length 300, End to end 400, Satin Stainless Steel Finish Dia. 25 mm, CTC Length 400, End to end 550, Satin Stainless Steel Finish Dia. 25 mm, CTC Length 500, End to end 600, Stainless Steel Satin Finish",,,,1,,2499.0,INR,False,83024190,2026-02-01,Pricelist -2026/Hettich Price List February 2026.pdf,224,9251514
hettich,Hettich,9250603,False,"HDSD1-650 : For timber doors, 1 500-650 mm door width",,,,,1,1485.0,INR,False,83021090,2026-02-01,Pricelist -2026/Hettich Price List February 2026.pdf,225,9250603
hettich,Hettich,9250604,False,"HDSD1-850 : For timber doors, 1 650-850 mm door width",,,,,1,1575.0,INR,False,83021090,2026-02-01,Pricelist -2026/Hettich Price List February 2026.pdf,225,9250604
hettich,Hettich,9250605,False,"HDSD1-1000: For timber doors, 1 850-1000 mm door width",,,,,1,1670.0,INR,False,83024190,2026-02-01,Pricelist -2026/Hettich Price List February 2026.pdf,225,9250605
hettich,Hettich,9250606,False,"HDSD1-1200: For timber doors, 1 1000-1200 mm door width",,,,,1,1854.0,INR,False,83024190,2026-02-01,Pricelist -2026/Hettich Price List February 2026.pdf,225,9250606
hettich,Hettich,600,False,700 800 Graph,,,,,,1000.0,INR,False,,2026-02-01,Pricelist -2026/Hettich Price List February 2026.pdf,229,600
hettich,Hettich,212.5,False,34 R17 R17 34 178.5,,,,,,2.5,INR,False,,2026-02-01,Pricelist -2026/Hettich Price List February 2026.pdf,230,212.5
