vendor,brand,item_code,code_synthesized,description,size,finish,colour,uom,pack_qty,mrp,currency,gst_inclusive,hsn,price_valid_from,source_file,source_page,raw_line
tataria,Tataria,TAB-4201.30.L.BMG,False,Tetrix Structure Frame for Swing Wardrobe with Hinge Milled on Left Side (Maximum) Brown Metal Grey,2968mm x,,,,1 Set,37238.0,INR,False,,2026-09-01,Tataria Price List 01-09-2026.pdf,8,TAB-4201.30.L.BMG | ₹37238/-
tataria,Tataria,TAB-4202.30.R.BMG,False,Tetrix Structure Frame for Swing Wardrobe with Hinge Milled on Right Side (Maximum) Brown Metal Grey,2968mm x,,,,1 Set,37238.0,INR,False,,2026-09-01,Tataria Price List 01-09-2026.pdf,9,TAB-4202.30.R.BMG | ₹37238/-
tataria,Tataria,TAB-4203.30.C.BMG,False,Tetrix Structure Centre Profile for Swing wardrobe with Hinge Milled on Both Side (Maximum) Brown Metal Grey,2968mm x,,,,1 Set,38738.0,INR,False,,2026-09-01,Tataria Price List 01-09-2026.pdf,9,TAB-4203.30.C.BMG | ₹38738/-
tataria,Tataria,TAB-3604.96.26.BMG,False,Profile for Glass Back Panel for Swing Wardrobe Module 960 Brown Metal Grey,2566.5mm x,,,,1 Set,24260.0,INR,False,,2026-09-01,Tataria Price List 01-09-2026.pdf,9,TAB-3604.96.26.BMG | ₹24260/-
tataria,Tataria,TAB-3604.96.24.BMG,False,Profile for Glass Back Panel for Swing Wardrobe Module 960 Brown Metal Grey,2374.5mm x,,,,1 Set,24260.0,INR,False,,2026-09-01,Tataria Price List 01-09-2026.pdf,9,TAB-3604.96.24.BMG | ₹24260/-
tataria,Tataria,TAB-3606.48.26.BMG,False,Glix Door In Measure with Softclose Hinge Module 960 Brown Metal Grey,2615mm x,,,,1 Set,42810.0,INR,False,,2026-09-01,Tataria Price List 01-09-2026.pdf,9,TAB-3606.48.26.BMG | ₹42810/-
tataria,Tataria,TAB-3606.48.24.BMG,False,Glix Door In Measure with Softclose Hinge Module 960 Brown Metal Grey,2423mm x,,,,1 Set,42810.0,INR,False,,2026-09-01,Tataria Price List 01-09-2026.pdf,9,TAB-3606.48.24.BMG | ₹42810/-
tataria,Tataria,TAB-3606.CUST.BMG,False,Customised,,,,,1 Set,44810.0,INR,False,,2026-09-01,Tataria Price List 01-09-2026.pdf,9,TAB-3606.CUST.BMG | ₹44810/-
tataria,Tataria,TA-3613.3K,False,Flexi Led Strip 7.2W/M 24V DC 3000K Warm White,3000mm,,,,1 Pcs,6800.0,INR,False,,2026-09-01,Tataria Price List 01-09-2026.pdf,9,TA-3613.3K | ₹6800/-
tataria,Tataria,TA-3613.4K,False,Flexi Led Strip 7.2W/M 24V DC 4000K White,3000mm,,,,1 Pcs,6800.0,INR,False,,2026-09-01,Tataria Price List 01-09-2026.pdf,9,TA-3613.4K | ₹6800/-
tataria,Tataria,TAB-3609,False,Connector & Leveller Set for Swing Wardrobe - -,,,,,1 Set,2772.0,INR,False,,2026-09-01,Tataria Price List 01-09-2026.pdf,9,TAB-3609 | ₹2772/-
tataria,Tataria,TAB-3604.96.30.BMG,False,Profile for Glass Back Panel for Swing Wardrobe Module 960 Brown Metal Grey,2917.5mm X,,,,1 Set,24260.0,INR,False,,2026-09-01,Tataria Price List 01-09-2026.pdf,13,TAB-3604.96.30.BMG | ₹24260/-
tataria,Tataria,TAB-3604.96.23.BMG,False,Profile for Glass Back Panel for Swing Wardrobe Module 960 Brown Metal Grey,2317.5mm x,,,,1 Set,24260.0,INR,False,,2026-09-01,Tataria Price List 01-09-2026.pdf,13,TAB-3604.96.23.BMG | ₹24260/-
tataria,Tataria,TAB-2798.30.BMG,False,Pixel Ready made Door with 3 Pcs Flex Hinge and Full Handle Brown Metal Grey,2966mm x,,,,1 Set,68230.0,INR,False,,2026-09-01,Tataria Price List 01-09-2026.pdf,13,TAB-2798.30.BMG | ₹68230/-
tataria,Tataria,TAB-2798.23.BMG,False,Pixel Ready made Door with 2 Pcs Flex Hinge and Full Handle,2366mm x,,,,1 Set,58910.0,INR,False,,2026-09-01,Tataria Price List 01-09-2026.pdf,13,TAB-2798.23.BMG | ₹58910/-
tataria,Tataria,TAB-4204.30.C.BMG,False,Tetrix Structure Centre Profile for Swing wardrobe (Maximum) Brown Metal Grey,2968mm x,,,,1 Set,36738.0,INR,False,,2026-09-01,Tataria Price List 01-09-2026.pdf,17,TAB-4204.30.C.BMG | ₹36738/-
tataria,Tataria,TAB-2799.30.BMG,False,PIxel Shutter Profile for Libux Mechanism (Set of 2 folding Doors) Brown Metal Grey,2966mm x,,,,1 Set,133720.0,INR,False,,2026-09-01,Tataria Price List 01-09-2026.pdf,17,TAB-2799.30.BMG | ₹133720/-
tataria,Tataria,TA-2680.BMG,False,"Universal Libux Mechanism for 2 Folding Doors, Rail Pivoting Hinges Universal Brown Metal Grey","750mm, 3 Central",,,,1 Set,55800.0,INR,False,,2026-09-01,Tataria Price List 01-09-2026.pdf,17,TA-2680.BMG | ₹55800/-
tataria,Tataria,TAB-4205.30.C.BMG,False,Tetrix Structure Centre Profile For Corner Cabinet (Maximum) Brown Metal Grey,2968mm X,,,,1 Set,42140.0,INR,False,,2026-09-01,Tataria Price List 01-09-2026.pdf,21,TAB-4205.30.C.BMG | ₹42140/-
tataria,Tataria,TAB-2800.30.BMG,False,Wooden Door Flex Hinge for Libux Mechanism (Set of 3 Pcs Hinges) Brown Metal Grey,2966mm x,,,,1 Set,22740.0,INR,False,,2026-09-01,Tataria Price List 01-09-2026.pdf,21,TAB-2800.30.BMG | ₹22740/-
tataria,Tataria,TA-3842.25.25.BMG,False,Flex Hinge with Full 180’ Opening Stop and 270’ Full Rotation Integrated Softclose Brown Metal Grey,25mm Panel X,,,,1 Pcs,7580.0,INR,False,,2026-09-01,Tataria Price List 01-09-2026.pdf,21,TA-3842.25.25.BMG | ₹7580/-
tataria,Tataria,TAB-4206.30.L.CBL,False,Tetrix Structure Frame Profile Left Carbon Black,2968mm x,,,,1 Set,34212.0,INR,False,,2026-09-01,Tataria Price List 01-09-2026.pdf,23,TAB-4206.30.L.CBL | ₹34212/-
tataria,Tataria,TAB-4206.30.L.BMG,False,Brown Metal Grey,2968mm x,,,,1 Set,36238.0,INR,False,,2026-09-01,Tataria Price List 01-09-2026.pdf,23,TAB-4206.30.L.BMG | ₹36238/-
tataria,Tataria,TAB-4207.30.R.CBL,False,Tetrix Structure Frame Profile Right Carbon Black,2968mm x,,,,1 Set,34212.0,INR,False,,2026-09-01,Tataria Price List 01-09-2026.pdf,23,TAB-4207.30.R.CBL | ₹34212/-
tataria,Tataria,TAB-4207.30.R.BMG,False,Brown Metal Grey,2968mm x,,,,1 Set,36238.0,INR,False,,2026-09-01,Tataria Price List 01-09-2026.pdf,23,TAB-4207.30.R.BMG | ₹36238/-
tataria,Tataria,TAB-4204.30.C.CBL,False,Tetrix Structure Frame Profile Centre Carbon Black,2968mm x,,,,1 Set,34712.0,INR,False,,2026-09-01,Tataria Price List 01-09-2026.pdf,23,TAB-4204.30.C.CBL | ₹34712/-
tataria,Tataria,TAB-3720.L.BMG,False,Horizontal Intermediate Profile with Connector Left Brown Metal Grey,465mm,,,,1 Set,3957.0,INR,False,,2026-09-01,Tataria Price List 01-09-2026.pdf,25,TAB-3720.L.BMG | ₹3957/-
tataria,Tataria,TAB-3720.L.CBL,False,Carbon Black,,,,,,3957.0,INR,False,,2026-09-01,Tataria Price List 01-09-2026.pdf,25,TAB-3720.L.CBL | ₹3957/-
tataria,Tataria,TAB-3720.R.BMG,False,Horizontal Intermediate Profile with Connector Right Brown Metal Grey,465mm,,,,1 Set,3957.0,INR,False,,2026-09-01,Tataria Price List 01-09-2026.pdf,25,TAB-3720.R.BMG | ₹3957/-
tataria,Tataria,TAB-3720.R.CBL,False,Carbon Black,,,,,,3957.0,INR,False,,2026-09-01,Tataria Price List 01-09-2026.pdf,25,TAB-3720.R.CBL | ₹3957/-
tataria,Tataria,TAB-3721.C.BMG,False,Horizontal Intermediate Profile with Connector Centre Brown Metal Grey,465mm,,,,1 Set,4657.0,INR,False,,2026-09-01,Tataria Price List 01-09-2026.pdf,25,TAB-3721.C.BMG | ₹4657/-
tataria,Tataria,TAB-3721.C.CBL,False,Carbon Black,,,,,,4657.0,INR,False,,2026-09-01,Tataria Price List 01-09-2026.pdf,25,TAB-3721.C.CBL | ₹4657/-
tataria,Tataria,TAB-3724.L.BMG,False,Horizontal Intermediate Profile for Shoe Rack Shelf with Connector Left Brown Metal Grey,481.4mm,,,,1 Set,4964.0,INR,False,,2026-09-01,Tataria Price List 01-09-2026.pdf,25,TAB-3724.L.BMG | ₹4964/-
tataria,Tataria,TAB-3724.L.CBL,False,Carbon Black,,,,,,4964.0,INR,False,,2026-09-01,Tataria Price List 01-09-2026.pdf,25,TAB-3724.L.CBL | ₹4964/-
tataria,Tataria,TAB-3724.R.BMG,False,Horizontal Intermediate Profile for Shoe Rack Shelf with Connector Right Brown Metal Grey,481.4mm,,,,1 Set,4964.0,INR,False,,2026-09-01,Tataria Price List 01-09-2026.pdf,25,TAB-3724.R.BMG | ₹4964/-
tataria,Tataria,TAB-3724.R.CBL,False,Carbon Black,,,,,,4964.0,INR,False,,2026-09-01,Tataria Price List 01-09-2026.pdf,25,TAB-3724.R.CBL | ₹4964/-
tataria,Tataria,TAB-3725.C.BMG,False,Horizontal Intermediate Profile for Shoe Rack Shelf with Connector Centre Brown Metal Grey,481.4mm,,,,1 Set,5664.0,INR,False,,2026-09-01,Tataria Price List 01-09-2026.pdf,25,TAB-3725.C.BMG | ₹5664/-
tataria,Tataria,TAB-3725.C.CBL,False,Carbon Black,,,,,,5664.0,INR,False,,2026-09-01,Tataria Price List 01-09-2026.pdf,25,TAB-3725.C.CBL | ₹5664/-
tataria,Tataria,TAB-3685.C.BMG,False,Horizontal Intermediate Profile Corner Application with Connector Centre Brown Metal Grey,585mm,,,,1 Set,5475.0,INR,False,,2026-09-01,Tataria Price List 01-09-2026.pdf,25,TAB-3685.C.BMG | ₹5475/-
tataria,Tataria,TAB-3685.C.CBL,False,Carbon Black,,,,,,5475.0,INR,False,,2026-09-01,Tataria Price List 01-09-2026.pdf,25,TAB-3685.C.CBL | ₹5475/-
tataria,Tataria,TAB-3726,False,Set of 4 Shelf Support with Passing Hole & Screws for Wooden Shelf - Brown Metal Grey,,,,,1 Set,640.0,INR,False,,2026-09-01,Tataria Price List 01-09-2026.pdf,25,TAB-3726 | ₹640/-
tataria,Tataria,TAB-3728,False,Set of 4 Shelf Support with Passing Hole & Screws for Profile Shelf - Brown Metal Grey,,,,,1 Set,480.0,INR,False,,2026-09-01,Tataria Price List 01-09-2026.pdf,25,TAB-3728 | ₹480/-
tataria,Tataria,TAB-2126,False,Aluminium Rack support Profile with 5Pcs Wall clip and 10Pcs plastic clip for Panel Aluminium,2606mm,,,,1 Pcs,16110.0,INR,False,,2026-09-01,Tataria Price List 01-09-2026.pdf,27,TAB-2126 | ₹16110/-
tataria,Tataria,TAB-2127.50.L.BMG,False,Universal Shelf Bracket with shelf Supports Left Brown Metal Grey,500mm,,,,1 Pcs,2460.0,INR,False,,2026-09-01,Tataria Price List 01-09-2026.pdf,27,TAB-2127.50.L.BMG | ₹2460/-
tataria,Tataria,TAB-2127.50.R.BMG,False,Right Brown Metal Grey,,,,,1 Pcs,2460.0,INR,False,,2026-09-01,Tataria Price List 01-09-2026.pdf,27,TAB-2127.50.R.BMG | ₹2460/-
tataria,Tataria,TAB-2127.50.C.BMG,False,Centre Brown Metal Grey,,,,,1 Pcs,2740.0,INR,False,,2026-09-01,Tataria Price List 01-09-2026.pdf,27,TAB-2127.50.C.BMG | ₹2740/-
tataria,Tataria,TAB-2127.40.L.BMG,False,Universal Shelf Bracket with shelf Supports Left Brown Metal Grey,400mm,,,,1 Pcs,2460.0,INR,False,,2026-09-01,Tataria Price List 01-09-2026.pdf,27,TAB-2127.40.L.BMG | ₹2460/-
tataria,Tataria,TAB-2127.40.R.BMG,False,Right Brown Metal Grey,,,,,1 Pcs,2460.0,INR,False,,2026-09-01,Tataria Price List 01-09-2026.pdf,27,TAB-2127.40.R.BMG | ₹2460/-
tataria,Tataria,TAB-2127.40.C.BMG,False,Centre Brown Metal Grey,,,,,1 Pcs,2740.0,INR,False,,2026-09-01,Tataria Price List 01-09-2026.pdf,27,TAB-2127.40.C.BMG | ₹2740/-
tataria,Tataria,TAB-2128.L.BMG,False,Shoe Rack Shelf Bracket with shelf Supports Left Brown Metal Grey,500mm,,,,1 Pcs,2730.0,INR,False,,2026-09-01,Tataria Price List 01-09-2026.pdf,27,TAB-2128.L.BMG | ₹2730/-
tataria,Tataria,TAB-2128.R.BMG,False,Right Brown Metal Grey,,,,,1 Pcs,2730.0,INR,False,,2026-09-01,Tataria Price List 01-09-2026.pdf,27,TAB-2128.R.BMG | ₹2730/-
tataria,Tataria,TAB-2128.C.BMG,False,Centre Brown Metal Grey,,,,,1 Pcs,3010.0,INR,False,,2026-09-01,Tataria Price List 01-09-2026.pdf,27,TAB-2128.C.BMG | ₹3010/-
tataria,Tataria,TAB-2129.50.L.BMG,False,Universal Shelf Bracket Supports Left Brown Metal Grey,150mm with shelf,,,,1 Pcs,5000.0,INR,False,,2026-09-01,Tataria Price List 01-09-2026.pdf,27,TAB-2129.50.L.BMG | ₹5000/-
tataria,Tataria,TAB-2129.50.R.BMG,False,Right Brown Metal Grey,,,,,1 Pcs,5000.0,INR,False,,2026-09-01,Tataria Price List 01-09-2026.pdf,27,TAB-2129.50.R.BMG | ₹5000/-
tataria,Tataria,TAB-2129.50.C.BMG,False,Centre Brown Metal Grey,,,,,1 Pcs,5280.0,INR,False,,2026-09-01,Tataria Price List 01-09-2026.pdf,27,TAB-2129.50.C.BMG | ₹5280/-
tataria,Tataria,TAB-2130.L.BMG,False,Universal Shelf Bracket Supports Left Brown Metal Grey,270mm with shelf,,,,1 Pcs,9060.0,INR,False,,2026-09-01,Tataria Price List 01-09-2026.pdf,27,TAB-2130.L.BMG | ₹9060/-
tataria,Tataria,TAB-2130.R.BMG,False,Right Brown Metal Grey,,,,,1 Pcs,9060.0,INR,False,,2026-09-01,Tataria Price List 01-09-2026.pdf,27,TAB-2130.R.BMG | ₹9060/-
tataria,Tataria,TAB-2130.C.BMG,False,Centre Brown Metal Grey,,,,,1 Pcs,9340.0,INR,False,,2026-09-01,Tataria Price List 01-09-2026.pdf,27,TAB-2130.C.BMG | ₹9340/-
tataria,Tataria,TAB-2910.BMG,False,"Mixer Slim Vertical Profile with 2 Cover, 10 Sets of Mounting Clip & Lower Mounting Bracket Brown Metal Grey",3000mm,,,,1 Set,50690.0,INR,False,,2026-09-01,Tataria Price List 01-09-2026.pdf,29,TAB-2910.BMG | ₹50690/-
tataria,Tataria,TA-2904.BMG,False,Upper & Lower Mounting Terminal Brown Metal Grey,225mm,,,,1 Pcs,8200.0,INR,False,,2026-09-01,Tataria Price List 01-09-2026.pdf,29,TA-2904.BMG | ₹8200/-
tataria,Tataria,TA-2905.BMG,False,Horizontal Upper Fixing for Wall Mounting - Brown Metal Grey,,,,,1 Pcs,4780.0,INR,False,,2026-09-01,Tataria Price List 01-09-2026.pdf,29,TA-2905.BMG | ₹4780/-
tataria,Tataria,TAB-2911.BMG,False,Mixer Slim Bracket Set for Shelf Brown Metal Grey,400mm,,,,1 Set,5360.0,INR,False,,2026-09-01,Tataria Price List 01-09-2026.pdf,29,TAB-2911.BMG | ₹5360/-
tataria,Tataria,TAB-2912.BMG,False,Mixer Slim Bracket Set for Cabinet - Brown Metal Grey,,,,,1 Set,5330.0,INR,False,,2026-09-01,Tataria Price List 01-09-2026.pdf,29,TAB-2912.BMG | ₹5330/-
tataria,Tataria,TAB-2913.BMG,False,Mixer Slim Bracket Set for Long Cabinet - Brown Metal Grey,,,,,1 Set,10690.0,INR,False,,2026-09-01,Tataria Price List 01-09-2026.pdf,29,TAB-2913.BMG | ₹10690/-
tataria,Tataria,TAB-3727,False,Set of 4 Shelf Support with Threaded Hole & Screws for Wooden Shelf - Brown Metal Grey,,,,,1 Set,680.0,INR,False,,2026-09-01,Tataria Price List 01-09-2026.pdf,29,TAB-3727 | ₹680/-
tataria,Tataria,KL-620,False,E-Shape Shelf Support Raw,3000mm,,,,5 Pcs,19960.0,INR,False,,2026-09-01,Tataria Price List 01-09-2026.pdf,31,KL-620 | ₹19960/-
tataria,Tataria,KL-621,False,Hanging Strip Raw,3000mm,,,,10 Pcs,3240.0,INR,False,,2026-09-01,Tataria Price List 01-09-2026.pdf,31,KL-621 | ₹3240/-
tataria,Tataria,KL-622,False,Hanging Clip Raw,40mm x 40mm,,,,36 Pcs,155.0,INR,False,,2026-09-01,Tataria Price List 01-09-2026.pdf,31,KL-622 | ₹155/-
tataria,Tataria,KL-623,False,Outer Corner Strip Black,3000mm,,,,20 Pcs,3820.0,INR,False,,2026-09-01,Tataria Price List 01-09-2026.pdf,31,KL-623 | ₹3820/-
tataria,Tataria,KL-421.MB,False,Lateral Profile Matt Black,3000mm,,,,10 Pcs,1720.0,INR,False,,2026-09-01,Tataria Price List 01-09-2026.pdf,32,KL-421.MB | ₹1720/-
tataria,Tataria,KL-422.MB,False,Universal Profile Matt Black,3000mm,,,,10 Pcs,2180.0,INR,False,,2026-09-01,Tataria Price List 01-09-2026.pdf,33,KL-422.MB | ₹2180/-
tataria,Tataria,KL-423.MB,False,Vertical Profile Matt Black,3000mm,,,,10 Pcs,3540.0,INR,False,,2026-09-01,Tataria Price List 01-09-2026.pdf,33,KL-423.MB | ₹3540/-
tataria,Tataria,KL-424.MB,False,Gasket for Universal Profile for 6mm Glass - Black,,,,,,205.0,INR,False,,2026-09-01,Tataria Price List 01-09-2026.pdf,33,KL-424.MB | ₹205/-
tataria,Tataria,KL-425,False,Joint Block Connector - Zinc,,,,,20 Pcs,165.0,INR,False,,2026-09-01,Tataria Price List 01-09-2026.pdf,33,KL-425 | ₹165/-
tataria,Tataria,KL-426,False,End Cap - Black,,,,,20 Pcs,72.0,INR,False,,2026-09-01,Tataria Price List 01-09-2026.pdf,33,KL-426 | ₹72/-
tataria,Tataria,KL-427,False,Base Leveller - Black,,,,,12 Pcs,70.0,INR,False,,2026-09-01,Tataria Price List 01-09-2026.pdf,33,KL-427 | ₹70/-
tataria,Tataria,KL-429,False,Top Mount Connector - Black,,,,,12 Pcs,290.0,INR,False,,2026-09-01,Tataria Price List 01-09-2026.pdf,33,KL-429 | ₹290/-
tataria,Tataria,KL-430,False,Drill Zig - Zinc,,,,,1 Pcs,600.0,INR,False,,2026-09-01,Tataria Price List 01-09-2026.pdf,33,KL-430 | ₹600/-
tataria,Tataria,SS-201,False,Oneway - SS,,,,,24 Pcs,286.0,INR,False,,2026-09-01,Tataria Price List 01-09-2026.pdf,34,SS-201 | ₹286/-
tataria,Tataria,SS-202,False,Twoway - SS,,,,,12 Pcs,488.0,INR,False,,2026-09-01,Tataria Price List 01-09-2026.pdf,34,SS-202 | ₹488/-
tataria,Tataria,SS-203,False,Corner - SS,,,,,24 Pcs,372.0,INR,False,,2026-09-01,Tataria Price List 01-09-2026.pdf,34,SS-203 | ₹372/-
tataria,Tataria,SS-204C,False,Top With Base - SS,,,,,12 Pcs,508.0,INR,False,,2026-09-01,Tataria Price List 01-09-2026.pdf,34,SS-204C | ₹508/-
tataria,Tataria,SS-205C,False,Bottom - SS,,,,,12 Pcs,314.0,INR,False,,2026-09-01,Tataria Price List 01-09-2026.pdf,34,SS-205C | ₹314/-
tataria,Tataria,SS-220,False,SS 304 Wire SS,5 mm,,,,,180.0,INR,False,,2026-09-01,Tataria Price List 01-09-2026.pdf,34,SS-220 | ₹180/-
tataria,Tataria,SS-233,False,Oneway - SS,,,,,24 Pcs,296.0,INR,False,,2026-09-01,Tataria Price List 01-09-2026.pdf,35,SS-233 | ₹296/-
tataria,Tataria,SS-234,False,Twoway - SS,,,,,24 Pcs,468.0,INR,False,,2026-09-01,Tataria Price List 01-09-2026.pdf,35,SS-234 | ₹468/-
tataria,Tataria,SS-231,False,Top With Base - SS,,,,,24 Pcs,338.0,INR,False,,2026-09-01,Tataria Price List 01-09-2026.pdf,35,SS-231 | ₹338/-
tataria,Tataria,SS-232,False,Bottom - SS,,,,,24 Pcs,182.0,INR,False,,2026-09-01,Tataria Price List 01-09-2026.pdf,35,SS-232 | ₹182/-
tataria,Tataria,SS-237,False,SS 304 Wire SS,2.5mm,,,,,80.0,INR,False,,2026-09-01,Tataria Price List 01-09-2026.pdf,35,SS-237 | ₹80/-
tataria,Tataria,SS-341,False,Bottom - SS,,,,,12 Pcs,132.0,INR,False,,2026-09-01,Tataria Price List 01-09-2026.pdf,35,SS-341 | ₹132/-
tataria,Tataria,SS-342,False,Upper Support For 6mm Panel - SS,,,,,12 Pcs,112.0,INR,False,,2026-09-01,Tataria Price List 01-09-2026.pdf,35,SS-342 | ₹112/-
tataria,Tataria,SS-343,False,SS 304 Wire SS,1.5mm,,,,,48.0,INR,False,,2026-09-01,Tataria Price List 01-09-2026.pdf,35,SS-343 | ₹48/-
tataria,Tataria,SS-215,False,Fix Bracket For Wall For 12mm Glass - SS,,,,,24 Pcs,266.0,INR,False,,2026-09-01,Tataria Price List 01-09-2026.pdf,35,SS-215 | ₹266/-
tataria,Tataria,SS-215A,False,Fix Bracket With Cap For 12mm Glass - SS,,,,,24 Pcs,362.0,INR,False,,2026-09-01,Tataria Price List 01-09-2026.pdf,35,SS-215A | ₹362/-
tataria,Tataria,SS-215B,False,Fix Bracket Twoway For 12mm Glass - SS,,,,,16 Pcs,568.0,INR,False,,2026-09-01,Tataria Price List 01-09-2026.pdf,35,SS-215B | ₹568/-
tataria,Tataria,TA-3755.2,False,2 Door Afil Coplanar System 25kg Per Door Capacity Min Door 800mm Max Door Aluminum Anodised,1300mm,,,,1 Set,87200.0,INR,False,,2026-09-01,Tataria Price List 01-09-2026.pdf,36,TA-3755.2 | ₹87200/-
tataria,Tataria,TA-3757.20,False,Top & Bottom Rail Set for Afil Coplanar Aluminum Anodised,2000mm,,,,1 Set,27800.0,INR,False,,2026-09-01,Tataria Price List 01-09-2026.pdf,36,TA-3757.20 | ₹27800/-
tataria,Tataria,TA-3757.25,False,Top & Bottom Rail Set for Afil Coplanar Aluminum Anodised,2500mm,,,,1 Set,29200.0,INR,False,,2026-09-01,Tataria Price List 01-09-2026.pdf,36,TA-3757.25 | ₹29200/-
tataria,Tataria,TA-3758,False,Vertical Synchro Cuttable Bar for Afil Coplanar - Aluminum Anodised,,,,,1 Pcs,11300.0,INR,False,,2026-09-01,Tataria Price List 01-09-2026.pdf,36,TA-3758 | ₹11300/-
tataria,Tataria,TAB-2510.26.2,False,OffSet Sliding Fitting for 2 Door with Bothside Softclose -,25mm Thick Door,,,,1 Set,20100.0,INR,False,,2026-09-01,Tataria Price List 01-09-2026.pdf,36,TAB-2510.26.2 | ₹20100/-
tataria,Tataria,TAB-2510.26.3,False,OffSet Sliding Fitting for 3 Door with Bothside Softclose -,25mm Thick Door,,,,1 Set,32700.0,INR,False,,2026-09-01,Tataria Price List 01-09-2026.pdf,36,TAB-2510.26.3 | ₹32700/-
tataria,Tataria,TA-2511.03,False,Upper Aluminium Track Aluminum Anodised,3000mm,,,,1 Pcs,6800.0,INR,False,,2026-09-01,Tataria Price List 01-09-2026.pdf,36,TA-2511.03 | ₹6800/-
tataria,Tataria,TA-2512.03,False,Lower Aluminium Track Aluminum Anodised,3000mm,,,,1 Pcs,6800.0,INR,False,,2026-09-01,Tataria Price List 01-09-2026.pdf,36,TA-2512.03 | ₹6800/-
tataria,Tataria,KL-152,False,Handle Profile Champagne,3000mm,,,,1 Pcs,3280.0,INR,False,,2026-09-01,Tataria Price List 01-09-2026.pdf,37,KL-152 | ₹3280/-
tataria,Tataria,KL-146,False,Top Profile Champagne,3000mm,,,,1 Pcs,1320.0,INR,False,,2026-09-01,Tataria Price List 01-09-2026.pdf,37,KL-146 | ₹1320/-
tataria,Tataria,KL-147,False,Bottom Profile Champagne,3000mm,,,,1 Pcs,2340.0,INR,False,,2026-09-01,Tataria Price List 01-09-2026.pdf,38,KL-147 | ₹2340/-
tataria,Tataria,KL-148,False,Middle Profile Champagne,3000mm,,,,1 Pcs,1680.0,INR,False,,2026-09-01,Tataria Price List 01-09-2026.pdf,38,KL-148 | ₹1680/-
tataria,Tataria,KL-149.40,False,Top Track Profile Champagne,4000mm,,,,1 Pcs,4150.0,INR,False,,2026-09-01,Tataria Price List 01-09-2026.pdf,38,KL-149.40 | ₹4150/-
tataria,Tataria,KL-150.40,False,Bottom Track Profile Champagne,4000mm,,,,1Pcs,1930.0,INR,False,,2026-09-01,Tataria Price List 01-09-2026.pdf,38,KL-150.40 | ₹1930/-
tataria,Tataria,KL-299,False,Sliding Fitting with Softclose for 1 Door - -,,,,,1 Set,3850.0,INR,False,,2026-09-01,Tataria Price List 01-09-2026.pdf,38,KL-299 | ₹3850/-
tataria,Tataria,KL-264.BL,False,Glass Seal Black,1000mm,,,,,130.0,INR,False,,2026-09-01,Tataria Price List 01-09-2026.pdf,38,KL-264.BL | ₹130/-
tataria,Tataria,KL-265,False,Stick On Dust Strip Grey,10mm x 7mm,,,,,68.0,INR,False,,2026-09-01,Tataria Price List 01-09-2026.pdf,38,KL-265 | ₹68/-
tataria,Tataria,KL-266,False,Screw - -,,,,,24 Pcs,22.0,INR,False,,2026-09-01,Tataria Price List 01-09-2026.pdf,38,KL-266 | ₹22/-
tataria,Tataria,KL-296,False,Insert Sliding Fitting with Softclose 80kg 2 Door -,,,,,1 Set,2980.0,INR,False,,2026-09-01,Tataria Price List 01-09-2026.pdf,39,KL-296 | ₹2980/-
tataria,Tataria,KL-297.360,False,Top and Bottom Track Set Silver Anodized,3600mm,,,,1 Set,3300.0,INR,False,,2026-09-01,Tataria Price List 01-09-2026.pdf,39,KL-297.360 | ₹3300/-
tataria,Tataria,KL-300,False,Track Silver Anodized,3000mm,,,,20 Pcs,645.0,INR,False,,2026-09-01,Tataria Price List 01-09-2026.pdf,39,KL-300 | ₹645/-
tataria,Tataria,KLB-411.30.AL,False,Counter Handle Profile With Seal Aluminium,3000mm,,,,10 Pcs,2320.0,INR,False,,2026-09-01,Tataria Price List 01-09-2026.pdf,39,KLB-411.30.AL | ₹2320/-
tataria,Tataria,KLB-411.30.MB,False,Matt Black,,,,,10 Pcs,2450.0,INR,False,,2026-09-01,Tataria Price List 01-09-2026.pdf,39,KLB-411.30.MB | ₹2450/-
tataria,Tataria,KLB-412.30.AL,False,Handle Profile With Seal Aluminium,3000mm,,,,10 Pcs,2960.0,INR,False,,2026-09-01,Tataria Price List 01-09-2026.pdf,39,KLB-412.30.AL | ₹2960/-
tataria,Tataria,KLB-412.30.MB,False,Matt Black,,,,,10 Pcs,3190.0,INR,False,,2026-09-01,Tataria Price List 01-09-2026.pdf,39,KLB-412.30.MB | ₹3190/-
tataria,Tataria,KL-521.MB,False,Rectangular Tube Matt Black,3000mm,,,,20 Pcs,2380.0,INR,False,,2026-09-01,Tataria Price List 01-09-2026.pdf,40,KL-521.MB | ₹2380/-
tataria,Tataria,KL-521.CGD,False,Classic Gold,,,,,20 Pcs,2380.0,INR,False,,2026-09-01,Tataria Price List 01-09-2026.pdf,40,KL-521.CGD | ₹2380/-
tataria,Tataria,KL-521.BMG,False,Brown Metal Grey,,,,,20 Pcs,2890.0,INR,False,,2026-09-01,Tataria Price List 01-09-2026.pdf,40,KL-521.BMG | ₹2890/-
tataria,Tataria,KL-522.MB,False,Rectangular Tube with Diffuser for LED Light Matt Black,3000mm,,,,20 Pcs,2820.0,INR,False,,2026-09-01,Tataria Price List 01-09-2026.pdf,40,KL-522.MB | ₹2820/-
tataria,Tataria,KL-522.CGD,False,Classic Gold,,,,,20 Pcs,2820.0,INR,False,,2026-09-01,Tataria Price List 01-09-2026.pdf,40,KL-522.CGD | ₹2820/-
tataria,Tataria,KL-523.MB,False,Rectangular Tube Bracket for Wooden Top - Matt Black,,,,,20 Set,620.0,INR,False,,2026-09-01,Tataria Price List 01-09-2026.pdf,40,KL-523.MB | ₹620/-
tataria,Tataria,KL-523.CGD,False,Classic Gold,,,,,20 Set,780.0,INR,False,,2026-09-01,Tataria Price List 01-09-2026.pdf,40,KL-523.CGD | ₹780/-
tataria,Tataria,TA-2363.BMG,False,Rectangular Tube Bracket Side & Top Mounted (L+R) - Brown Metal Grey,,,,,1 Set,980.0,INR,False,,2026-09-01,Tataria Price List 01-09-2026.pdf,40,TA-2363.BMG | ₹980/-
tataria,Tataria,TAB-2364.BMG,False,Rectangular Tube Bracket Top Mounted (Set of 2 Pcs) - Brown Metal Grey,,,,,1 Set,1480.0,INR,False,,2026-09-01,Tataria Price List 01-09-2026.pdf,40,TAB-2364.BMG | ₹1480/-
tataria,Tataria,KLB-699.BE,False,Round Wardrobe Tube Luxe Grey + Beige,3000mm,,,,12 Pcs,4980.0,INR,False,,2026-09-01,Tataria Price List 01-09-2026.pdf,41,KLB-699.BE | ₹4980/-
tataria,Tataria,KLB-699.BR,False,Grey + Brown,,,,,,4980.0,INR,False,,2026-09-01,Tataria Price List 01-09-2026.pdf,41,KLB-699.BR | ₹4980/-
tataria,Tataria,KL-586.MG,False,Round Tube Side Bracket Left +Right - Milano Grey,,,,,24 Pair,1230.0,INR,False,,2026-09-01,Tataria Price List 01-09-2026.pdf,41,KL-586.MG | ₹1230/-
tataria,Tataria,KL-587.MG,False,Round Tube Centre Support - Milano Grey,,,,,12 Pcs,780.0,INR,False,,2026-09-01,Tataria Price List 01-09-2026.pdf,41,KL-587.MG | ₹780/-
tataria,Tataria,TAB-3650.90.BMG,False,Shoe Rack Readymade Profile Brown Metal Grey,880mm,,,,1 Set,5222.0,INR,False,,2026-09-01,Tataria Price List 01-09-2026.pdf,41,TAB-3650.90.BMG | ₹5222/-
tataria,Tataria,TAB-3650.120.BMG,False,Shoe Rack Readymade Profile Brown Metal Grey,1180mm,,,,1 Set,6092.0,INR,False,,2026-09-01,Tataria Price List 01-09-2026.pdf,41,TAB-3650.120.BMG | ₹6092/-
tataria,Tataria,TA-3649.BMG,False,Shoe Rack Profile Brown Metal Grey,3000mm,,,,1 Pcs,12980.0,INR,False,,2026-09-01,Tataria Price List 01-09-2026.pdf,41,TA-3649.BMG | ₹12980/-
tataria,Tataria,TAB-3791.120.BMG,False,Glowex Aluminium Shelf with Front Light Brown Metal Grey,1200mm x,,,,1 Set,19263.0,INR,False,,2026-09-01,Tataria Price List 01-09-2026.pdf,43,TAB-3791.120.BMG | ₹19263/-
tataria,Tataria,TAB-3791.120.MB,False,Matt Black,,,,,1 Set,13059.0,INR,False,,2026-09-01,Tataria Price List 01-09-2026.pdf,43,TAB-3791.120.MB | ₹13059/-
tataria,Tataria,TAB-3791.96.BMG,False,Brown Metal Grey,960mm x 500mm,,,,1 Set,17113.0,INR,False,,2026-09-01,Tataria Price List 01-09-2026.pdf,43,TAB-3791.96.BMG | ₹17113/-
tataria,Tataria,TAB-3791.96.MB,False,Matt Black,,,,,1 Set,11734.0,INR,False,,2026-09-01,Tataria Price List 01-09-2026.pdf,43,TAB-3791.96.MB | ₹11734/-
tataria,Tataria,TAB-3791.60.BMG,False,Brown Metal Grey,600mm x 500mm,,,,1 Set,13287.0,INR,False,,2026-09-01,Tataria Price List 01-09-2026.pdf,43,TAB-3791.60.BMG | ₹13287/-
tataria,Tataria,TAB-3791.60.MB,False,Matt Black,,,,,1 Set,9304.0,INR,False,,2026-09-01,Tataria Price List 01-09-2026.pdf,43,TAB-3791.60.MB | ₹9304/-
tataria,Tataria,TAB-3793.120.BMG,False,Glowex Aluminium Shelf with Front Light & Rectangular Tube Brown Metal Grey,1200mm x,,,,1 Set,23035.0,INR,False,,2026-09-01,Tataria Price List 01-09-2026.pdf,43,TAB-3793.120.BMG | ₹23035/-
tataria,Tataria,TAB-3793.120.MB,False,Matt Black,,,,,1 Set,15131.0,INR,False,,2026-09-01,Tataria Price List 01-09-2026.pdf,43,TAB-3793.120.MB | ₹15131/-
tataria,Tataria,TAB-3793.96.BMG,False,Brown Metal Grey,960mm x 500mm,,,,1 Set,20587.0,INR,False,,2026-09-01,Tataria Price List 01-09-2026.pdf,43,TAB-3793.96.BMG | ₹20587/-
tataria,Tataria,TAB-3793.96.MB,False,Matt Black,,,,,1 Set,13234.0,INR,False,,2026-09-01,Tataria Price List 01-09-2026.pdf,43,TAB-3793.96.MB | ₹13234/-
tataria,Tataria,TAB-3793.60.BMG,False,Brown Metal Grey,600mm x 500mm,,,,1 Set,16328.0,INR,False,,2026-09-01,Tataria Price List 01-09-2026.pdf,43,TAB-3793.60.BMG | ₹16328/-
tataria,Tataria,TAB-3793.60.MB,False,Matt Black,,,,,1 Set,11065.0,INR,False,,2026-09-01,Tataria Price List 01-09-2026.pdf,43,TAB-3793.60.MB | ₹11065/-
tataria,Tataria,TA-3803.BMG,False,Glowex Aluminium shelf back & Side Profile Brown Metal Grey,3000mm,,,,1 Pcs,12200.0,INR,False,,2026-09-01,Tataria Price List 01-09-2026.pdf,43,TA-3803.BMG | ₹12200/-
tataria,Tataria,TA-808.MB,False,Matt Black,,,,,1 Pcs,8910.0,INR,False,,2026-09-01,Tataria Price List 01-09-2026.pdf,43,TA-808.MB | ₹8910/-
tataria,Tataria,TA-3802.BMG,False,Glowex Aluminium shelf front light Profile with difuser Brown Metal Grey,3000mm,,,,1 Pcs,13500.0,INR,False,,2026-09-01,Tataria Price List 01-09-2026.pdf,43,TA-3802.BMG | ₹13500/-
tataria,Tataria,TA-807.MB,False,Matt Black,,,,,1 Pcs,9640.0,INR,False,,2026-09-01,Tataria Price List 01-09-2026.pdf,43,TA-807.MB | ₹9640/-
tataria,Tataria,TA-3804,False,Set of 4 Connecting Plates with Screws - Zinc,,,,,1 Set,780.0,INR,False,,2026-09-01,Tataria Price List 01-09-2026.pdf,43,TA-3804 | ₹780/-
tataria,Tataria,TAB-2381,False,Shelf Support for Aluminium Profile Shelf with Screws (Set of 4 Pcs ) - Zinc,,,,,1 Set,480.0,INR,False,,2026-09-01,Tataria Price List 01-09-2026.pdf,43,TAB-2381 | ₹480/-
tataria,Tataria,TA-3805,False,Soft Self Adhesive Gasket for Glowex Shelf Brown Metal Grey,12mm x 2mm,,,,,110.0,INR,False,,2026-09-01,Tataria Price List 01-09-2026.pdf,43,TA-3805 | ₹110/-
tataria,Tataria,KL-369.3K,False,11.5 W/M 24VDC Warm White,4mm Led Strip Lights,,,,1 Pcs,4450.0,INR,False,,2026-09-01,Tataria Price List 01-09-2026.pdf,43,KL-369.3K | ₹4450/-
tataria,Tataria,KL-369.4K,False,11.5 W/M 24VDC White,4mm Led Strip Lights,,,,1 Pcs,4450.0,INR,False,,2026-09-01,Tataria Price List 01-09-2026.pdf,43,KL-369.4K | ₹4450/-
tataria,Tataria,TAB-2391.120.44.MG,False,Ready Made Mixbox 100 with Slide Module 1200mm Brown Metal Grey,1123mm x,,,,1 Set,32716.0,INR,False,,2026-09-01,Tataria Price List 01-09-2026.pdf,44,TAB-2391.120.44.MG | ₹32716/-
tataria,Tataria,TAB-2391.96.44.MG,False,Ready Made Mixbox 100 with Slide Module 960mm Brown Metal Grey,883mm x 448mm,,,,1 Set,29370.0,INR,False,,2026-09-01,Tataria Price List 01-09-2026.pdf,44,TAB-2391.96.44.MG | ₹29370/-
tataria,Tataria,TAB-2391.66.44.MG,False,Ready Made Mixbox 100 with Slide Module 660mm Brown Metal Grey,583mm x 448mm,,,,1 Set,23466.0,INR,False,,2026-09-01,Tataria Price List 01-09-2026.pdf,44,TAB-2391.66.44.MG | ₹23466/-
tataria,Tataria,TA-2393.BMG,False,MixBox 100 Aluminium Drawer Profile Brown Metal Grey,3000mm,,,,1 Pcs,19680.0,INR,False,,2026-09-01,Tataria Price List 01-09-2026.pdf,44,TA-2393.BMG | ₹19680/-
tataria,Tataria,TAB-2394,False,Assembling Kit For MixBox 100 Drawer Profile - Zinc,,,,,1 Set,1420.0,INR,False,,2026-09-01,Tataria Price List 01-09-2026.pdf,44,TAB-2394 | ₹1420/-
tataria,Tataria,TA-2395.BMG,False,Readymade Trouser Holder for MixBox 100 Brown Metal Grey,825mm x 390mm,,,,1 Pcs,17660.0,INR,False,,2026-09-01,Tataria Price List 01-09-2026.pdf,44,TA-2395.BMG | ₹17660/-
tataria,Tataria,TA-2396,False,Under Mount Runner Zinc,420mm,,,,1 Set,5520.0,INR,False,,2026-09-01,Tataria Price List 01-09-2026.pdf,44,TA-2396 | ₹5520/-
tataria,Tataria,TA-2468.120.GR,False,Simil Leather Structural Drawer Bottom Mixbox Grey mm Grey,1065 mm X 390,,,,1 Pcs,5280.0,INR,False,,2026-09-01,Tataria Price List 01-09-2026.pdf,45,TA-2468.120.GR | ₹5280/-
tataria,Tataria,TA-2468.96.GR,False,Simil Leather Structural Drawer Bottom Mixbox Grey Grey,825mm X 390mm,,,,1 Pcs,4820.0,INR,False,,2026-09-01,Tataria Price List 01-09-2026.pdf,45,TA-2468.96.GR | ₹4820/-
tataria,Tataria,TA-2468.66.GR,False,Simil Leather Structural Drawer Bottom Mixbox Grey Grey,525mm X 390mm,,,,1 Set,4380.0,INR,False,,2026-09-01,Tataria Price List 01-09-2026.pdf,45,TA-2468.66.GR | ₹4380/-
tataria,Tataria,TA-2664,False,Universal Tray W194mm X D432mm Textile Grey + Grey Velvet,,,,,1 Pcs,9960.0,INR,False,,2026-09-01,Tataria Price List 01-09-2026.pdf,47,TA-2664 | ₹9960/-
tataria,Tataria,TAB-2665,False,Jewelry Tray W194mm X D432mm Textile Grey + Grey Velvet,,,,,1 Pcs,13800.0,INR,False,,2026-09-01,Tataria Price List 01-09-2026.pdf,47,TAB-2665 | ₹13800/-
tataria,Tataria,TAB-2666,False,Timepiece Tray W194mm X D432mm Textile Grey + Grey Velvet,,,,,1 Pcs,13800.0,INR,False,,2026-09-01,Tataria Price List 01-09-2026.pdf,47,TAB-2666 | ₹13800/-
tataria,Tataria,TAB-2667,False,Eyeglass Tray W194mm X D432mm Textile Grey + Grey Velvet,,,,,1 Pcs,13400.0,INR,False,,2026-09-01,Tataria Price List 01-09-2026.pdf,47,TAB-2667 | ₹13400/-
tataria,Tataria,TAB-2668,False,Divider Tray W194mm X D432mm Textile Grey + Grey Velvet,,,,,1 Pcs,12680.0,INR,False,,2026-09-01,Tataria Price List 01-09-2026.pdf,47,TAB-2668 | ₹12680/-
tataria,Tataria,TA-2669,False,Textile Box with Lid W320mm x D420mm x H210mm Textile Grey + Grey Velvet,,,,,1 Pcs,13200.0,INR,False,,2026-09-01,Tataria Price List 01-09-2026.pdf,47,TA-2669 | ₹13200/-
tataria,Tataria,TA-2670,False,Textile Box without Lid for Raster W275mm x D322mm x H85mm Textile Grey + Grey Velvet,,,,,1 Pcs,7780.0,INR,False,,2026-09-01,Tataria Price List 01-09-2026.pdf,47,TA-2670 | ₹7780/-
tataria,Tataria,TA-2474.MU,False,Suit Carriers for Suits and Short Dresses 1100 x 600 mm Mud,,,,,1 Set,7720.0,INR,False,,2026-09-01,Tataria Price List 01-09-2026.pdf,47,TA-2474.MU | ₹7720/-
tataria,Tataria,TA-2475.MU,False,Suit Carriers for Coat and Long Dress 1400 x 600 mm Mud,,,,,1 Set,9680.0,INR,False,,2026-09-01,Tataria Price List 01-09-2026.pdf,47,TA-2475.MU | ₹9680/-
tataria,Tataria,TA-2461.GR,False,Timepiece Holder W-150 X D-432 X H-50mm Grey,,,,,1 Pcs,6950.0,INR,False,,2026-09-01,Tataria Price List 01-09-2026.pdf,48,TA-2461.GR | ₹6950/-
tataria,Tataria,TA-2462.GR,False,Jewellery Tray W-150 X D-432 X H-50mm Grey,,,,,1 Pcs,6450.0,INR,False,,2026-09-01,Tataria Price List 01-09-2026.pdf,48,TA-2462.GR | ₹6450/-
tataria,Tataria,TA-2462.MBR,False,Mocha Brown,,,,,1 Pcs,6450.0,INR,False,,2026-09-01,Tataria Price List 01-09-2026.pdf,48,TA-2462.MBR | ₹6450/-
tataria,Tataria,TA-2463.GR,False,Tie Tray W-150 X D-432 X H-50mm Grey,,,,,1 Pcs,6450.0,INR,False,,2026-09-01,Tataria Price List 01-09-2026.pdf,48,TA-2463.GR | ₹6450/-
tataria,Tataria,TA-2463.MBR,False,Mocha Brown,,,,,1 Pcs,6450.0,INR,False,,2026-09-01,Tataria Price List 01-09-2026.pdf,48,TA-2463.MBR | ₹6450/-
tataria,Tataria,TA-2464.GR,False,Eyeglass Holder W-150 X D-432 X H-50mm Grey,,,,,1 Pcs,6450.0,INR,False,,2026-09-01,Tataria Price List 01-09-2026.pdf,48,TA-2464.GR | ₹6450/-
tataria,Tataria,TA-2466.GR,False,Wardrobe Organiser Box W-275 X D-322 X H-85mm Grey,,,,,1 Pcs,4200.0,INR,False,,2026-09-01,Tataria Price List 01-09-2026.pdf,48,TA-2466.GR | ₹4200/-
tataria,Tataria,TA-2466.MBR,False,Mocha Brown,,,,,1 Pcs,4200.0,INR,False,,2026-09-01,Tataria Price List 01-09-2026.pdf,48,TA-2466.MBR | ₹4200/-
tataria,Tataria,TA-2467.GR,False,Wardrobe Organizer Box with Lid W-350 X D-450 X H-200mm Grey,,,,,1 Pcs,8320.0,INR,False,,2026-09-01,Tataria Price List 01-09-2026.pdf,48,TA-2467.GR | ₹8320/-
tataria,Tataria,KLB-206.20.42.BR,False,Drawer Complete Kit with 2 Watch Pillow and 1 Ring Holder 1 Pcs Leather Bottom as Per Width W-200 mm x D-420mm Leather Brown,,,,,1 Set,5168.0,INR,False,,2026-09-01,Tataria Price List 01-09-2026.pdf,49,KLB-206.20.42.BR | ₹5168/-
tataria,Tataria,KLB-206.30.42.BR,False,Drawer Complete Kit with 2 Watch Pillow and 1 Ring Holder 1 Pcs Leather Bottom as Per Width W-300 mm x D-420mm Leather Brown,,,,,1 Pcs,5665.0,INR,False,,2026-09-01,Tataria Price List 01-09-2026.pdf,49,KLB-206.30.42.BR | ₹5665/-
tataria,Tataria,KLB-206.40.42.BR,False,Drawer Complete Kit with 2 Watch Pillow and 1 Ring Holder 1 Pcs Leather Bottom as Per Width W-400 mm x D-420mm Leather Brown,,,,,1 Set,6425.0,INR,False,,2026-09-01,Tataria Price List 01-09-2026.pdf,50,KLB-206.40.42.BR | ₹6425/-
tataria,Tataria,KLB-206.49.42.BR,False,Drawer Complete Kit with 2 Watch Pillow and 1 Ring Holder 1 Pcs Leather Bottom as Per Width W-495 mm x D-420mm Leather Brown,,,,,1 Set,6759.0,INR,False,,2026-09-01,Tataria Price List 01-09-2026.pdf,50,KLB-206.49.42.BR | ₹6759/-
tataria,Tataria,KLB-206.79.42.BR,False,Drawer Complete Kit with 2 Watch Pillow and 1 Ring Holder 1 Pcs Leather Bottom as Per Width W-795 mm x D-420mm Leather Brown,,,,,1 Set,8713.0,INR,False,,2026-09-01,Tataria Price List 01-09-2026.pdf,50,KLB-206.79.42.BR | ₹8713/-
tataria,Tataria,KL-201.10.BR,False,Clapboard 60mm x 1 Mtr Leather Brown,1000mm,,,,10 Pcs,696.0,INR,False,,2026-09-01,Tataria Price List 01-09-2026.pdf,50,KL-201.10.BR | ₹696/-
tataria,Tataria,KL-201.10.GR,False,Velvet Grey,,,,,10 Pcs,696.0,INR,False,,2026-09-01,Tataria Price List 01-09-2026.pdf,50,KL-201.10.GR | ₹696/-
tataria,Tataria,KL-202.02.BR,False,Two Way Connector Brown,60mm,,,,1 Pcs,52.0,INR,False,,2026-09-01,Tataria Price List 01-09-2026.pdf,50,KL-202.02.BR | ₹52/-
tataria,Tataria,KL-202.02.GR,False,Grey,,,,,1 Pcs,52.0,INR,False,,2026-09-01,Tataria Price List 01-09-2026.pdf,50,KL-202.02.GR | ₹52/-
tataria,Tataria,KL-202.03.BR,False,Three Way Connector Brown,60mm,,,,20 Pcs,52.0,INR,False,,2026-09-01,Tataria Price List 01-09-2026.pdf,51,KL-202.03.BR | ₹52/-
tataria,Tataria,KL-202.04.BR,False,Four Way Connector Brown,60mm,,,,20 Pcs,52.0,INR,False,,2026-09-01,Tataria Price List 01-09-2026.pdf,51,KL-202.04.BR | ₹52/-
tataria,Tataria,KL-460.13.BR,False,Self Adhesive Matt Leather Brown,1350mm x 1mtr,,,,,1350.0,INR,False,,2026-09-01,Tataria Price List 01-09-2026.pdf,51,KL-460.13.BR | ₹1350/-
tataria,Tataria,KL-203.15.GR,False,Velvet Grey,1500mm x 1mtr,,,,,1350.0,INR,False,,2026-09-01,Tataria Price List 01-09-2026.pdf,51,KL-203.15.GR | ₹1350/-
tataria,Tataria,KL-204.BR,False,Watch Pillow Leather Brown,90mm x 90mm,,,,10 Pcs,210.0,INR,False,,2026-09-01,Tataria Price List 01-09-2026.pdf,51,KL-204.BR | ₹210/-
tataria,Tataria,KL-204.DG,False,Dark Grey,,,,,10 Pcs,210.0,INR,False,,2026-09-01,Tataria Price List 01-09-2026.pdf,51,KL-204.DG | ₹210/-
tataria,Tataria,KL-204.GR,False,Velvet Grey,,,,,10 Pcs,210.0,INR,False,,2026-09-01,Tataria Price List 01-09-2026.pdf,51,KL-204.GR | ₹210/-
tataria,Tataria,KL-205.BR,False,Ring Holder Leather Brown,220mm x 100mm,,,,4 Pcs,490.0,INR,False,,2026-09-01,Tataria Price List 01-09-2026.pdf,51,KL-205.BR | ₹490/-
tataria,Tataria,KL-205.DG,False,Dark Grey,,,,,4 Pcs,490.0,INR,False,,2026-09-01,Tataria Price List 01-09-2026.pdf,51,KL-205.DG | ₹490/-
tataria,Tataria,KL-205.GR,False,Velvet Grey,,,,,4 Pcs,490.0,INR,False,,2026-09-01,Tataria Price List 01-09-2026.pdf,51,KL-205.GR | ₹490/-
tataria,Tataria,TA-2355,False,Air Purifier Onbox for Wardrobe & Kitchen Cabinet with Air Light Pro UV-A System F Brown,293mm,,,,1 Pcs,26800.0,INR,False,,2026-09-01,Tataria Price List 01-09-2026.pdf,52,TA-2355 | ₹26800/-
tataria,Tataria,TAB-2340,False,Driver for Air Purifier TA-2355 25W x 12V -,,,,,1 Pcs,2700.0,INR,False,,2026-09-01,Tataria Price List 01-09-2026.pdf,52,TAB-2340 | ₹2700/-
tataria,Tataria,TA-2469.06,False,Watch Revolving System 6 Watch Black / Chrome,,,,,1 Set,26100.0,INR,False,,2026-09-01,Tataria Price List 01-09-2026.pdf,53,TA-2469.06 | ₹26100/-
tataria,Tataria,KL-227,False,Wooden Hanger - Teak,,,,,1 Pcs,1230.0,INR,False,,2026-09-01,Tataria Price List 01-09-2026.pdf,53,KL-227 | ₹1230/-
tataria,Tataria,SS-156,False,Eco Hanger S.S.,,,,,1 Pcs,160.0,INR,False,,2026-09-01,Tataria Price List 01-09-2026.pdf,53,SS-156 | ₹160/-
tataria,Tataria,KLB-226,False,Pullout Conceal Hanger Matt black + chrome,91mm x 10mm,,,,12 Pcs,380.0,INR,False,,2026-09-01,Tataria Price List 01-09-2026.pdf,53,KLB-226 | ₹380/-
tataria,Tataria,MSPC-101,False,Coat Hook (MS) Small Ivory,,,,,60 Pcs,16.0,INR,False,,2026-09-01,Tataria Price List 01-09-2026.pdf,53,MSPC-101 | ₹16/-
tataria,Tataria,KL-193,False,Oval Socket Nickel,16mm x 35mm,,,,,32.0,INR,False,,2026-09-01,Tataria Price List 01-09-2026.pdf,53,KL-193 | ₹32/-
tataria,Tataria,KL-198,False,Key Stand with Tray W 250mm x H-110mm White,,,,,1 Pcs,1480.0,INR,False,,2026-09-01,Tataria Price List 01-09-2026.pdf,53,KL-198 | ₹1480/-
tataria,Tataria,SS-142.09,False,Long Tie Rod SS,225mm,,,,6 Pcs,276.0,INR,False,,2026-09-01,Tataria Price List 01-09-2026.pdf,54,SS-142.09 | ₹276/-
tataria,Tataria,SS-142.12,False,Long Tie Rod SS,300mm,,,,,286.0,INR,False,,2026-09-01,Tataria Price List 01-09-2026.pdf,54,SS-142.12 | ₹286/-
tataria,Tataria,SS-142.15,False,Long Tie Rod SS,375mm,,,,,308.0,INR,False,,2026-09-01,Tataria Price List 01-09-2026.pdf,54,SS-142.15 | ₹308/-
tataria,Tataria,CP-142.09,False,Long Tie Rod CP,225mm,,,,6 Pcs,340.0,INR,False,,2026-09-01,Tataria Price List 01-09-2026.pdf,54,CP-142.09 | ₹340/-
tataria,Tataria,CP-142.12,False,Long Tie Rod CP,300mm,,,,,352.0,INR,False,,2026-09-01,Tataria Price List 01-09-2026.pdf,54,CP-142.12 | ₹352/-
tataria,Tataria,CP-142.15,False,Long Tie Rod CP,450mm,,,,,380.0,INR,False,,2026-09-01,Tataria Price List 01-09-2026.pdf,54,CP-142.15 | ₹380/-
tataria,Tataria,CP-142.18,False,Long Tie Rod CP,450mm,,,,,412.0,INR,False,,2026-09-01,Tataria Price List 01-09-2026.pdf,54,CP-142.18 | ₹412/-
tataria,Tataria,CP-143.18,False,Tie & Belt Holder CP,450mm,,,,6 Pcs,574.0,INR,False,,2026-09-01,Tataria Price List 01-09-2026.pdf,54,CP-143.18 | ₹574/-
tataria,Tataria,SS-171.CO,False,Cut Type Mirror Button (Round) Corner SS,,,,,48 Pcs,72.0,INR,False,,2026-09-01,Tataria Price List 01-09-2026.pdf,54,SS-171.CO | ₹72/-
tataria,Tataria,SS-172,False,SS,2mm Stud,,,,36 Pcs,124.0,INR,False,,2026-09-01,Tataria Price List 01-09-2026.pdf,54,SS-172 | ₹124/-
tataria,Tataria,SS-111,False,Round Mirror Cap (SS 304 with 16 mm Brass Screw) ¾” SS,,,,,,68.0,INR,False,,2026-09-01,Tataria Price List 01-09-2026.pdf,54,SS-111 | ₹68/-
tataria,Tataria,BRCP-120,False,Brass Key Hole Big CP,,,,,,33.0,INR,False,,2026-09-01,Tataria Price List 01-09-2026.pdf,54,BRCP-120 | ₹33/-
tataria,Tataria,BRSS-121,False,Brass Key Hole Medium SS,,,,,,21.0,INR,False,,2026-09-01,Tataria Price List 01-09-2026.pdf,54,BRSS-121 | ₹21/-
tataria,Tataria,BRCP-121,False,CP,,,,,,30.0,INR,False,,2026-09-01,Tataria Price List 01-09-2026.pdf,54,BRCP-121 | ₹30/-
tataria,Tataria,BRSS-122,False,Round Key Hole SS,,,,,,15.0,INR,False,,2026-09-01,Tataria Price List 01-09-2026.pdf,54,BRSS-122 | ₹15/-
tataria,Tataria,BRCP-122,False,CP,,,,,,18.0,INR,False,,2026-09-01,Tataria Price List 01-09-2026.pdf,54,BRCP-122 | ₹18/-
tataria,Tataria,KL-245,False,Trouser Rack Orange + Grey,900mm,,,,1 Pcs,12100.0,INR,False,,2026-09-01,Tataria Price List 01-09-2026.pdf,55,KL-245 | ₹12100/-
tataria,Tataria,KL-246,False,Leather Sorting Box Orange + Grey,900mm,,,,1 Pcs,19860.0,INR,False,,2026-09-01,Tataria Price List 01-09-2026.pdf,55,KL-246 | ₹19860/-
tataria,Tataria,KL-247,False,Leather Basket Orange + Grey,900mm,,,,1 Pcs,18220.0,INR,False,,2026-09-01,Tataria Price List 01-09-2026.pdf,55,KL-247 | ₹18220/-
tataria,Tataria,KL-268,False,Rotating Mirror H-1200mm x W-350 mm Grey,,,,,20 Pcs,5880.0,INR,False,,2026-09-01,Tataria Price List 01-09-2026.pdf,55,KL-268 | ₹5880/-
tataria,Tataria,KL-444,False,Dust Strip Slide On Grey,9mm x 4.8mm,,,,,22.0,INR,False,,2026-09-01,Tataria Price List 01-09-2026.pdf,55,KL-444 | ₹22/-
tataria,Tataria,KL-275,False,Self Adhesive Dust Strip Black + Clear,3000mm,,,,12 Pcs,620.0,INR,False,,2026-09-01,Tataria Price List 01-09-2026.pdf,55,KL-275 | ₹620/-
tataria,Tataria,TAB-2798.CUST.BMG,False,Pixel Ready made Door with Flex Hinge and Full Handle Customised Brown Metal Grey,,,,,1 Set,0.0,INR,False,,2026-09-01,Tataria Price List 01-09-2026.pdf,57,TAB-2798.CUST.BMG | ₹0/-
tataria,Tataria,TA-3842.25.20.BMG,False,Flex Hinge with Full 180’ Opening Stop and 270’ Full Rotation Integrated Softclose Brown Metal Grey,25mm Panel X,,,,1 Pcs,7580.0,INR,False,,2026-09-01,Tataria Price List 01-09-2026.pdf,57,TA-3842.25.20.BMG | ₹7580/-
tataria,Tataria,TA-2449,False,Fixing Support with Screws for 30kg Hinge (L+R) - Zinc,,,,,1 Set,1340.0,INR,False,,2026-09-01,Tataria Price List 01-09-2026.pdf,58,TA-2449 | ₹1340/-
tataria,Tataria,TA-1068.BL,False,Housing Case for 20kg Invisible Hinge - Black Nickel,,,,,1 Set,840.0,INR,False,,2026-09-01,Tataria Price List 01-09-2026.pdf,58,TA-1068.BL | ₹840/-
tataria,Tataria,TA-2331.BMG,False,Aluminium Handle Profile for 25mm Panel Brown Metal Grey,2650mm,,,,1 Pcs,4040.0,INR,False,,2026-09-01,Tataria Price List 01-09-2026.pdf,58,TA-2331.BMG | ₹4040/-
tataria,Tataria,TA-2332.BMG,False,Aluminium Edge Profile for 25mm Panel Brown Metal Grey,2650mm,,,,1 Pcs,2590.0,INR,False,,2026-09-01,Tataria Price List 01-09-2026.pdf,58,TA-2332.BMG | ₹2590/-
tataria,Tataria,TA-1037,False,Intermediate / Back Connector Profile Aluminum Anodized,2650mm,,,,1 Pcs,9280.0,INR,False,,2026-09-01,Tataria Price List 01-09-2026.pdf,58,TA-1037 | ₹9280/-
tataria,Tataria,KL-544.MB,False,Unipro Hinged Profile Matt Black,3000mm,,,,10 Pcs,4210.0,INR,False,,2026-09-01,Tataria Price List 01-09-2026.pdf,59,KL-544.MB | ₹4210/-
tataria,Tataria,KL-544.MBN,False,Matt Brown,,,,,10 Pcs,4210.0,INR,False,,2026-09-01,Tataria Price List 01-09-2026.pdf,59,KL-544.MBN | ₹4210/-
tataria,Tataria,KL-544.BG,False,Brush Gold,,,,,10 Pcs,4480.0,INR,False,,2026-09-01,Tataria Price List 01-09-2026.pdf,59,KL-544.BG | ₹4480/-
tataria,Tataria,KL-543.MB,False,Unipro Handle Profile Matt Black,3000mm,,,,10 Pcs,6250.0,INR,False,,2026-09-01,Tataria Price List 01-09-2026.pdf,59,KL-543.MB | ₹6250/-
tataria,Tataria,KL-543.MBN,False,Matt Brown,,,,,10 Pcs,6250.0,INR,False,,2026-09-01,Tataria Price List 01-09-2026.pdf,59,KL-543.MBN | ₹6250/-
tataria,Tataria,KL-543.BG,False,Brush Gold,,,,,10 Pcs,6890.0,INR,False,,2026-09-01,Tataria Price List 01-09-2026.pdf,59,KL-543.BG | ₹6890/-
tataria,Tataria,KL-545.MB,False,Unipro Horizontal Flush Handle Matt Black,700mm,,,,10 Pcs,3660.0,INR,False,,2026-09-01,Tataria Price List 01-09-2026.pdf,60,KL-545.MB | ₹3660/-
tataria,Tataria,KL-545.BG,False,Brush Gold,,,,,10 Pcs,3660.0,INR,False,,2026-09-01,Tataria Price List 01-09-2026.pdf,60,KL-545.BG | ₹3660/-
tataria,Tataria,KL-610,False,Magnet Door Straightener - Brown,,,,,1 Set,680.0,INR,False,,2026-09-01,Tataria Price List 01-09-2026.pdf,60,KL-610 | ₹680/-
tataria,Tataria,TAB-2446,False,Connector Bracket for Unipro 30kg Aluminium Profile (Set of 4 Pcs) with Screws - Zinc,,,,,1 Set,2136.0,INR,False,,2026-09-01,Tataria Price List 01-09-2026.pdf,60,TAB-2446 | ₹2136/-
tataria,Tataria,KLB-604,False,Connector For Unipro Horizonatal Flush Handle - Aluminium,,,,,1 Set,740.0,INR,False,,2026-09-01,Tataria Price List 01-09-2026.pdf,60,KLB-604 | ₹740/-
tataria,Tataria,KL-513.04,False,Seal for 4mm Glass Clear,3000mm,,,,10 Pcs,120.0,INR,False,,2026-09-01,Tataria Price List 01-09-2026.pdf,60,KL-513.04 | ₹120/-
tataria,Tataria,KL-513.05,False,Seal for 5mm Glass Clear,3000mm,,,,10 Pcs,120.0,INR,False,,2026-09-01,Tataria Price List 01-09-2026.pdf,60,KL-513.05 | ₹120/-
tataria,Tataria,KL-602.BL,False,Door Seal Black,3000mm,,,,10 Pcs,220.0,INR,False,,2026-09-01,Tataria Price List 01-09-2026.pdf,60,KL-602.BL | ₹220/-
tataria,Tataria,KL-602.GD,False,Gold,,,,,10 Pcs,220.0,INR,False,,2026-09-01,Tataria Price List 01-09-2026.pdf,60,KL-602.GD | ₹220/-
tataria,Tataria,KL-603.BL,False,Dust Seal Black,3000mm,,,,10 Pcs,360.0,INR,False,,2026-09-01,Tataria Price List 01-09-2026.pdf,60,KL-603.BL | ₹360/-
tataria,Tataria,KL-603.GD,False,Gold,,,,,10 Pcs,360.0,INR,False,,2026-09-01,Tataria Price List 01-09-2026.pdf,60,KL-603.GD | ₹360/-
tataria,Tataria,KL-541.MB,False,Universal Hinge Profile Matt Black,3000mm,,,,10 Pcs,3080.0,INR,False,,2026-09-01,Tataria Price List 01-09-2026.pdf,61,KL-541.MB | ₹3080/-
tataria,Tataria,KL-541.BG,False,Brush Gold,,,,,10 Pcs,3360.0,INR,False,,2026-09-01,Tataria Price List 01-09-2026.pdf,61,KL-541.BG | ₹3360/-
tataria,Tataria,KL-542.MB,False,Universal Handle Profile Matt Black,3000mm,,,,10 Pcs,4440.0,INR,False,,2026-09-01,Tataria Price List 01-09-2026.pdf,61,KL-542.MB | ₹4440/-
tataria,Tataria,KL-542.BG,False,Brush Gold,,,,,10 Pcs,4760.0,INR,False,,2026-09-01,Tataria Price List 01-09-2026.pdf,61,KL-542.BG | ₹4760/-
tataria,Tataria,TAB-2443,False,Connector Bracket for Universal 20kg Aluminium Profile (Set of 4 Pcs) with Screws - Zinc,,,,,4 Set,1080.0,INR,False,,2026-09-01,Tataria Price List 01-09-2026.pdf,62,TAB-2443 | ₹1080/-
tataria,Tataria,KL-503,False,Seal for 4mm Glass Clear,3000 mm,,,,10 Pcs,120.0,INR,False,,2026-09-01,Tataria Price List 01-09-2026.pdf,62,KL-503 | ₹120/-
tataria,Tataria,TA-4330.MB,False,Fusion Aluminium Profile Matt Black,3000mm,,,,12 Pcs,9980.0,INR,False,,2026-09-01,Tataria Price List 01-09-2026.pdf,64,TA-4330.MB | ₹9980/-
tataria,Tataria,TA-4330.CH,False,Champagne,,,,,12 Pcs,9980.0,INR,False,,2026-09-01,Tataria Price List 01-09-2026.pdf,64,TA-4330.CH | ₹9980/-
tataria,Tataria,TA-4331.MB,False,Handle Matt Black,150mm,,,,10 Pcs,2750.0,INR,False,,2026-09-01,Tataria Price List 01-09-2026.pdf,64,TA-4331.MB | ₹2750/-
tataria,Tataria,TA-4331.CH,False,Handle Champagne,150mm,,,,10 Pcs,2750.0,INR,False,,2026-09-01,Tataria Price List 01-09-2026.pdf,64,TA-4331.CH | ₹2750/-
tataria,Tataria,TA-4332.MB,False,Seal Strip - Black,,,,,,186.0,INR,False,,2026-09-01,Tataria Price List 01-09-2026.pdf,64,TA-4332.MB | ₹186/-
tataria,Tataria,TA-4332.CH,False,- Champagne,,,,,,186.0,INR,False,,2026-09-01,Tataria Price List 01-09-2026.pdf,64,TA-4332.CH | ₹186/-
tataria,Tataria,TA-4333,False,Connector for Fusion Profile Set of 4Pcs - Zinc,,,,,12 Set,832.0,INR,False,,2026-09-01,Tataria Price List 01-09-2026.pdf,64,TA-4333 | ₹832/-
tataria,Tataria,TA-2252.0.MB,False,Fusion Profile Hinge 0 Crank Black,,,,,1 Set,11980.0,INR,False,,2026-09-01,Tataria Price List 01-09-2026.pdf,64,TA-2252.0.MB | ₹11980/-
tataria,Tataria,TA-2252.0.CH,False,Champagne,,,,,1 Set,11980.0,INR,False,,2026-09-01,Tataria Price List 01-09-2026.pdf,64,TA-2252.0.CH | ₹11980/-
tataria,Tataria,TAB-2252.8.MB,False,8 Crank Black,,,,,1 Set,12580.0,INR,False,,2026-09-01,Tataria Price List 01-09-2026.pdf,64,TAB-2252.8.MB | ₹12580/-
tataria,Tataria,TAB-2252.8.CH,False,Champagne,,,,,1 Set,12580.0,INR,False,,2026-09-01,Tataria Price List 01-09-2026.pdf,64,TAB-2252.8.CH | ₹12580/-
tataria,Tataria,KL-592.WL,False,Woodura Aluminium Profile Walnut,3000mm,,,,12 Pcs,5860.0,INR,False,,2026-09-01,Tataria Price List 01-09-2026.pdf,65,KL-592.WL | ₹5860/-
tataria,Tataria,KL-592.GO,False,Grey Oak,3000mm,,,,12 Pcs,5860.0,INR,False,,2026-09-01,Tataria Price List 01-09-2026.pdf,65,KL-592.GO | ₹5860/-
tataria,Tataria,KL-594,False,Coneector Set of 4Pcs - Zinc,,,,,24 Sets,320.0,INR,False,,2026-09-01,Tataria Price List 01-09-2026.pdf,65,KL-594 | ₹320/-
tataria,Tataria,KL-593.WL,False,D Handle - Walnut,,,,,12 Pcs,1490.0,INR,False,,2026-09-01,Tataria Price List 01-09-2026.pdf,65,KL-593.WL | ₹1490/-
tataria,Tataria,KL-593.GO,False,- Grey Oak,,,,,12 Pcs,1490.0,INR,False,,2026-09-01,Tataria Price List 01-09-2026.pdf,65,KL-593.GO | ₹1490/-
tataria,Tataria,KL-595.WL,False,H Handle - Walnut,,,,,12 Pcs,1490.0,INR,False,,2026-09-01,Tataria Price List 01-09-2026.pdf,65,KL-595.WL | ₹1490/-
tataria,Tataria,KL-595.GO,False,- Grey Oak,,,,,12 Pcs,1490.0,INR,False,,2026-09-01,Tataria Price List 01-09-2026.pdf,65,KL-595.GO | ₹1490/-
tataria,Tataria,KL-291.BG,False,Vertical Hinge Profile with Glass Gasket Brush Gold,3000mm,,,,10 Pcs,3480.0,INR,False,,2026-09-01,Tataria Price List 01-09-2026.pdf,67,KL-291.BG | ₹3480/-
tataria,Tataria,KL-291.MG,False,Milano Grey,,,,,,3660.0,INR,False,,2026-09-01,Tataria Price List 01-09-2026.pdf,67,KL-291.MG | ₹3660/-
tataria,Tataria,KL-292.BG,False,Handle Profile with Glass Gasket Brush Gold,3000mm,,,,20 Pcs,2390.0,INR,False,,2026-09-01,Tataria Price List 01-09-2026.pdf,67,KL-292.BG | ₹2390/-
tataria,Tataria,KL-292.MG,False,Milano Grey,,,,,,2520.0,INR,False,,2026-09-01,Tataria Price List 01-09-2026.pdf,67,KL-292.MG | ₹2520/-
tataria,Tataria,KL-293.BG,False,Top/Bottom Male Profile with Glass Gasket Brush Gold,3000mm,,,,40 Pcs,910.0,INR,False,,2026-09-01,Tataria Price List 01-09-2026.pdf,67,KL-293.BG | ₹910/-
tataria,Tataria,KL-293.MG,False,Milano Grey,,,,,,980.0,INR,False,,2026-09-01,Tataria Price List 01-09-2026.pdf,67,KL-293.MG | ₹980/-
tataria,Tataria,KL-294.BG,False,Top/Bottom Female Profile Brush Gold,3000mm,,,,40 Pcs,1350.0,INR,False,,2026-09-01,Tataria Price List 01-09-2026.pdf,67,KL-294.BG | ₹1350/-
tataria,Tataria,KL-294.MG,False,Milano Grey,,,,,,1450.0,INR,False,,2026-09-01,Tataria Price List 01-09-2026.pdf,67,KL-294.MG | ₹1450/-
tataria,Tataria,KL-640.BG,False,Evo Door Handle Brush Gold,200mm,,,,10 Pcs,872.0,INR,False,,2026-09-01,Tataria Price List 01-09-2026.pdf,67,KL-640.BG | ₹872/-
tataria,Tataria,KL-640.MG,False,Milano Grey,,,,,,1178.0,INR,False,,2026-09-01,Tataria Price List 01-09-2026.pdf,67,KL-640.MG | ₹1178/-
tataria,Tataria,KL-495.BG,False,End Cap for Top/ Bottom Profile - Brush Gold,,,,,12Pcs,80.0,INR,False,,2026-09-01,Tataria Price List 01-09-2026.pdf,68,KL-495.BG | ₹80/-
tataria,Tataria,KL-495.MG,False,Milano Grey,,,,,,80.0,INR,False,,2026-09-01,Tataria Price List 01-09-2026.pdf,68,KL-495.MG | ₹80/-
tataria,Tataria,KL-602.GR,False,Grey,,,,,,220.0,INR,False,,2026-09-01,Tataria Price List 01-09-2026.pdf,68,KL-602.GR | ₹220/-
tataria,Tataria,KL-603.GR,False,Grey,,,,,,360.0,INR,False,,2026-09-01,Tataria Price List 01-09-2026.pdf,68,KL-603.GR | ₹360/-
tataria,Tataria,KL-498.GL,False,Fitting Screw for Evo Door - Gold,,,,,,6.0,INR,False,,2026-09-01,Tataria Price List 01-09-2026.pdf,68,KL-498.GL | ₹6/-
tataria,Tataria,KL-498.BL,False,Black,,,,,,6.0,INR,False,,2026-09-01,Tataria Price List 01-09-2026.pdf,68,KL-498.BL | ₹6/-
tataria,Tataria,KL-582.BE,False,EvoLuxe Door Vertical Profile Leather Beige,3000mm,,,,10 Pcs,6820.0,INR,False,,2026-09-01,Tataria Price List 01-09-2026.pdf,69,KL-582.BE | ₹6820/-
tataria,Tataria,KL-582.BR,False,Brown,,,,,10 Pcs,6820.0,INR,False,,2026-09-01,Tataria Price List 01-09-2026.pdf,69,KL-582.BR | ₹6820/-
tataria,Tataria,KL-583.BE,False,EvoLuxe Door Vertical Profile Leather Beige,3000mm,,,,20 Pcs,5170.0,INR,False,,2026-09-01,Tataria Price List 01-09-2026.pdf,69,KL-583.BE | ₹5170/-
tataria,Tataria,KL-583.BR,False,Brown,,,,,20 Pcs,5170.0,INR,False,,2026-09-01,Tataria Price List 01-09-2026.pdf,69,KL-583.BR | ₹5170/-
tataria,Tataria,KL-584.BE,False,EvoLuxe Top Handle - Grey + Beige,,,,,10 Pcs,1610.0,INR,False,,2026-09-01,Tataria Price List 01-09-2026.pdf,69,KL-584.BE | ₹1610/-
tataria,Tataria,KL-584.BR,False,EvoLuxe Top Handle - Grey + Brown,,,,,10 Pcs,1610.0,INR,False,,2026-09-01,Tataria Price List 01-09-2026.pdf,69,KL-584.BR | ₹1610/-
tataria,Tataria,KL-525.MB,False,Profile Matt Black,22mm x 9mm Hinge,,,,10 Pcs,2680.0,INR,False,,2026-09-01,Tataria Price List 01-09-2026.pdf,70,KL-525.MB | ₹2680/-
tataria,Tataria,KL-525.BG,False,Brush Gold,,,,,10 Pcs,2890.0,INR,False,,2026-09-01,Tataria Price List 01-09-2026.pdf,70,KL-525.BG | ₹2890/-
tataria,Tataria,KL-526.MB,False,Straightline Handle Profile Matt Black,22mm x 9mm,,,,10 Pcs,3790.0,INR,False,,2026-09-01,Tataria Price List 01-09-2026.pdf,70,KL-526.MB | ₹3790/-
tataria,Tataria,KL-526.BG,False,Brush Gold,,,,,10 Pcs,4050.0,INR,False,,2026-09-01,Tataria Price List 01-09-2026.pdf,70,KL-526.BG | ₹4050/-
tataria,Tataria,KL-527.MB,False,Flushline Handle Matt Black,22mm x 9mm,,,,10 Pcs,1820.0,INR,False,,2026-09-01,Tataria Price List 01-09-2026.pdf,70,KL-527.MB | ₹1820/-
tataria,Tataria,KL-527.BG,False,Brush Gold,,,,,10 Pcs,1820.0,INR,False,,2026-09-01,Tataria Price List 01-09-2026.pdf,70,KL-527.BG | ₹1820/-
tataria,Tataria,KLB-608,False,Connector For Divider KL-527 (Set of 2 Pcs with Screws) - Aluminium,,,,,10 Set,740.0,INR,False,,2026-09-01,Tataria Price List 01-09-2026.pdf,71,KLB-608 | ₹740/-
tataria,Tataria,KL-160.02,False,Profile Connector (2 Hole) Set of 4 Pcs - Zinc,,,,,50 Set,100.0,INR,False,,2026-09-01,Tataria Price List 01-09-2026.pdf,71,KL-160.02 | ₹100/-
tataria,Tataria,KL-160.04,False,Profile Connector (4 Hole) Set of 4 Pcs - Zinc,,,,,50 Pcs,120.0,INR,False,,2026-09-01,Tataria Price List 01-09-2026.pdf,71,KL-160.04 | ₹120/-
tataria,Tataria,KL-531.0.NI.S,False,Softclose - Clip On (3D Mounting Clip) Crank: 0° Nickel,19mm Profile Hinge,,,,50 Pair,470.0,INR,False,,2026-09-01,Tataria Price List 01-09-2026.pdf,71,KL-531.0.NI.S | ₹470/-
tataria,Tataria,KL-531.8.NI.S,False,Crank: 8° Nickel,,,,,50 Pair,470.0,INR,False,,2026-09-01,Tataria Price List 01-09-2026.pdf,71,KL-531.8.NI.S | ₹470/-
tataria,Tataria,KL-531.15.NI.S,False,Crank: 15° Nickel,,,,,50 Pair,470.0,INR,False,,2026-09-01,Tataria Price List 01-09-2026.pdf,71,KL-531.15.NI.S | ₹470/-
tataria,Tataria,KL-531.0.BN.S,False,Softclose - Clip On (3D Mounting Clip) (Black Nickel) Crank: 0° Black Nickel,19mm Profile Hinge,,,,50 Pair,560.0,INR,False,,2026-09-01,Tataria Price List 01-09-2026.pdf,71,KL-531.0.BN.S | ₹560/-
tataria,Tataria,KL-531.8.BN.S,False,Crank: 8° Black Nickel,,,,,50 Pair,560.0,INR,False,,2026-09-01,Tataria Price List 01-09-2026.pdf,71,KL-531.8.BN.S | ₹560/-
tataria,Tataria,KL-531.15.BN.S,False,Crank: 15° Black Nickel,,,,,50 Pair,560.0,INR,False,,2026-09-01,Tataria Price List 01-09-2026.pdf,71,KL-531.15.BN.S | ₹560/-
tataria,Tataria,KL-547.BN,False,165° 19mm Profile Hinge Softclose Crank: 0° Black Nickel,,,,,50 Pair,1540.0,INR,False,,2026-09-01,Tataria Price List 01-09-2026.pdf,71,KL-547.BN | ₹1540/-
tataria,Tataria,CS-110,False,"Clip On 19mm Profile Hinge Crank: 8°, 15° Nickel",,,,,25 Pair,240.0,INR,False,,2026-09-01,Tataria Price List 01-09-2026.pdf,71,CS-110 | ₹240/-
tataria,Tataria,KL-487.MB,False,Max Door Hinge Profile Matt Black,3000mm,,,,10 Pcs,3940.0,INR,False,,2026-09-01,Tataria Price List 01-09-2026.pdf,72,KL-487.MB | ₹3940/-
tataria,Tataria,KL-488.MB,False,Max Door Counter Handle Profile Matt Black,3000mm,,,,10 Pcs,1560.0,INR,False,,2026-09-01,Tataria Price List 01-09-2026.pdf,72,KL-488.MB | ₹1560/-
tataria,Tataria,KL-484.MB,False,Max Door J handle Profile Matt Black,3000mm,,,,10 Pcs,2950.0,INR,False,,2026-09-01,Tataria Price List 01-09-2026.pdf,72,KL-484.MB | ₹2950/-
tataria,Tataria,KL-486.MB,False,Max Door C Handle Profile Matt Black,3000mm,,,,10 Pcs,2080.0,INR,False,,2026-09-01,Tataria Price List 01-09-2026.pdf,73,KL-486.MB | ₹2080/-
tataria,Tataria,KL-489.MB,False,Max Door Gola Handle Profile Matt Black,3000mm,,,,10 Pcs,3280.0,INR,False,,2026-09-01,Tataria Price List 01-09-2026.pdf,73,KL-489.MB | ₹3280/-
tataria,Tataria,KL-161,False,Profile Connector Big (Set of 4 Pcs) Zinc,50mm,,,,50 Pcs,120.0,INR,False,,2026-09-01,Tataria Price List 01-09-2026.pdf,73,KL-161 | ₹120/-
tataria,Tataria,KL-482,False,Handle Connector - Zinc,,,,,,190.0,INR,False,,2026-09-01,Tataria Price List 01-09-2026.pdf,73,KL-482 | ₹190/-
tataria,Tataria,KL-483,False,Slim Connector - Zinc,,,,,,140.0,INR,False,,2026-09-01,Tataria Price List 01-09-2026.pdf,73,KL-483 | ₹140/-
tataria,Tataria,KL-479.MB,False,End Cap For KL-488.MB (L + R) - Matt Black,,,,,50 Pair,190.0,INR,False,,2026-09-01,Tataria Price List 01-09-2026.pdf,73,KL-479.MB | ₹190/-
tataria,Tataria,KL-478.MB,False,End Cap For KL-484.MB (L + R) - Matt Black,,,,,50 Pair,190.0,INR,False,,2026-09-01,Tataria Price List 01-09-2026.pdf,73,KL-478.MB | ₹190/-
tataria,Tataria,KL-477.MB,False,End Cap For KL-486.MB (L + R) - Matt Black,,,,,50 Set,190.0,INR,False,,2026-09-01,Tataria Price List 01-09-2026.pdf,73,KL-477.MB | ₹190/-
tataria,Tataria,KL-480.MB,False,End Cap For KL-489.MB (L + R) - Matt Black,,,,,50 Set,260.0,INR,False,,2026-09-01,Tataria Price List 01-09-2026.pdf,73,KL-480.MB | ₹260/-
tataria,Tataria,KL-101.SS,False,Glass thickness 4mm connecter KL-160.02 / KL-160.04 SS,45mm Shutter Profile,,,,10 Pcs,2050.0,INR,False,,2026-09-01,Tataria Price List 01-09-2026.pdf,74,KL-101.SS | ₹2050/-
tataria,Tataria,KL-101.MB,False,Matt Black,,,,,,2050.0,INR,False,,2026-09-01,Tataria Price List 01-09-2026.pdf,74,KL-101.MB | ₹2050/-
tataria,Tataria,KL-102.SS,False,with Handle SS,45mm Shutter Profile,,,,10 Pcs,2780.0,INR,False,,2026-09-01,Tataria Price List 01-09-2026.pdf,74,KL-102.SS | ₹2780/-
tataria,Tataria,KL-102.MB,False,Matt Black,,,,,,2780.0,INR,False,,2026-09-01,Tataria Price List 01-09-2026.pdf,74,KL-102.MB | ₹2780/-
tataria,Tataria,KL-103.MB,False,Glass thickness 4mm connecter KL-161 Matt Black,50mm Shutter Profile,,,,10 Pcs,2450.0,INR,False,,2026-09-01,Tataria Price List 01-09-2026.pdf,74,KL-103.MB | ₹2450/-
tataria,Tataria,KL-109.MB,False,with Handle,50mm Shutter Profile,,,,10 Pcs,3320.0,INR,False,,2026-09-01,Tataria Price List 01-09-2026.pdf,74,KL-109.MB | ₹3320/-
tataria,Tataria,TA-1051.36,False,Curve Door Vertical Aluminium Profile (Left + Right) Chrome,360mm,,,,1 Set,9600.0,INR,False,,2026-09-01,Tataria Price List 01-09-2026.pdf,74,TA-1051.36 | ₹9600/-
tataria,Tataria,TA-1051.72,False,Curve Door Vertical Aluminium Profile (Left + Right) Chrome,720mm,,,,1 Set,16000.0,INR,False,,2026-09-01,Tataria Price List 01-09-2026.pdf,74,TA-1051.72 | ₹16000/-
tataria,Tataria,TA-1052,False,Horizontal Top & Bottom Profile for Curve Door Chrome,1000mm,,,,1 Set,9200.0,INR,False,,2026-09-01,Tataria Price List 01-09-2026.pdf,74,TA-1052 | ₹9200/-
tataria,Tataria,KL-117.AL,False,Stick On Profile Glass thickness 4/5mm connecter KL-160.02 / KL-160.04 Aluminium,45mm Frameless Glass,,,,10 Pcs,1880.0,INR,False,,2026-09-01,Tataria Price List 01-09-2026.pdf,75,KL-117.AL | ₹1880/-
tataria,Tataria,KL-107.SS,False,SS,,,,,,1980.0,INR,False,,2026-09-01,Tataria Price List 01-09-2026.pdf,75,KL-107.SS | ₹1980/-
tataria,Tataria,KL-107.CP,False,Chrome,,,,,,1980.0,INR,False,,2026-09-01,Tataria Price List 01-09-2026.pdf,75,KL-107.CP | ₹1980/-
tataria,Tataria,KL-107.MB,False,Matt Black,,,,,,1980.0,INR,False,,2026-09-01,Tataria Price List 01-09-2026.pdf,75,KL-107.MB | ₹1980/-
tataria,Tataria,KL-108.AL,False,Stick On Profile with Handle Aluminium,45mm Frameless Glass,,,,10 Pcs,2320.0,INR,False,,2026-09-01,Tataria Price List 01-09-2026.pdf,75,KL-108.AL | ₹2320/-
tataria,Tataria,KL-108.SS,False,SS,,,,,,2440.0,INR,False,,2026-09-01,Tataria Price List 01-09-2026.pdf,75,KL-108.SS | ₹2440/-
tataria,Tataria,KL-108.CP,False,Chrome,,,,,,2440.0,INR,False,,2026-09-01,Tataria Price List 01-09-2026.pdf,75,KL-108.CP | ₹2440/-
tataria,Tataria,KL-108.MB,False,Matt Black,,,,,,2440.0,INR,False,,2026-09-01,Tataria Price List 01-09-2026.pdf,75,KL-108.MB | ₹2440/-
tataria,Tataria,KL-474.MB,False,Stick On Profile Glass thickness 4/5mm connecter KL-161 Matt Black,55mm Frameless Glass,,,,10 Pcs,3690.0,INR,False,,2026-09-01,Tataria Price List 01-09-2026.pdf,75,KL-474.MB | ₹3690/-
tataria,Tataria,KL-474.BG,False,Matt Black,,,,,,3690.0,INR,False,,2026-09-01,Tataria Price List 01-09-2026.pdf,75,KL-474.BG | ₹3690/-
tataria,Tataria,KL-117.MB,False,Matt Black,,,,,,1950.0,INR,False,,2026-09-01,Tataria Price List 01-09-2026.pdf,76,KL-117.MB | ₹1950/-
tataria,Tataria,KL-118.AL,False,Aluminium,19mm Handle Profile,,,,10 Pcs,1950.0,INR,False,,2026-09-01,Tataria Price List 01-09-2026.pdf,76,KL-118.AL | ₹1950/-
tataria,Tataria,KL-118.MB,False,Matt Black,,,,,,2350.0,INR,False,,2026-09-01,Tataria Price List 01-09-2026.pdf,76,KL-118.MB | ₹2350/-
tataria,Tataria,KL-119.SS,False,Glass thickness 4mm connecter KL-163 Hinge CS-113 SS,28mm Flexi Profile,,,,10 Pcs,2290.0,INR,False,,2026-09-01,Tataria Price List 01-09-2026.pdf,76,KL-119.SS | ₹2290/-
tataria,Tataria,KL-119.CP,False,Chrome,,,,,,2580.0,INR,False,,2026-09-01,Tataria Price List 01-09-2026.pdf,76,KL-119.CP | ₹2580/-
tataria,Tataria,KL-119.MB,False,Matt Black,,,,,,2290.0,INR,False,,2026-09-01,Tataria Price List 01-09-2026.pdf,76,KL-119.MB | ₹2290/-
tataria,Tataria,KL-163,False,Flexi Connector (Set of 4 Pcs) For 28mm Profile Nickel,,,,,50 Set,280.0,INR,False,,2026-09-01,Tataria Price List 01-09-2026.pdf,76,KL-163 | ₹280/-
tataria,Tataria,KL-471.MB,False,Luno Edge Profile Matt Black,3000mm,,,,10 Pcs,680.0,INR,False,,2026-09-01,Tataria Price List 01-09-2026.pdf,77,KL-471.MB | ₹680/-
tataria,Tataria,KL-471.BG,False,Matt Black,,,,,10 Pcs,680.0,INR,False,,2026-09-01,Tataria Price List 01-09-2026.pdf,77,KL-471.BG | ₹680/-
tataria,Tataria,KL-472.44.MB,False,Luno Edge Profile Handle Matt Black,447mm,,,,20 Pcs,720.0,INR,False,,2026-09-01,Tataria Price List 01-09-2026.pdf,78,KL-472.44.MB | ₹720/-
tataria,Tataria,KL-472.59.MB,False,Luno Edge Profile Handle Matt Black,597mm,,,,20 Pcs,910.0,INR,False,,2026-09-01,Tataria Price List 01-09-2026.pdf,78,KL-472.59.MB | ₹910/-
tataria,Tataria,KL-472.89.MB,False,Luno Edge Profile Handle Matt Black,897mm,,,,20 Pcs,1380.0,INR,False,,2026-09-01,Tataria Price List 01-09-2026.pdf,78,KL-472.89.MB | ₹1380/-
tataria,Tataria,KL-472.44.BG,False,Luno Edge Profile Handle Brush Gold,447mm,,,,20 Pcs,720.0,INR,False,,2026-09-01,Tataria Price List 01-09-2026.pdf,78,KL-472.44.BG | ₹720/-
tataria,Tataria,KL-472.59.BG,False,Luno Edge Profile Handle Brush Gold,597mm,,,,20 Pcs,910.0,INR,False,,2026-09-01,Tataria Price List 01-09-2026.pdf,78,KL-472.59.BG | ₹910/-
tataria,Tataria,KL-472.89.BG,False,Luno Edge Profile Handle Brush Gold,897mm,,,,20 Pcs,1380.0,INR,False,,2026-09-01,Tataria Price List 01-09-2026.pdf,78,KL-472.89.BG | ₹1380/-
tataria,Tataria,KL-472.L.MB,False,Luno Edge Profile Left Handle Matt Black,3000mm,,,,20 Pcs,3970.0,INR,False,,2026-09-01,Tataria Price List 01-09-2026.pdf,78,KL-472.L.MB | ₹3970/-
tataria,Tataria,KL-472.R.MB,False,Luno Edge Profile Right Handle,,,,,,3970.0,INR,False,,2026-09-01,Tataria Price List 01-09-2026.pdf,78,KL-472.R.MB | ₹3970/-
tataria,Tataria,KL-472.L.BG,False,Luno Edge Profile Left Handle Brush Gold,,,,,20 Pcs,3970.0,INR,False,,2026-09-01,Tataria Price List 01-09-2026.pdf,78,KL-472.L.BG | ₹3970/-
tataria,Tataria,KL-472.R.BG,False,Luno Edge Profile Right Handle,,,,,,3970.0,INR,False,,2026-09-01,Tataria Price List 01-09-2026.pdf,78,KL-472.R.BG | ₹3970/-
tataria,Tataria,KL-473.BL,False,Connector - Black,,,,,24 Pcs,42.0,INR,False,,2026-09-01,Tataria Price List 01-09-2026.pdf,78,KL-473.BL | ₹42/-
tataria,Tataria,KL-473.GD,False,Golden,,,,,,42.0,INR,False,,2026-09-01,Tataria Price List 01-09-2026.pdf,78,KL-473.GD | ₹42/-
tataria,Tataria,KL-123.SS,False,F Edge Profile Suitable Panel Thickness : 18mm SS,3000mm,,,,10 Pcs,680.0,INR,False,,2026-09-01,Tataria Price List 01-09-2026.pdf,79,KL-123.SS | ₹680/-
tataria,Tataria,KL-123.MB,False,Matt Black,,,,,,580.0,INR,False,,2026-09-01,Tataria Price List 01-09-2026.pdf,79,KL-123.MB | ₹580/-
tataria,Tataria,KL-123.BCP,False,Brush Chrome,,,,,,550.0,INR,False,,2026-09-01,Tataria Price List 01-09-2026.pdf,79,KL-123.BCP | ₹550/-
tataria,Tataria,KL-127.MB,False,Matt Black,3000mm,,,,10 Pcs,580.0,INR,False,,2026-09-01,Tataria Price List 01-09-2026.pdf,79,KL-127.MB | ₹580/-
tataria,Tataria,KL-127.CP,False,Chrome,,,,,,680.0,INR,False,,2026-09-01,Tataria Price List 01-09-2026.pdf,79,KL-127.CP | ₹680/-
tataria,Tataria,KL-124.AL,False,T Edge Profile Suitable Panel Thickness : 18mm Aluminium,3000mm,,,,10 Pcs,450.0,INR,False,,2026-09-01,Tataria Price List 01-09-2026.pdf,79,KL-124.AL | ₹450/-
tataria,Tataria,KL-128.AL,False,Aluminium,3000mm,,,,,380.0,INR,False,,2026-09-01,Tataria Price List 01-09-2026.pdf,79,KL-128.AL | ₹380/-
tataria,Tataria,KL-128.CP,False,Chrome,,,,,,740.0,INR,False,,2026-09-01,Tataria Price List 01-09-2026.pdf,79,KL-128.CP | ₹740/-
tataria,Tataria,KL-128.MB,False,Matt Black,,,,,,560.0,INR,False,,2026-09-01,Tataria Price List 01-09-2026.pdf,79,KL-128.MB | ₹560/-
tataria,Tataria,KL-625.MB,False,Reva Handle Profile Big Matt Black,3000mm,,,,12 Pcs,4440.0,INR,False,,2026-09-01,Tataria Price List 01-09-2026.pdf,80,KL-625.MB | ₹4440/-
tataria,Tataria,KL-625.BG,False,Brush Gold,3000mm,,,,12 Pcs,4440.0,INR,False,,2026-09-01,Tataria Price List 01-09-2026.pdf,80,KL-625.BG | ₹4440/-
tataria,Tataria,KL-627.MB,False,End Cap Left & Right for KL-625 - Matt Black,,,,,24 Pcs,342.0,INR,False,,2026-09-01,Tataria Price List 01-09-2026.pdf,80,KL-627.MB | ₹342/-
tataria,Tataria,KL-627.BG,False,- Gold,,,,,24 Pcs,342.0,INR,False,,2026-09-01,Tataria Price List 01-09-2026.pdf,80,KL-627.BG | ₹342/-
tataria,Tataria,KL-630.MB,False,Reva Handle Profile Small Matt Black,3000mm,,,,12 Pcs,3880.0,INR,False,,2026-09-01,Tataria Price List 01-09-2026.pdf,80,KL-630.MB | ₹3880/-
tataria,Tataria,KL-630.BG,False,Brush Gold,3000mm,,,,12 Pcs,3880.0,INR,False,,2026-09-01,Tataria Price List 01-09-2026.pdf,80,KL-630.BG | ₹3880/-
tataria,Tataria,KL-631.MB,False,End Cap Left & Right for KL-630 - Matt Black,,,,,24 Pcs,324.0,INR,False,,2026-09-01,Tataria Price List 01-09-2026.pdf,80,KL-631.MB | ₹324/-
tataria,Tataria,KL-631.BG,False,- Gold,,,,,24 Pcs,324.0,INR,False,,2026-09-01,Tataria Price List 01-09-2026.pdf,80,KL-631.BG | ₹324/-
tataria,Tataria,KL-114.CP,False,Pull Grip Handle Suitable Panel Thickness : Chrome,17mm - 20mm,,,,10 Pcs,2840.0,INR,False,,2026-09-01,Tataria Price List 01-09-2026.pdf,81,KL-114.CP | ₹2840/-
tataria,Tataria,KL-115.SS,False,Grip Handle Section Suitable Panel Thickness : SS,17mm - 20mm,,,,10 Pcs,2220.0,INR,False,,2026-09-01,Tataria Price List 01-09-2026.pdf,81,KL-115.SS | ₹2220/-
tataria,Tataria,KL-115.MB,False,Matt Black,,,,,10 Pcs,2220.0,INR,False,,2026-09-01,Tataria Price List 01-09-2026.pdf,81,KL-115.MB | ₹2220/-
tataria,Tataria,KL-135.CP,False,Suitable Panel Thickness : Chrome,42mm Handle Profile,,,,10 Pcs,2350.0,INR,False,,2026-09-01,Tataria Price List 01-09-2026.pdf,81,KL-135.CP | ₹2350/-
tataria,Tataria,KL-120.AL,False,Suitable Panel Thickness : Aluminium,48mm Handle Profile,,,,10 Pcs,2190.0,INR,False,,2026-09-01,Tataria Price List 01-09-2026.pdf,81,KL-120.AL | ₹2190/-
tataria,Tataria,KL-120.SS,False,SS,,,,,,2450.0,INR,False,,2026-09-01,Tataria Price List 01-09-2026.pdf,81,KL-120.SS | ₹2450/-
tataria,Tataria,KL-120.CP,False,Chrome,,,,,,2620.0,INR,False,,2026-09-01,Tataria Price List 01-09-2026.pdf,81,KL-120.CP | ₹2620/-
tataria,Tataria,KL-133.MB,False,Wall Gola Profile Matt Black,3000mm,,,,10 Pcs,2320.0,INR,False,,2026-09-01,Tataria Price List 01-09-2026.pdf,82,KL-133.MB | ₹2320/-
tataria,Tataria,KL-136.SS,False,Oneway Vertical Gola SS,3000mm,,,,10 Pcs,3200.0,INR,False,,2026-09-01,Tataria Price List 01-09-2026.pdf,82,KL-136.SS | ₹3200/-
tataria,Tataria,KL-136.CP,False,Chrome,3000mm,,,,,3770.0,INR,False,,2026-09-01,Tataria Price List 01-09-2026.pdf,82,KL-136.CP | ₹3770/-
tataria,Tataria,KL-137.CP,False,Two Way Vertical Gola Chrome,3000mm,,,,10 Pcs,4530.0,INR,False,,2026-09-01,Tataria Price List 01-09-2026.pdf,82,KL-137.CP | ₹4530/-
tataria,Tataria,KL-162,False,Gola Profile Connector - Zinc,,,,,24 Pcs,80.0,INR,False,,2026-09-01,Tataria Price List 01-09-2026.pdf,82,KL-162 | ₹80/-
tataria,Tataria,TA-4112.88.35.IG,False,Alunan T7 7.2mm Ultra Slimbox 88mm 35kg Indium Grey,350mm,,,,1 Set,3870.0,INR,False,,2026-09-01,Tataria Price List 01-09-2026.pdf,83,TA-4112.88.35.IG | ₹3870/-
tataria,Tataria,TA-4112.88.40.IG,False,Indium Grey,400mm,,,,1 Set,3870.0,INR,False,,2026-09-01,Tataria Price List 01-09-2026.pdf,83,TA-4112.88.40.IG | ₹3870/-
tataria,Tataria,TA-4112.88.45.SW,False,Silk white,450mm,,,,1 Set,3910.0,INR,False,,2026-09-01,Tataria Price List 01-09-2026.pdf,83,TA-4112.88.45.SW | ₹3910/-
tataria,Tataria,TA-4112.88.45.IG,False,Indium Grey,,,,,1 Set,3910.0,INR,False,,2026-09-01,Tataria Price List 01-09-2026.pdf,83,TA-4112.88.45.IG | ₹3910/-
tataria,Tataria,TA-4112.88.50.SW,False,Silk white,500mm,,,,1 Set,3980.0,INR,False,,2026-09-01,Tataria Price List 01-09-2026.pdf,83,TA-4112.88.50.SW | ₹3980/-
tataria,Tataria,TA-4112.88.50.IG,False,Indium Grey,,,,,1 Set,3980.0,INR,False,,2026-09-01,Tataria Price List 01-09-2026.pdf,83,TA-4112.88.50.IG | ₹3980/-
tataria,Tataria,TA-4112.88.55.SW,False,Silk white,550mm,,,,1 Set,4290.0,INR,False,,2026-09-01,Tataria Price List 01-09-2026.pdf,83,TA-4112.88.55.SW | ₹4290/-
tataria,Tataria,TA-4112.88.55.IG,False,Indium Grey,,,,,1 Set,4290.0,INR,False,,2026-09-01,Tataria Price List 01-09-2026.pdf,83,TA-4112.88.55.IG | ₹4290/-
tataria,Tataria,TA-4113.120.35.IG,False,ALUNAN T7 7.2mm Ultra Slimbox 120mm 35kg Indium Grey,350mm,,,,1 Set,5210.0,INR,False,,2026-09-01,Tataria Price List 01-09-2026.pdf,84,TA-4113.120.35.IG | ₹5210/-
tataria,Tataria,TA-4113.120.40.IG,False,Indium Grey,400mm,,,,1 Set,5210.0,INR,False,,2026-09-01,Tataria Price List 01-09-2026.pdf,84,TA-4113.120.40.IG | ₹5210/-
tataria,Tataria,TA-4113.120.45.SW,False,Silk white,450mm,,,,1 Set,5300.0,INR,False,,2026-09-01,Tataria Price List 01-09-2026.pdf,84,TA-4113.120.45.SW | ₹5300/-
tataria,Tataria,TA-4113.120.45.IG,False,Indium Grey,,,,,1 Set,5300.0,INR,False,,2026-09-01,Tataria Price List 01-09-2026.pdf,84,TA-4113.120.45.IG | ₹5300/-
tataria,Tataria,TA-4113.120.50.SW,False,Silk white,500mm,,,,1 Set,5420.0,INR,False,,2026-09-01,Tataria Price List 01-09-2026.pdf,84,TA-4113.120.50.SW | ₹5420/-
tataria,Tataria,TA-4113.120.50.IG,False,Indium Grey,,,,,1 Set,5420.0,INR,False,,2026-09-01,Tataria Price List 01-09-2026.pdf,84,TA-4113.120.50.IG | ₹5420/-
tataria,Tataria,TA-4113.120.55.SW,False,Silk white,550mm,,,,1 Set,5860.0,INR,False,,2026-09-01,Tataria Price List 01-09-2026.pdf,84,TA-4113.120.55.SW | ₹5860/-
tataria,Tataria,TA-4113.120.55.IG,False,Indium Grey,,,,,1 Set,5860.0,INR,False,,2026-09-01,Tataria Price List 01-09-2026.pdf,84,TA-4113.120.55.IG | ₹5860/-
tataria,Tataria,TA-4114.192.35.IG,False,ALUNAN T7 7.2mm Ultra Slimbox 192mm 35kg Indium Grey,350mm,,,,1 Set,5650.0,INR,False,,2026-09-01,Tataria Price List 01-09-2026.pdf,84,TA-4114.192.35.IG | ₹5650/-
tataria,Tataria,TA-4114.192.40.IG,False,Indium Grey,400mm,,,,1 Set,5650.0,INR,False,,2026-09-01,Tataria Price List 01-09-2026.pdf,84,TA-4114.192.40.IG | ₹5650/-
tataria,Tataria,TA-4114.192.45.SW,False,Silk white,450mm,,,,1 Set,5770.0,INR,False,,2026-09-01,Tataria Price List 01-09-2026.pdf,84,TA-4114.192.45.SW | ₹5770/-
tataria,Tataria,TA-4114.192.45.IG,False,Indium Grey,,,,,1 Set,5770.0,INR,False,,2026-09-01,Tataria Price List 01-09-2026.pdf,84,TA-4114.192.45.IG | ₹5770/-
tataria,Tataria,TA-4114.192.50.SW,False,Silk white,500mm,,,,1 Set,5950.0,INR,False,,2026-09-01,Tataria Price List 01-09-2026.pdf,84,TA-4114.192.50.SW | ₹5950/-
tataria,Tataria,TA-4114.192.50.IG,False,Indium Grey,,,,,1 Set,5950.0,INR,False,,2026-09-01,Tataria Price List 01-09-2026.pdf,84,TA-4114.192.50.IG | ₹5950/-
tataria,Tataria,TA-4114.192.55.SW,False,Silk white,550mm,,,,1 Set,6220.0,INR,False,,2026-09-01,Tataria Price List 01-09-2026.pdf,84,TA-4114.192.55.SW | ₹6220/-
tataria,Tataria,TA-4114.192.55.IG,False,Indium Grey,,,,,1 Set,6220.0,INR,False,,2026-09-01,Tataria Price List 01-09-2026.pdf,84,TA-4114.192.55.IG | ₹6220/-
tataria,Tataria,TA-4116.120.50.IG,False,ALUNAN T7 7.2mm Ultra Slimbox 120mm 60kg Indium Grey,500mm,,,,1 Set,7320.0,INR,False,,2026-09-01,Tataria Price List 01-09-2026.pdf,84,TA-4116.120.50.IG | ₹7320/-
tataria,Tataria,TA-4117.192.50.IG,False,ALUNAN T7 7.2mm Ultra Slimbox 192mm 60kg Indium Grey,,,,,1 Set,7680.0,INR,False,,2026-09-01,Tataria Price List 01-09-2026.pdf,84,TA-4117.192.50.IG | ₹7680/-
tataria,Tataria,TAB-4122.88.35.IG,False,Inner Drawer ALUNAN T7 7.2mm Ultra Slimbox Indium Grey,88mm 35kg,,,,1 Set,8080.0,INR,False,,2026-09-01,Tataria Price List 01-09-2026.pdf,85,TAB-4122.88.35.IG | ₹8080/-
tataria,Tataria,TAB-4122.88.40.IG,False,Indium Grey,400mm,,,,1 Set,8080.0,INR,False,,2026-09-01,Tataria Price List 01-09-2026.pdf,85,TAB-4122.88.40.IG | ₹8080/-
tataria,Tataria,TAB-4122.88.45.SW,False,Silk White,450mm,,,,1 Set,8120.0,INR,False,,2026-09-01,Tataria Price List 01-09-2026.pdf,85,TAB-4122.88.45.SW | ₹8120/-
tataria,Tataria,TAB-4122.88.45.IG,False,Indium Grey,,,,,1 Set,8120.0,INR,False,,2026-09-01,Tataria Price List 01-09-2026.pdf,85,TAB-4122.88.45.IG | ₹8120/-
tataria,Tataria,TAB-4122.88.50.SW,False,Silk White,500mm,,,,1 Set,8190.0,INR,False,,2026-09-01,Tataria Price List 01-09-2026.pdf,85,TAB-4122.88.50.SW | ₹8190/-
tataria,Tataria,TAB-4122.88.50.IG,False,Indium Grey,,,,,1 Set,8190.0,INR,False,,2026-09-01,Tataria Price List 01-09-2026.pdf,85,TAB-4122.88.50.IG | ₹8190/-
tataria,Tataria,TAB-4122.88.55.SW,False,Silk White,550mm,,,,1 Set,8500.0,INR,False,,2026-09-01,Tataria Price List 01-09-2026.pdf,85,TAB-4122.88.55.SW | ₹8500/-
tataria,Tataria,TAB-4122.88.55.IG,False,Indium Grey,,,,,1 Set,8500.0,INR,False,,2026-09-01,Tataria Price List 01-09-2026.pdf,85,TAB-4122.88.55.IG | ₹8500/-
tataria,Tataria,TAB-4123.120.35.IG,False,Inner Drawer ALUNAN T7 7.2mm Ultra Slimbox Indium Grey,120mm 35kg,,,,1 Set,10740.0,INR,False,,2026-09-01,Tataria Price List 01-09-2026.pdf,85,TAB-4123.120.35.IG | ₹10740/-
tataria,Tataria,TAB-4123.120.40.IG,False,Indium Grey,400mm,,,,1 Set,10740.0,INR,False,,2026-09-01,Tataria Price List 01-09-2026.pdf,85,TAB-4123.120.40.IG | ₹10740/-
tataria,Tataria,TAB-4123.120.45.SW,False,Silk White,450mm,,,,1 Set,10830.0,INR,False,,2026-09-01,Tataria Price List 01-09-2026.pdf,85,TAB-4123.120.45.SW | ₹10830/-
tataria,Tataria,TAB-4123.120.45.IG,False,Indium Grey,,,,,1 Set,10830.0,INR,False,,2026-09-01,Tataria Price List 01-09-2026.pdf,85,TAB-4123.120.45.IG | ₹10830/-
tataria,Tataria,TAB-4123.120.50.SW,False,Silk White,500mm,,,,1 Set,10950.0,INR,False,,2026-09-01,Tataria Price List 01-09-2026.pdf,85,TAB-4123.120.50.SW | ₹10950/-
tataria,Tataria,TAB-4123.120.50.IG,False,Indium Grey,,,,,1 Set,10950.0,INR,False,,2026-09-01,Tataria Price List 01-09-2026.pdf,85,TAB-4123.120.50.IG | ₹10950/-
tataria,Tataria,TAB-4123.120.55.SW,False,Silk White,550mm,,,,1 Set,11390.0,INR,False,,2026-09-01,Tataria Price List 01-09-2026.pdf,85,TAB-4123.120.55.SW | ₹11390/-
tataria,Tataria,TAB-4123.120.55.IG,False,Indium Grey,,,,,1 Set,11390.0,INR,False,,2026-09-01,Tataria Price List 01-09-2026.pdf,85,TAB-4123.120.55.IG | ₹11390/-
tataria,Tataria,TAB-4124.192.35.IG,False,Inner Drawer ALUNAN T7 7.2mm Ultra Slimbox Indium Grey,192mm 35kg,,,,1 Set,15720.0,INR,False,,2026-09-01,Tataria Price List 01-09-2026.pdf,86,TAB-4124.192.35.IG | ₹15720/-
tataria,Tataria,TAB-4124.192.40.IG,False,Indium Grey,400mm,,,,1 Set,15720.0,INR,False,,2026-09-01,Tataria Price List 01-09-2026.pdf,86,TAB-4124.192.40.IG | ₹15720/-
tataria,Tataria,TAB-4124.192.45.SW,False,Silk White,450mm,,,,1 Set,15840.0,INR,False,,2026-09-01,Tataria Price List 01-09-2026.pdf,86,TAB-4124.192.45.SW | ₹15840/-
tataria,Tataria,TAB-4124.192.45.IG,False,Indium Grey,,,,,1 Set,15840.0,INR,False,,2026-09-01,Tataria Price List 01-09-2026.pdf,86,TAB-4124.192.45.IG | ₹15840/-
tataria,Tataria,TAB-4124.192.50.SW,False,Silk White,500mm,,,,1 Set,16020.0,INR,False,,2026-09-01,Tataria Price List 01-09-2026.pdf,86,TAB-4124.192.50.SW | ₹16020/-
tataria,Tataria,TAB-4124.192.50.IG,False,Indium Grey,,,,,1 Set,16020.0,INR,False,,2026-09-01,Tataria Price List 01-09-2026.pdf,86,TAB-4124.192.50.IG | ₹16020/-
tataria,Tataria,TAB-4124.192.55.SW,False,Silk White,550mm,,,,1 Set,16290.0,INR,False,,2026-09-01,Tataria Price List 01-09-2026.pdf,86,TAB-4124.192.55.SW | ₹16290/-
tataria,Tataria,TAB-4124.192.55.IG,False,Indium Grey,,,,,1 Set,16290.0,INR,False,,2026-09-01,Tataria Price List 01-09-2026.pdf,86,TAB-4124.192.55.IG | ₹16290/-
tataria,Tataria,TAB-4126.120.50.IG,False,Inner Drawer ALUNAN T7 7.2mm Ultra Slimbox Indium Grey,120mm 60kg,,,,1 Set,12850.0,INR,False,,2026-09-01,Tataria Price List 01-09-2026.pdf,86,TAB-4126.120.50.IG | ₹12850/-
tataria,Tataria,TAB-4127.192.50.IG,False,Inner Drawer ALUNAN T7 7.2mm Ultra Slimbox Indium Grey,192mm 60kg,,,,1 Set,17750.0,INR,False,,2026-09-01,Tataria Price List 01-09-2026.pdf,86,TAB-4127.192.50.IG | ₹17750/-
tataria,Tataria,TAB-4120.88.45.SW,False,Sink Cabinet Drawer H88mm 35kg Silk White,450mm,,,,1 Set,6452.0,INR,False,,2026-09-01,Tataria Price List 01-09-2026.pdf,87,TAB-4120.88.45.SW | ₹6452/-
tataria,Tataria,TAB-4120.88.45.IG,False,Indium Grey,,,,,1 Set,6452.0,INR,False,,2026-09-01,Tataria Price List 01-09-2026.pdf,87,TAB-4120.88.45.IG | ₹6452/-
tataria,Tataria,TAB-4120.88.50.SW,False,Silk White,500mm,,,,1 Set,6567.0,INR,False,,2026-09-01,Tataria Price List 01-09-2026.pdf,87,TAB-4120.88.50.SW | ₹6567/-
tataria,Tataria,TAB-4120.88.50.IG,False,Indium Grey,,,,,1 Set,6567.0,INR,False,,2026-09-01,Tataria Price List 01-09-2026.pdf,87,TAB-4120.88.50.IG | ₹6567/-
tataria,Tataria,TAB-4120.88.55.SW,False,Silk White,550mm,,,,1 Set,7079.0,INR,False,,2026-09-01,Tataria Price List 01-09-2026.pdf,87,TAB-4120.88.55.SW | ₹7079/-
tataria,Tataria,TAB-4120.88.55.IG,False,Indium Grey,,,,,1 Set,7079.0,INR,False,,2026-09-01,Tataria Price List 01-09-2026.pdf,87,TAB-4120.88.55.IG | ₹7079/-
tataria,Tataria,TAB-4121.192.45.SW,False,Sink Cabinet Drawer H192mm 35kg Silk White,450mm,,,,1 Set,9521.0,INR,False,,2026-09-01,Tataria Price List 01-09-2026.pdf,87,TAB-4121.192.45.SW | ₹9521/-
tataria,Tataria,TAB-4121.192.45.IG,False,Indium Grey,,,,,1 Set,9521.0,INR,False,,2026-09-01,Tataria Price List 01-09-2026.pdf,87,TAB-4121.192.45.IG | ₹9521/-
tataria,Tataria,TAB-4121.192.50.SW,False,Silk White,500mm,,,,1 Set,9818.0,INR,False,,2026-09-01,Tataria Price List 01-09-2026.pdf,87,TAB-4121.192.50.SW | ₹9818/-
tataria,Tataria,TAB-4121.192.50.IG,False,Indium Grey,,,,,1 Set,9818.0,INR,False,,2026-09-01,Tataria Price List 01-09-2026.pdf,87,TAB-4121.192.50.IG | ₹9818/-
tataria,Tataria,TAB-4121.192.55.SW,False,Silk White,550mm,,,,1 Set,10263.0,INR,False,,2026-09-01,Tataria Price List 01-09-2026.pdf,87,TAB-4121.192.55.SW | ₹10263/-
tataria,Tataria,TAB-4121.192.55.IG,False,Indium Grey,,,,,1 Set,10263.0,INR,False,,2026-09-01,Tataria Price List 01-09-2026.pdf,87,TAB-4121.192.55.IG | ₹10263/-
tataria,Tataria,TA-4118.88.SW,False,Inner Drawer Front fixing Bracket 88mm H88 Silk white,,,,,1 Set,250.0,INR,False,,2026-09-01,Tataria Price List 01-09-2026.pdf,87,TA-4118.88.SW | ₹250/-
tataria,Tataria,TA-4118.88.IG,False,Indium Grey,,,,,1 Set,250.0,INR,False,,2026-09-01,Tataria Price List 01-09-2026.pdf,87,TA-4118.88.IG | ₹250/-
tataria,Tataria,TA-4118.120.SW,False,Inner Drawer Front fixing Bracket 120mm H120 Silk white,,,,,1 Set,310.0,INR,False,,2026-09-01,Tataria Price List 01-09-2026.pdf,87,TA-4118.120.SW | ₹310/-
tataria,Tataria,TA-4118.120.IG,False,Indium Grey,,,,,1 Set,310.0,INR,False,,2026-09-01,Tataria Price List 01-09-2026.pdf,87,TA-4118.120.IG | ₹310/-
tataria,Tataria,TA-4118.192.SW,False,Inner Drawer Front fixing Bracket 192mm H192 Silk white,,,,,1 Set,520.0,INR,False,,2026-09-01,Tataria Price List 01-09-2026.pdf,87,TA-4118.192.SW | ₹520/-
tataria,Tataria,TA-4118.192.IG,False,Indium Grey,,,,,1 Set,520.0,INR,False,,2026-09-01,Tataria Price List 01-09-2026.pdf,87,TA-4118.192.IG | ₹520/-
tataria,Tataria,TA-4119.88.11.SW,False,Inner Drawer Front Panel H88 Silk white,1058mm for 88mm Side,,,,1 Pcs,3960.0,INR,False,,2026-09-01,Tataria Price List 01-09-2026.pdf,87,TA-4119.88.11.SW | ₹3960/-
tataria,Tataria,TA-4119.88.11.IG,False,Indium Grey,,,,,1 Pcs,3960.0,INR,False,,2026-09-01,Tataria Price List 01-09-2026.pdf,87,TA-4119.88.11.IG | ₹3960/-
tataria,Tataria,TA-4119.120.11.SW,False,Inner Drawer Front Panel Side H120 Silk white,1058mm for 120mm,,,,1 Pcs,5220.0,INR,False,,2026-09-01,Tataria Price List 01-09-2026.pdf,87,TA-4119.120.11.SW | ₹5220/-
tataria,Tataria,TA-4119.120.11.IG,False,Indium Grey,,,,,1 Pcs,5220.0,INR,False,,2026-09-01,Tataria Price List 01-09-2026.pdf,87,TA-4119.120.11.IG | ₹5220/-
tataria,Tataria,TA-4119.192.11.SW,False,Inner Drawer Front Panel Side H192 Silk White,1058mm for 192mm,,,,1 Pcs,9550.0,INR,False,,2026-09-01,Tataria Price List 01-09-2026.pdf,87,TA-4119.192.11.SW | ₹9550/-
tataria,Tataria,TA-4119.192.11.IG,False,Indium Grey,,,,,4 Set,9550.0,INR,False,,2026-09-01,Tataria Price List 01-09-2026.pdf,87,TA-4119.192.11.IG | ₹9550/-
tataria,Tataria,KL-381.45,False,Indium Grey,450mm,,,,4 Set,2800.0,INR,False,,2026-09-01,Tataria Price List 01-09-2026.pdf,89,KL-381.45 | ₹2800/-
tataria,Tataria,KL-381.50,False,Indium Grey,500mm,,,,4 Set,2850.0,INR,False,,2026-09-01,Tataria Price List 01-09-2026.pdf,89,KL-381.50 | ₹2850/-
tataria,Tataria,KL-381.55,False,Indium Grey,550mm,,,,4 Set,3050.0,INR,False,,2026-09-01,Tataria Price List 01-09-2026.pdf,89,KL-381.55 | ₹3050/-
tataria,Tataria,KL-382.40,False,Slim Box Drawer H-167mm Anthracite Grey,400mm,,,,4 Set,3410.0,INR,False,,2026-09-01,Tataria Price List 01-09-2026.pdf,89,KL-382.40 | ₹3410/-
tataria,Tataria,KL-382.45,False,Slim Box Drawer H-167mm Anthracite Grey,450mm,,,,4 Set,3410.0,INR,False,,2026-09-01,Tataria Price List 01-09-2026.pdf,89,KL-382.45 | ₹3410/-
tataria,Tataria,KL-382.50,False,Slim Box Drawer H-167mm Anthracite Grey,500mm,,,,4 Set,3510.0,INR,False,,2026-09-01,Tataria Price List 01-09-2026.pdf,89,KL-382.50 | ₹3510/-
tataria,Tataria,KL-382.55,False,Slim Box Drawer H-167mm Anthracite Grey,550mm,,,,4 Set,3830.0,INR,False,,2026-09-01,Tataria Price List 01-09-2026.pdf,89,KL-382.55 | ₹3830/-
tataria,Tataria,KL-383.45,False,Slim Box Drawer H-199mm Anthracite Grey,450mm,,,,4 Set,3620.0,INR,False,,2026-09-01,Tataria Price List 01-09-2026.pdf,89,KL-383.45 | ₹3620/-
tataria,Tataria,KL-383.50,False,Slim Box Drawer H-199mm Anthracite Grey,500mm,,,,4 Set,3720.0,INR,False,,2026-09-01,Tataria Price List 01-09-2026.pdf,89,KL-383.50 | ₹3720/-
tataria,Tataria,KL-383.55,False,Slim Box Drawer H-199mm Anthracite Grey,550mm,,,,4 Set,4090.0,INR,False,,2026-09-01,Tataria Price List 01-09-2026.pdf,89,KL-383.55 | ₹4090/-
tataria,Tataria,KLB-314.45,False,Slim Box Drawer with Side Rail H-167mm (H86mm + Rail) Anthracite Grey,450mm,,,,4 Set,3750.0,INR,False,,2026-09-01,Tataria Price List 01-09-2026.pdf,89,KLB-314.45 | ₹3750/-
tataria,Tataria,KLB-314.50,False,Slim Box Drawer with Side Rail H-167mm (H86mm + Rail) Anthracite Grey,500mm,,,,4 Set,3850.0,INR,False,,2026-09-01,Tataria Price List 01-09-2026.pdf,89,KLB-314.50 | ₹3850/-
tataria,Tataria,KLB-314.55,False,Slim Box Drawer with Side Rail H-167mm (H86mm + Rail) Anthracite Grey,550mm,,,,4 Set,4100.0,INR,False,,2026-09-01,Tataria Price List 01-09-2026.pdf,89,KLB-314.55 | ₹4100/-
tataria,Tataria,KLB-315.45,False,Slim Box Drawer with Side Rail H-199mm (H86mm + Rail) Anthracite Grey,450mm,,,,4 Set,3850.0,INR,False,,2026-09-01,Tataria Price List 01-09-2026.pdf,90,KLB-315.45 | ₹3850/-
tataria,Tataria,KLB-315.50,False,Slim Box Drawer with Side Rail H-199mm (H86mm + Rail) Anthracite Grey,500mm,,,,4 Set,3950.0,INR,False,,2026-09-01,Tataria Price List 01-09-2026.pdf,90,KLB-315.50 | ₹3950/-
tataria,Tataria,KLB-315.55,False,Slim Box Drawer with Side Rail H-199mm (H86mm + Rail) Anthracite Grey,550mm,,,,4 Set,4200.0,INR,False,,2026-09-01,Tataria Price List 01-09-2026.pdf,90,KLB-315.55 | ₹4200/-
tataria,Tataria,KLB-316.40.60,False,Slim Box Inner Drawer H-86mm (Width 600mm) Without Front Glass Anthracite Grey,400mm,,,,4 Set,4525.0,INR,False,,2026-09-01,Tataria Price List 01-09-2026.pdf,90,KLB-316.40.60 | ₹4525/-
tataria,Tataria,KLB-316.45.60,False,Slim Box Inner Drawer H-86mm (Width 600mm) Without Front Glass Anthracite Grey,450mm,,,,4 Set,4525.0,INR,False,,2026-09-01,Tataria Price List 01-09-2026.pdf,90,KLB-316.45.60 | ₹4525/-
tataria,Tataria,KLB-316.50.60,False,Slim Box Inner Drawer H-86mm (Width 600mm) Without Front Glass Anthracite Grey,500mm,,,,4 Set,4575.0,INR,False,,2026-09-01,Tataria Price List 01-09-2026.pdf,90,KLB-316.50.60 | ₹4575/-
tataria,Tataria,KLB-316.55.60,False,Slim Box Inner Drawer H-86mm (Width 600mm) Without Front Glass Anthracite Grey,550mm,,,,4 Set,4775.0,INR,False,,2026-09-01,Tataria Price List 01-09-2026.pdf,90,KLB-316.55.60 | ₹4775/-
tataria,Tataria,KLB-316.40.120,False,Slim Box Inner Drawer H-86mm (Width 1200mm) Without Front Glass,400mm,,,,4 Set,5450.0,INR,False,,2026-09-01,Tataria Price List 01-09-2026.pdf,90,KLB-316.40.120 | ₹5450/-
tataria,Tataria,KLB-316.45.120,False,Slim Box Inner Drawer H-86mm (Width 1200mm) Without Front Glass,450mm,,,,4 Set,5450.0,INR,False,,2026-09-01,Tataria Price List 01-09-2026.pdf,90,KLB-316.45.120 | ₹5450/-
tataria,Tataria,KLB-316.50.120,False,Slim Box Inner Drawer H-86mm (Width 1200mm) Without Front Glass,500mm,,,,4 Set,5500.0,INR,False,,2026-09-01,Tataria Price List 01-09-2026.pdf,90,KLB-316.50.120 | ₹5500/-
tataria,Tataria,KLB-316.55.120,False,Slim Box Inner Drawer H-86mm (Width 1200mm) Without Front Glass,550mm,,,,4 Set,5700.0,INR,False,,2026-09-01,Tataria Price List 01-09-2026.pdf,90,KLB-316.55.120 | ₹5700/-
tataria,Tataria,KLB-317.40.60,False,Slim Box Inner Drawer H-167mm (Width Without Front Glass Anthracite Grey,600mm),,,,4 Set,5535.0,INR,False,,2026-09-01,Tataria Price List 01-09-2026.pdf,90,KLB-317.40.60 | ₹5535/-
tataria,Tataria,KLB-317.45.60,False,Slim Box Inner Drawer H-167mm (Width Without Front Glass Anthracite Grey,450mm,,,,4 Set,5535.0,INR,False,,2026-09-01,Tataria Price List 01-09-2026.pdf,90,KLB-317.45.60 | ₹5535/-
tataria,Tataria,KLB-317.50.60,False,Slim Box Inner Drawer H-167mm (Width Without Front Glass Anthracite Grey,500mm,,,,4 Set,5635.0,INR,False,,2026-09-01,Tataria Price List 01-09-2026.pdf,90,KLB-317.50.60 | ₹5635/-
tataria,Tataria,KLB-317.55.60,False,Slim Box Inner Drawer H-167mm (Width Without Front Glass Anthracite Grey,550mm,,,,4 Set,5955.0,INR,False,,2026-09-01,Tataria Price List 01-09-2026.pdf,90,KLB-317.55.60 | ₹5955/-
tataria,Tataria,KLB-317.40.120,False,Slim Box Inner Drawer H-167mm (Width Without Front Glass,1200mm),,,,4 Set,6460.0,INR,False,,2026-09-01,Tataria Price List 01-09-2026.pdf,90,KLB-317.40.120 | ₹6460/-
tataria,Tataria,KLB-317.45.120,False,Slim Box Inner Drawer H-167mm (Width Without Front Glass,450mm,,,,4 Set,6460.0,INR,False,,2026-09-01,Tataria Price List 01-09-2026.pdf,90,KLB-317.45.120 | ₹6460/-
tataria,Tataria,KLB-317.50.120,False,Slim Box Inner Drawer H-167mm (Width Without Front Glass,500mm,,,,4 Set,6560.0,INR,False,,2026-09-01,Tataria Price List 01-09-2026.pdf,90,KLB-317.50.120 | ₹6560/-
tataria,Tataria,KLB-317.55.120,False,Slim Box Inner Drawer H-167mm (Width Without Front Glass,550mm,,,,4 Set,6880.0,INR,False,,2026-09-01,Tataria Price List 01-09-2026.pdf,90,KLB-317.55.120 | ₹6880/-
tataria,Tataria,KLB-318.45.60,False,Slim Box Inner Drawer H-199mm (Width Without Front Glass Anthracite Grey,600mm),,,,4 Set,5845.0,INR,False,,2026-09-01,Tataria Price List 01-09-2026.pdf,91,KLB-318.45.60 | ₹5845/-
tataria,Tataria,KLB-318.50.60,False,Slim Box Inner Drawer H-199mm (Width Without Front Glass Anthracite Grey,500mm,,,,4 Set,5945.0,INR,False,,2026-09-01,Tataria Price List 01-09-2026.pdf,91,KLB-318.50.60 | ₹5945/-
tataria,Tataria,KLB-318.55.60,False,Slim Box Inner Drawer H-199mm (Width Without Front Glass Anthracite Grey,550mm,,,,4 Set,6315.0,INR,False,,2026-09-01,Tataria Price List 01-09-2026.pdf,91,KLB-318.55.60 | ₹6315/-
tataria,Tataria,KLB-318.45.120,False,Slim Box Inner Drawer H-199mm (Width Without Front Glass,1200mm),,,,4 Set,6770.0,INR,False,,2026-09-01,Tataria Price List 01-09-2026.pdf,91,KLB-318.45.120 | ₹6770/-
tataria,Tataria,KLB-318.50.120,False,Slim Box Inner Drawer H-199mm (Width Without Front Glass,500mm,,,,4 Set,6870.0,INR,False,,2026-09-01,Tataria Price List 01-09-2026.pdf,91,KLB-318.50.120 | ₹6870/-
tataria,Tataria,KLB-318.55.120,False,Slim Box Inner Drawer H-199mm (Width Without Front Glass,550mm,,,,4 Set,7240.0,INR,False,,2026-09-01,Tataria Price List 01-09-2026.pdf,91,KLB-318.55.120 | ₹7240/-
tataria,Tataria,KLB-386.40.60,False,Slim Box Inner Drawer H-86mm with Integrated Handle (Width 600mm) Anthracite Grey,400mm,,,,4 Set,4900.0,INR,False,,2026-09-01,Tataria Price List 01-09-2026.pdf,91,KLB-386.40.60 | ₹4900/-
tataria,Tataria,KLB-386.45.60,False,Slim Box Inner Drawer H-86mm with Integrated Handle (Width 600mm) Anthracite Grey,450mm,,,,4 Set,4900.0,INR,False,,2026-09-01,Tataria Price List 01-09-2026.pdf,91,KLB-386.45.60 | ₹4900/-
tataria,Tataria,KLB-386.50.60,False,Slim Box Inner Drawer H-86mm with Integrated Handle (Width 600mm) Anthracite Grey,500mm,,,,4 Set,4950.0,INR,False,,2026-09-01,Tataria Price List 01-09-2026.pdf,91,KLB-386.50.60 | ₹4950/-
tataria,Tataria,KLB-386.55.60,False,Slim Box Inner Drawer H-86mm with Integrated Handle (Width 600mm) Anthracite Grey,550mm,,,,4 Set,5150.0,INR,False,,2026-09-01,Tataria Price List 01-09-2026.pdf,91,KLB-386.55.60 | ₹5150/-
tataria,Tataria,KLB-386.40.120,False,Slim Box Inner Drawer H-86mm with Integrated Handle (Width 1200mm),400mm,,,,4 Set,6090.0,INR,False,,2026-09-01,Tataria Price List 01-09-2026.pdf,91,KLB-386.40.120 | ₹6090/-
tataria,Tataria,KLB-386.45.120,False,Slim Box Inner Drawer H-86mm with Integrated Handle (Width 1200mm),450mm,,,,4 Set,6090.0,INR,False,,2026-09-01,Tataria Price List 01-09-2026.pdf,91,KLB-386.45.120 | ₹6090/-
tataria,Tataria,KLB-386.50.120,False,Slim Box Inner Drawer H-86mm with Integrated Handle (Width 1200mm),500mm,,,,4 Set,6140.0,INR,False,,2026-09-01,Tataria Price List 01-09-2026.pdf,91,KLB-386.50.120 | ₹6140/-
tataria,Tataria,KLB-386.55.120,False,Slim Box Inner Drawer H-86mm with Integrated Handle (Width 1200mm),550mm,,,,4 Set,6340.0,INR,False,,2026-09-01,Tataria Price List 01-09-2026.pdf,91,KLB-386.55.120 | ₹6340/-
tataria,Tataria,KLB-388.40.60,False,Slim Box Inner Drawer H-167mm with Integrated Handle & Front Rail (Width 600mm) Anthracite Grey,400mm,,,,4 Set,6410.0,INR,False,,2026-09-01,Tataria Price List 01-09-2026.pdf,91,KLB-388.40.60 | ₹6410/-
tataria,Tataria,KLB-388.45.60,False,Slim Box Inner Drawer H-167mm with Integrated Handle & Front Rail (Width 600mm) Anthracite Grey,450mm,,,,4 Set,6410.0,INR,False,,2026-09-01,Tataria Price List 01-09-2026.pdf,91,KLB-388.45.60 | ₹6410/-
tataria,Tataria,KLB-388.50.60,False,Slim Box Inner Drawer H-167mm with Integrated Handle & Front Rail (Width 600mm) Anthracite Grey,500mm,,,,4 Set,6510.0,INR,False,,2026-09-01,Tataria Price List 01-09-2026.pdf,91,KLB-388.50.60 | ₹6510/-
tataria,Tataria,KLB-388.55.60,False,Slim Box Inner Drawer H-167mm with Integrated Handle & Front Rail (Width 600mm) Anthracite Grey,550mm,,,,4 Set,6830.0,INR,False,,2026-09-01,Tataria Price List 01-09-2026.pdf,91,KLB-388.55.60 | ₹6830/-
tataria,Tataria,KLB-388.40.120,False,Slim Box Inner Drawer H-167mm with Integrated Handle & Front Rail (Width 1200mm),400mm,,,,4 Set,8090.0,INR,False,,2026-09-01,Tataria Price List 01-09-2026.pdf,91,KLB-388.40.120 | ₹8090/-
tataria,Tataria,KLB-388.45.120,False,Slim Box Inner Drawer H-167mm with Integrated Handle & Front Rail (Width 1200mm),450mm,,,,4 Set,8090.0,INR,False,,2026-09-01,Tataria Price List 01-09-2026.pdf,91,KLB-388.45.120 | ₹8090/-
tataria,Tataria,KLB-388.50.120,False,Slim Box Inner Drawer H-167mm with Integrated Handle & Front Rail (Width 1200mm),500mm,,,,4 Set,8190.0,INR,False,,2026-09-01,Tataria Price List 01-09-2026.pdf,91,KLB-388.50.120 | ₹8190/-
tataria,Tataria,KLB-388.55.120,False,Slim Box Inner Drawer H-167mm with Integrated Handle & Front Rail (Width 1200mm),550mm,,,,4 Set,8510.0,INR,False,,2026-09-01,Tataria Price List 01-09-2026.pdf,91,KLB-388.55.120 | ₹8510/-
tataria,Tataria,KLB-320.45.60,False,Slim Box Drawer Ladder Unit (Cabinet Width Anthracite Grey,450mm - 600mm),,,,4 Set,27285.0,INR,False,,2026-09-01,Tataria Price List 01-09-2026.pdf,92,KLB-320.45.60 | ₹27285/-
tataria,Tataria,KLB-320.50.60,False,Slim Box Drawer Ladder Unit (Cabinet Width Anthracite Grey,500mm,,,,4 Set,27735.0,INR,False,,2026-09-01,Tataria Price List 01-09-2026.pdf,92,KLB-320.50.60 | ₹27735/-
tataria,Tataria,KLB-320.55.60,False,Slim Box Drawer Ladder Unit (Cabinet Width Anthracite Grey,550mm,,,,4 Set,29315.0,INR,False,,2026-09-01,Tataria Price List 01-09-2026.pdf,92,KLB-320.55.60 | ₹29315/-
tataria,Tataria,KLB-320.45.120,False,Slim Box Drawer Ladder Unit (Cabinet Width,900mm - 1200mm),,,,4 Set,31910.0,INR,False,,2026-09-01,Tataria Price List 01-09-2026.pdf,92,KLB-320.45.120 | ₹31910/-
tataria,Tataria,KLB-320.50.120,False,Slim Box Drawer Ladder Unit (Cabinet Width,500mm,,,,4 Set,32360.0,INR,False,,2026-09-01,Tataria Price List 01-09-2026.pdf,92,KLB-320.50.120 | ₹32360/-
tataria,Tataria,KLB-320.55.120,False,Slim Box Drawer Ladder Unit (Cabinet Width,550mm,,,,4 Set,33940.0,INR,False,,2026-09-01,Tataria Price List 01-09-2026.pdf,92,KLB-320.55.120 | ₹33940/-
tataria,Tataria,KLB-319.45,False,Slim Box Drawer Tall Unit (Cabinet Width 450mm - 600mm) Anthracite Grey,450mm,,,,4 Set,20410.0,INR,False,,2026-09-01,Tataria Price List 01-09-2026.pdf,92,KLB-319.45 | ₹20410/-
tataria,Tataria,KLB-319.50,False,Slim Box Drawer Tall Unit (Cabinet Width 450mm - 600mm) Anthracite Grey,500mm,,,,4 Set,20810.0,INR,False,,2026-09-01,Tataria Price List 01-09-2026.pdf,92,KLB-319.50 | ₹20810/-
tataria,Tataria,KLB-319.55,False,Slim Box Drawer Tall Unit (Cabinet Width 450mm - 600mm) Anthracite Grey,550mm,,,,4 Set,22320.0,INR,False,,2026-09-01,Tataria Price List 01-09-2026.pdf,92,KLB-319.55 | ₹22320/-
tataria,Tataria,KL-331.45,False,Slim Box Side Rail Anthracite Grey,450mm,,,,4 Set,550.0,INR,False,,2026-09-01,Tataria Price List 01-09-2026.pdf,92,KL-331.45 | ₹550/-
tataria,Tataria,KL-331.50,False,Slim Box Side Rail Anthracite Grey,500mm,,,,4 Set,600.0,INR,False,,2026-09-01,Tataria Price List 01-09-2026.pdf,92,KL-331.50 | ₹600/-
tataria,Tataria,KL-331.55,False,Slim Box Side Rail Anthracite Grey,550mm,,,,4 Set,650.0,INR,False,,2026-09-01,Tataria Price List 01-09-2026.pdf,92,KL-331.55 | ₹650/-
tataria,Tataria,KL-336,False,Slim Box Back Fixing Bracket for Rail Anthracite Grey,167mm,,,,1 Set,400.0,INR,False,,2026-09-01,Tataria Price List 01-09-2026.pdf,92,KL-336 | ₹400/-
tataria,Tataria,KL-337,False,Slim Box Back Fixing Bracket for Rail Anthracite Grey,199mm,,,,1 Set,500.0,INR,False,,2026-09-01,Tataria Price List 01-09-2026.pdf,92,KL-337 | ₹500/-
tataria,Tataria,KL-335A,False,Front Section for Inner Drawer Anthracite Grey,1200mm,,,,1 Pcs,1850.0,INR,False,,2026-09-01,Tataria Price List 01-09-2026.pdf,93,KL-335A | ₹1850/-
tataria,Tataria,KL-332A,False,Slim Box Inner Drawer Front Bracket Anthracite Grey,86mm,,,,4 Set,800.0,INR,False,,2026-09-01,Tataria Price List 01-09-2026.pdf,93,KL-332A | ₹800/-
tataria,Tataria,KL-333A,False,Slim Box Inner Drawer Front Bracket Anthracite Grey,167mm,,,,4 Set,1200.0,INR,False,,2026-09-01,Tataria Price List 01-09-2026.pdf,93,KL-333A | ₹1200/-
tataria,Tataria,KL-334A,False,Slim Box Inner Drawer Front Bracket Anthracite Grey,199mm,,,,4 Set,1300.0,INR,False,,2026-09-01,Tataria Price List 01-09-2026.pdf,93,KL-334A | ₹1300/-
tataria,Tataria,KL-339,False,Inner Drawer Front Section with Handle Anthracite Grey,1200mm,,,,1 Pcs,2380.0,INR,False,,2026-09-01,Tataria Price List 01-09-2026.pdf,93,KL-339 | ₹2380/-
tataria,Tataria,KL-340,False,Inner Drawer Front Rail Anthracite Grey,1200mm,,,,1 Pcs,980.0,INR,False,,2026-09-01,Tataria Price List 01-09-2026.pdf,93,KL-340 | ₹980/-
tataria,Tataria,KL-341,False,Inner Drawer Front Bracket for Front Section with Handle H86mm Anthracite Grey,86mm,,,,1 Set,910.0,INR,False,,2026-09-01,Tataria Price List 01-09-2026.pdf,93,KL-341 | ₹910/-
tataria,Tataria,KL-342,False,Inner Drawer Front Bracket for Front Section with Handle H167mm Anthracite Grey,167mm,,,,1 Set,1320.0,INR,False,,2026-09-01,Tataria Price List 01-09-2026.pdf,93,KL-342 | ₹1320/-
tataria,Tataria,KL-047,False,U-Sink Organiser - Grey,,,,,1 Pcs,770.0,INR,False,,2026-09-01,Tataria Price List 01-09-2026.pdf,93,KL-047 | ₹770/-
tataria,Tataria,KL-045,False,Drawer Stabilizer - Grey,,,,,10 Set,410.0,INR,False,,2026-09-01,Tataria Price List 01-09-2026.pdf,93,KL-045 | ₹410/-
tataria,Tataria,KL-002.30,False,Under Mount Slide Full Extension Softclose with Front Fixing Braket Zinc,300mm,,,,10 Set,1480.0,INR,False,,2026-09-01,Tataria Price List 01-09-2026.pdf,94,KL-002.30 | ₹1480/-
tataria,Tataria,KL-002.35,False,Under Mount Slide Full Extension Softclose with Front Fixing Braket Zinc,350mm,,,,10 Set,1560.0,INR,False,,2026-09-01,Tataria Price List 01-09-2026.pdf,94,KL-002.35 | ₹1560/-
tataria,Tataria,KL-002.40,False,Under Mount Slide Full Extension Softclose with Front Fixing Braket Zinc,400mm,,,,10 Set,1650.0,INR,False,,2026-09-01,Tataria Price List 01-09-2026.pdf,94,KL-002.40 | ₹1650/-
tataria,Tataria,KL-002.45,False,Under Mount Slide Full Extension Softclose with Front Fixing Braket Zinc,450mm,,,,10 Set,1710.0,INR,False,,2026-09-01,Tataria Price List 01-09-2026.pdf,94,KL-002.45 | ₹1710/-
tataria,Tataria,KL-002.50,False,Under Mount Slide Full Extension Softclose with Front Fixing Braket Zinc,500mm,,,,10 Set,1760.0,INR,False,,2026-09-01,Tataria Price List 01-09-2026.pdf,94,KL-002.50 | ₹1760/-
tataria,Tataria,KL-002.55,False,Under Mount Slide Full Extension Softclose with Front Fixing Braket Zinc,550mm,,,,10 Set,1820.0,INR,False,,2026-09-01,Tataria Price List 01-09-2026.pdf,94,KL-002.55 | ₹1820/-
tataria,Tataria,KL-003.30,False,Under Mount Slide Full Extension Push Open with Front Fixing Braket Zinc,300mm,,,,10 Set,1520.0,INR,False,,2026-09-01,Tataria Price List 01-09-2026.pdf,94,KL-003.30 | ₹1520/-
tataria,Tataria,KL-003.35,False,Under Mount Slide Full Extension Push Open with Front Fixing Braket Zinc,350mm,,,,10 Set,1560.0,INR,False,,2026-09-01,Tataria Price List 01-09-2026.pdf,94,KL-003.35 | ₹1560/-
tataria,Tataria,KL-003.40,False,Under Mount Slide Full Extension Push Open with Front Fixing Braket Zinc,400mm,,,,10 Set,1650.0,INR,False,,2026-09-01,Tataria Price List 01-09-2026.pdf,94,KL-003.40 | ₹1650/-
tataria,Tataria,KL-003.45,False,Under Mount Slide Full Extension Push Open with Front Fixing Braket Zinc,450mm,,,,10 Set,1750.0,INR,False,,2026-09-01,Tataria Price List 01-09-2026.pdf,94,KL-003.45 | ₹1750/-
tataria,Tataria,KL-003.50,False,Under Mount Slide Full Extension Push Open with Front Fixing Braket Zinc,500mm,,,,10 Set,1830.0,INR,False,,2026-09-01,Tataria Price List 01-09-2026.pdf,94,KL-003.50 | ₹1830/-
tataria,Tataria,KL-003.55,False,Under Mount Slide Full Extension Push Open with Front Fixing Braket Zinc,550mm,,,,10 Set,1920.0,INR,False,,2026-09-01,Tataria Price List 01-09-2026.pdf,94,KL-003.55 | ₹1920/-
tataria,Tataria,TA-1077.BL,False,Corrugated Drawer Matt Liner 1.2mm Thick (Made In Italy) Black,480mm x 20mtr,,,,,28500.0,INR,False,,2026-09-01,Tataria Price List 01-09-2026.pdf,95,TA-1077.BL | ₹28500/-
tataria,Tataria,TA-1077.AN,False,Corrugated Drawer Matt Liner 1.2mm Thick (Made In Italy) Anthracite,480mm x 20mtr,,,,,28500.0,INR,False,,2026-09-01,Tataria Price List 01-09-2026.pdf,95,TA-1077.AN | ₹28500/-
tataria,Tataria,TA-2652.90.BL,False,Lay On Double Back Section Black,900mm,,,,1 Pcs,46920.0,INR,False,,2026-09-01,Tataria Price List 01-09-2026.pdf,97,TA-2652.90.BL | ₹46920/-
tataria,Tataria,TA-2662.149.BL,False,U Shape Tray 149mm x 35mm Black,140mm x 149mm,,,,1 Pcs,2850.0,INR,False,,2026-09-01,Tataria Price List 01-09-2026.pdf,97,TA-2662.149.BL | ₹2850/-
tataria,Tataria,TA-2662.149.WL,False,Walnut,,,,,1 Pcs,8150.0,INR,False,,2026-09-01,Tataria Price List 01-09-2026.pdf,97,TA-2662.149.WL | ₹8150/-
tataria,Tataria,TA-2653.BL,False,Spice Jars Holder (Small) x 35mm Black,140mm x 149mm,,,,1 Pcs,3290.0,INR,False,,2026-09-01,Tataria Price List 01-09-2026.pdf,97,TA-2653.BL | ₹3290/-
tataria,Tataria,TA-2653.WL,False,Walnut,,,,,1 Pcs,11670.0,INR,False,,2026-09-01,Tataria Price List 01-09-2026.pdf,97,TA-2653.WL | ₹11670/-
tataria,Tataria,TA-2654.BL,False,Inclined Divider x 35mm Black,140mm x 472mm,,,,1 Pcs,8740.0,INR,False,,2026-09-01,Tataria Price List 01-09-2026.pdf,97,TA-2654.BL | ₹8740/-
tataria,Tataria,TA-2654.WL,False,Walnut,,,,,1 Pcs,16540.0,INR,False,,2026-09-01,Tataria Price List 01-09-2026.pdf,97,TA-2654.WL | ₹16540/-
tataria,Tataria,TA-1022.BL,False,Spice Jar Holder (Big) x 35mm Black,140mm x 472mm,,,,1 Pcs,5120.0,INR,False,,2026-09-01,Tataria Price List 01-09-2026.pdf,97,TA-1022.BL | ₹5120/-
tataria,Tataria,TA-1022.WL,False,Walnut,,,,,1 Pcs,12400.0,INR,False,,2026-09-01,Tataria Price List 01-09-2026.pdf,97,TA-1022.WL | ₹12400/-
tataria,Tataria,TA-1021.BL,False,Jars Holder x 35mm Black,140mm x 472mm,,,,1 Pcs,4950.0,INR,False,,2026-09-01,Tataria Price List 01-09-2026.pdf,97,TA-1021.BL | ₹4950/-
tataria,Tataria,TA-1021.WL,False,Walnut,,,,,1 Pcs,12400.0,INR,False,,2026-09-01,Tataria Price List 01-09-2026.pdf,97,TA-1021.WL | ₹12400/-
tataria,Tataria,TA-1024.BL,False,Knives Rack x 35mm Black,140mm x 472mm,,,,1 Pcs,10990.0,INR,False,,2026-09-01,Tataria Price List 01-09-2026.pdf,97,TA-1024.BL | ₹10990/-
tataria,Tataria,TA-1024.WL,False,Walnut,,,,,1 Pcs,19980.0,INR,False,,2026-09-01,Tataria Price List 01-09-2026.pdf,97,TA-1024.WL | ₹19980/-
tataria,Tataria,TA-1028.90.BL,False,Low Depth Back Section with Cover and Softclosing Black,900mm,,,,1 Pcs,38760.0,INR,False,,2026-09-01,Tataria Price List 01-09-2026.pdf,99,TA-1028.90.BL | ₹38760/-
tataria,Tataria,TA-2655.WL,False,Universal Tray x 50mm Walnut,150mm x 472mm,,,,1 Pcs,11800.0,INR,False,,2026-09-01,Tataria Price List 01-09-2026.pdf,99,TA-2655.WL | ₹11800/-
tataria,Tataria,TA-2660.90.BL,False,Low Depth Back Section with Water Drainage Black,900mm,,,,1 Pcs,86790.0,INR,False,,2026-09-01,Tataria Price List 01-09-2026.pdf,100,TA-2660.90.BL | ₹86790/-
tataria,Tataria,TA-1035.BL,False,Dish Rack - Black,,,,,1 Pcs,6520.0,INR,False,,2026-09-01,Tataria Price List 01-09-2026.pdf,100,TA-1035.BL | ₹6520/-
tataria,Tataria,TA-1039.BL,False,Drip Plate - Black,,,,,1 Pcs,6450.0,INR,False,,2026-09-01,Tataria Price List 01-09-2026.pdf,100,TA-1039.BL | ₹6450/-
tataria,Tataria,TA-1050.BL,False,Cutlery Tray - Black,,,,,1 Pcs,15300.0,INR,False,,2026-09-01,Tataria Price List 01-09-2026.pdf,100,TA-1050.BL | ₹15300/-
tataria,Tataria,TA-1034.BL,False,Low Depth Back Section with Water Drainage & Attachment for Faucet Black,900mm,,,,1 Pcs,118800.0,INR,False,,2026-09-01,Tataria Price List 01-09-2026.pdf,101,TA-1034.BL | ₹118800/-
tataria,Tataria,TA-2661.90.BL,False,Cutlery Grid Black/ Walnut,900mm,,,,1 Pcs,19980.0,INR,False,,2026-09-01,Tataria Price List 01-09-2026.pdf,103,TA-2661.90.BL | ₹19980/-
tataria,Tataria,TA-1027.BL,False,Rolls Holder Black,472mm,,,,1 Pcs,15100.0,INR,False,,2026-09-01,Tataria Price List 01-09-2026.pdf,103,TA-1027.BL | ₹15100/-
tataria,Tataria,TA-2662.88.BL,False,U Shape Tray 88mm x 35mm Black,140mm x 88mm,,,,1 Pcs,2750.0,INR,False,,2026-09-01,Tataria Price List 01-09-2026.pdf,103,TA-2662.88.BL | ₹2750/-
tataria,Tataria,TA-2662.88.WL,False,Walnut,,,,,1 Pcs,7650.0,INR,False,,2026-09-01,Tataria Price List 01-09-2026.pdf,103,TA-2662.88.WL | ₹7650/-
tataria,Tataria,TA-2663.90.BL,False,High Dawer Cutlery Grid Black/ Walnut,900mm,,,,1 Pcs,32880.0,INR,False,,2026-09-01,Tataria Price List 01-09-2026.pdf,106,TA-2663.90.BL | ₹32880/-
tataria,Tataria,TA-476,False,Bio Dust Bin 7 Ltr W272mm X D185mm X H258mm Metallic Grey,,,,,1 Pcs,1824.0,INR,False,,2026-09-01,Tataria Price List 01-09-2026.pdf,109,TA-476 | ₹1824/-
tataria,Tataria,TA-477,False,Multi Functional Dust Bin 5 Ltr W245mm X D182mm X H170mm Metallic Grey,,,,,1 Pcs,1354.0,INR,False,,2026-09-01,Tataria Price List 01-09-2026.pdf,109,TA-477 | ₹1354/-
tataria,Tataria,TA-2601.90,False,Height Adjustable Panel for 900mm Width Height 560mm to Grey Stone,593mm,,,,1 Pcs,27190.0,INR,False,,2026-09-01,Tataria Price List 01-09-2026.pdf,110,TA-2601.90 | ₹27190/-
tataria,Tataria,TA-2602.60,False,Height Adjustable Panel for 600mm Width Height 1230mm to 1263mm Grey Stone,,,,,1 Pcs,41270.0,INR,False,,2026-09-01,Tataria Price List 01-09-2026.pdf,110,TA-2602.60 | ₹41270/-
tataria,Tataria,TA-2602.90,False,Height Adjustable Panel for 900mm Width Height 1230mm to 1263mm Grey Stone,,,,,1 Pcs,45110.0,INR,False,,2026-09-01,Tataria Price List 01-09-2026.pdf,110,TA-2602.90 | ₹45110/-
tataria,Tataria,TA-2605,False,Multipurpose Shelf x 128mm Grey Stone,200mm x 90mm,,,,1 Pcs,4630.0,INR,False,,2026-09-01,Tataria Price List 01-09-2026.pdf,111,TA-2605 | ₹4630/-
tataria,Tataria,TA-2607,False,Plain Shelf x 34mm Grey Stone,416mm x 150mm,,,,1 Pcs,4890.0,INR,False,,2026-09-01,Tataria Price List 01-09-2026.pdf,111,TA-2607 | ₹4890/-
tataria,Tataria,TA-2608,False,Glass Holder x 40mm Grey Stone,536mm x 113mm,,,,1 Pcs,4890.0,INR,False,,2026-09-01,Tataria Price List 01-09-2026.pdf,111,TA-2608 | ₹4890/-
tataria,Tataria,TA-2610,False,Hook (Set of 4 Pcs) Grey Stone,9mm x 10mm x,,,,1 Set,2710.0,INR,False,,2026-09-01,Tataria Price List 01-09-2026.pdf,111,TA-2610 | ₹2710/-
tataria,Tataria,TA-2611,False,Open Compartment x 314mm Grey Stone,388mm x 220mm,,,,1 Pcs,7020.0,INR,False,,2026-09-01,Tataria Price List 01-09-2026.pdf,111,TA-2611 | ₹7020/-
tataria,Tataria,TA-2612,False,Open Compartment x 314mm Grey Stone,538mm x 220mm,,,,1 Pcs,11730.0,INR,False,,2026-09-01,Tataria Price List 01-09-2026.pdf,111,TA-2612 | ₹11730/-
tataria,Tataria,KLB-370.MB,False,Slim Light Section Profile Black,300mm,,,,12 Pcs,580.0,INR,False,,2026-09-01,Tataria Price List 01-09-2026.pdf,112,KLB-370.MB | ₹580/-
tataria,Tataria,KLB-371.MB,False,Slim Light Section Profile with Collar Black,3000mm,,,,12 Pcs,640.0,INR,False,,2026-09-01,Tataria Price List 01-09-2026.pdf,112,KLB-371.MB | ₹640/-
tataria,Tataria,KLB-378.MB,False,Indirect Light Section Profile Black,3000mm,,,,12 Pcs,1330.0,INR,False,,2026-09-01,Tataria Price List 01-09-2026.pdf,112,KLB-378.MB | ₹1330/-
tataria,Tataria,KL-524.66.MB,False,Wardrobe Tube with LED Light & Bracket (Set CONSIST OF KL-522 X 1Pcs + KL-523 X 1 Set) Matt Black,660mm,,,,1 Set,2730.0,INR,False,,2026-09-01,Tataria Price List 01-09-2026.pdf,113,KL-524.66.MB | ₹2730/-
tataria,Tataria,KL-524.66.CGD,False,Classic Gold,,,,,,2730.0,INR,False,,2026-09-01,Tataria Price List 01-09-2026.pdf,113,KL-524.66.CGD | ₹2730/-
tataria,Tataria,KL-524.96.MB,False,Matt Black,960mm,,,,1 Set,2960.0,INR,False,,2026-09-01,Tataria Price List 01-09-2026.pdf,113,KL-524.96.MB | ₹2960/-
tataria,Tataria,KL-524.96.CGD,False,Classic Gold,,,,,,2960.0,INR,False,,2026-09-01,Tataria Price List 01-09-2026.pdf,113,KL-524.96.CGD | ₹2960/-
tataria,Tataria,KL-524.120.MB,False,Matt Black,1200mm,,,,1 Set,3430.0,INR,False,,2026-09-01,Tataria Price List 01-09-2026.pdf,113,KL-524.120.MB | ₹3430/-
tataria,Tataria,KL-524.120.CGD,False,Classic Gold,,,,,,3430.0,INR,False,,2026-09-01,Tataria Price List 01-09-2026.pdf,113,KL-524.120.CGD | ₹3430/-
tataria,Tataria,WD-532,False,Lighted Wooden Shelf with Switch & Fixing Bracket (Top Frosty White) (Light)Warm White,600mm,,,,1 Pcs,5752.0,INR,False,,2026-09-01,Tataria Price List 01-09-2026.pdf,113,WD-532 | ₹5752/-
tataria,Tataria,WD-534,False,Lighted Wooden Shelf with Switch & Fixing Bracket (Top Frosty White) (Light)Warm White,900mm,,,,1 Pcs,7670.0,INR,False,,2026-09-01,Tataria Price List 01-09-2026.pdf,113,WD-534 | ₹7670/-
tataria,Tataria,WD-531,False,Lighted Wooden Shelf with Switch & Fixing Bracket (Top Black) (Light) Blue,450mm,,,,1 Pcs,4474.0,INR,False,,2026-09-01,Tataria Price List 01-09-2026.pdf,113,WD-531 | ₹4474/-
tataria,Tataria,WD-533,False,Lighted Wooden Shelf with Switch & Fixing Bracket (Top Black) (Light) Blue,600mm,,,,1 Pcs,5752.0,INR,False,,2026-09-01,Tataria Price List 01-09-2026.pdf,113,WD-533 | ₹5752/-
tataria,Tataria,WD-535,False,Lighted Wooden Shelf with Switch & Fixing Bracket (Top Black) (Light) Blue,900mm,,,,1 Pcs,7670.0,INR,False,,2026-09-01,Tataria Price List 01-09-2026.pdf,113,WD-535 | ₹7670/-
tataria,Tataria,KL-196.B,False,On/Off Switch - Black,,,,,24 Pcs,210.0,INR,False,,2026-09-01,Tataria Price List 01-09-2026.pdf,113,KL-196.B | ₹210/-
tataria,Tataria,KL-196.W,False,- White,,,,,24 Pcs,210.0,INR,False,,2026-09-01,Tataria Price List 01-09-2026.pdf,113,KL-196.W | ₹210/-
tataria,Tataria,KL-360,False,Door Trigger Sensor for 12V & 24V Black,,,,,1 Pcs,2250.0,INR,False,,2026-09-01,Tataria Price List 01-09-2026.pdf,113,KL-360 | ₹2250/-
tataria,Tataria,KL-365,False,6 Way Power Distributor with Male Connector - Black,,,,,1 Pcs,680.0,INR,False,,2026-09-01,Tataria Price List 01-09-2026.pdf,114,KL-365 | ₹680/-
tataria,Tataria,KL-363.06,False,Driver 60-24V - -,,,,,1 Pcs,4040.0,INR,False,,2026-09-01,Tataria Price List 01-09-2026.pdf,114,KL-363.06 | ₹4040/-
tataria,Tataria,KL-363.10,False,Driver 100-24V - -,,,,,1 Pcs,6620.0,INR,False,,2026-09-01,Tataria Price List 01-09-2026.pdf,114,KL-363.10 | ₹6620/-
tataria,Tataria,KL-368.06,False,Driver 60-24V - -,,,,,1 Pcs,2390.0,INR,False,,2026-09-01,Tataria Price List 01-09-2026.pdf,114,KL-368.06 | ₹2390/-
tataria,Tataria,KL-368.10,False,Driver 100-24V - -,,,,,1 Pcs,2780.0,INR,False,,2026-09-01,Tataria Price List 01-09-2026.pdf,114,KL-368.10 | ₹2780/-
tataria,Tataria,KL-368.12,False,Driver 120-24V - -,,,,,1 Pcs,3660.0,INR,False,,2026-09-01,Tataria Price List 01-09-2026.pdf,114,KL-368.12 | ₹3660/-
tataria,Tataria,KL-368.20,False,Driver 200-24V - -,,,,,1 Pcs,4060.0,INR,False,,2026-09-01,Tataria Price List 01-09-2026.pdf,114,KL-368.20 | ₹4060/-
tataria,Tataria,TA-369.3K,False,W/M 24V DC 144 LED/ Mtr 3000K Warm White,4mm LED Strip 11.5,,,,1 Pcs,4450.0,INR,False,,2026-09-01,Tataria Price List 01-09-2026.pdf,114,TA-369.3K | ₹4450/-
tataria,Tataria,KL-097.30.Z,False,Pocket Door Slide Zinc,300mm,,,,20 Pair,720.0,INR,False,,2026-09-01,Tataria Price List 01-09-2026.pdf,115,KL-097.30.Z | ₹720/-
tataria,Tataria,KL-097.35.Z,False,Pocket Door Slide Zinc,350mm,,,,20 Pair,840.0,INR,False,,2026-09-01,Tataria Price List 01-09-2026.pdf,115,KL-097.35.Z | ₹840/-
tataria,Tataria,KL-097.40.Z,False,Pocket Door Slide Zinc,400mm,,,,20 Pair,960.0,INR,False,,2026-09-01,Tataria Price List 01-09-2026.pdf,115,KL-097.40.Z | ₹960/-
tataria,Tataria,KL-097.45.Z,False,Pocket Door Slide Zinc,450mm,,,,20 Pair,1080.0,INR,False,,2026-09-01,Tataria Price List 01-09-2026.pdf,115,KL-097.45.Z | ₹1080/-
tataria,Tataria,KL-097.50.Z,False,Pocket Door Slide Zinc,500mm,,,,20 Pair,1200.0,INR,False,,2026-09-01,Tataria Price List 01-09-2026.pdf,115,KL-097.50.Z | ₹1200/-
tataria,Tataria,KL-097.55.Z,False,Pocket Door Slide Zinc,550mm,,,,20 Pair,1320.0,INR,False,,2026-09-01,Tataria Price List 01-09-2026.pdf,115,KL-097.55.Z | ₹1320/-
tataria,Tataria,SS-106.25,False,Loaft Lock SS,25mm,,,,24 Pcs,246.0,INR,False,,2026-09-01,Tataria Price List 01-09-2026.pdf,115,SS-106.25 | ₹246/-
tataria,Tataria,SS-106.35,False,SS,35mm,,,,,268.0,INR,False,,2026-09-01,Tataria Price List 01-09-2026.pdf,115,SS-106.35 | ₹268 /-
tataria,Tataria,SS-108.35,False,Loaft Lock Heavy SS,35mm,,,,12 Pcs,372.0,INR,False,,2026-09-01,Tataria Price List 01-09-2026.pdf,115,SS-108.35 | ₹372/-
tataria,Tataria,SS-108.50,False,SS,50mm,,,,,398.0,INR,False,,2026-09-01,Tataria Price List 01-09-2026.pdf,115,SS-108.50 | ₹398/-
tataria,Tataria,SS-107,False,Loaft Lock Key - SS,,,,,24 Pcs,84.0,INR,False,,2026-09-01,Tataria Price List 01-09-2026.pdf,115,SS-107 | ₹84/-
tataria,Tataria,SS-073.06.A.SS,False,Jhulla Fitting Set of 4 Pcs Fitting with 2 Pcs ‘W’ Kada SS Standard 84” SS,(6mm SS Wire),,,,1 Set,12200.0,INR,False,,2026-09-01,Tataria Price List 01-09-2026.pdf,116,SS-073.06.A.SS | ₹12200/-
tataria,Tataria,SS-073.06.A.CP,False,Jhulla Fitting Set of 4 Pcs Fitting with 2 Pcs ‘W’ Kada SS Standard 84” CP,(6mm SS Wire),,,,1 Set,13900.0,INR,False,,2026-09-01,Tataria Price List 01-09-2026.pdf,116,SS-073.06.A.CP | ₹13900/-
tataria,Tataria,SS-073.06.A.RG,False,Jhulla Fitting Set of 4 Pcs Fitting with 2 Pcs ‘W’ Kada Rose Gold Standard 84” Rose Gold,(6mm SS Wire),,,,1 Set,23600.0,INR,False,,2026-09-01,Tataria Price List 01-09-2026.pdf,116,SS-073.06.A.RG | ₹23600/-
tataria,Tataria,SS-073.06.B.RG,False,Below 84” Rose Gold,,,,,1 Set,24200.0,INR,False,,2026-09-01,Tataria Price List 01-09-2026.pdf,116,SS-073.06.B.RG | ₹24200/-
tataria,Tataria,SS-074.06.A.RG,False,Jhulla Fitting Set of 4 Pcs Fitting with 2 Pcs ‘W’ Kada Rose Gold Standard 84” Rose Gold,(6mm Rose Gold Wire),,,,1 Set,35800.0,INR,False,,2026-09-01,Tataria Price List 01-09-2026.pdf,116,SS-074.06.A.RG | ₹35800/-
tataria,Tataria,SS-074.06.B.RG,False,Below 84” Rose Gold,,,,,1 Set,36400.0,INR,False,,2026-09-01,Tataria Price List 01-09-2026.pdf,116,SS-074.06.B.RG | ₹36400/-
tataria,Tataria,SS-075.A,False,Jhulla Fitting Set of 4 Pcs Fitting with 2 Pcs ‘W’ Kada SS Standard 84” SS,(8mm SS Wire),,,,1 Set,12200.0,INR,False,,2026-09-01,Tataria Price List 01-09-2026.pdf,116,SS-075.A | ₹12200/-
tataria,Tataria,SS-075.B,False,Below 84” SS,,,,,1 Set,12800.0,INR,False,,2026-09-01,Tataria Price List 01-09-2026.pdf,116,SS-075.B | ₹12800/-
tataria,Tataria,SS-085.08.A.SS,False,Jhulla Fitting PVC Coated Set of 4 Pcs Fitting with 2 Pcs ‘W’ Kada SS Standard 84” SS,(8mm SS Wire),,,,1 Set,12700.0,INR,False,,2026-09-01,Tataria Price List 01-09-2026.pdf,116,SS-085.08.A.SS | ₹12700/-
tataria,Tataria,SS-085.08.B.SS,False,Below 84” SS,,,,,1 Set,13300.0,INR,False,,2026-09-01,Tataria Price List 01-09-2026.pdf,116,SS-085.08.B.SS | ₹13300/-
tataria,Tataria,ABS-081,False,"Wire Manager Square Black,Grey, Silver, TeakWood, BeachWood, WhiteWood Vengue­ Brown",,,,,20 Pcs,64.0,INR,False,,2026-09-01,Tataria Price List 01-09-2026.pdf,117,ABS-081 | ₹64/-
tataria,Tataria,SS-191,False,Card Holder Round S.S.,,,,,24 Pcs,76.0,INR,False,,2026-09-01,Tataria Price List 01-09-2026.pdf,117,SS-191 | ₹76 /-
tataria,Tataria,SS-192,False,Square,,,,,24 Pcs,112.0,INR,False,,2026-09-01,Tataria Price List 01-09-2026.pdf,117,SS-192 | ₹112/-
tataria,Tataria,SS-193,False,Hexagon,,,,,24 Pcs,113.0,INR,False,,2026-09-01,Tataria Price List 01-09-2026.pdf,117,SS-193 | ₹113/-
tataria,Tataria,TA-1018A,False,Flap Hinge Dia 26mm Nickel,,,,,1 Pcs,820.0,INR,False,,2026-09-01,Tataria Price List 01-09-2026.pdf,117,TA-1018A | ₹820/-
tataria,Tataria,TAB-2541.06.A,False,Unico Opening Machanism with External Mount Cover L + R Type 6 Anthracite,,,,,1 Set,30030.0,INR,False,,2026-09-01,Tataria Price List 01-09-2026.pdf,117,TAB-2541.06.A | ₹30030/-
tataria,Tataria,TAB-2541.06.B,False,Unico Opening Machanism Recessed Mounting L + R Type 6 Anthracite,,,,,1 Set,28140.0,INR,False,,2026-09-01,Tataria Price List 01-09-2026.pdf,117,TAB-2541.06.B | ₹28140/-
tataria,Tataria,TAB-2541.02.A,False,Unico Opening Machanism with External Mount Cover L + R Type 2 Anthracite,,,,,1 Set,30030.0,INR,False,,2026-09-01,Tataria Price List 01-09-2026.pdf,117,TAB-2541.02.A | ₹30030/-
tataria,Tataria,TAB-2541.02.B,False,Unico Opening Machanism Recessed Mounting L + R Type 2 Anthracite,,,,,1 Set,28140.0,INR,False,,2026-09-01,Tataria Price List 01-09-2026.pdf,117,TAB-2541.02.B | ₹28140/-
tataria,Tataria,KT-211.96,False,Plate Handle Chrome,96mm,,,,25 Pcs,206.0,INR,False,,2026-09-01,Tataria Price List 01-09-2026.pdf,118,KT-211.96 | ₹206 /-
tataria,Tataria,KT-211.128,False,Plate Handle Chrome,128mm,,,,,226.0,INR,False,,2026-09-01,Tataria Price List 01-09-2026.pdf,118,KT-211.128 | ₹226/-
tataria,Tataria,KT-211.256,False,Plate Handle Chrome,256mm,,,,,330.0,INR,False,,2026-09-01,Tataria Price List 01-09-2026.pdf,118,KT-211.256 | ₹330/-
tataria,Tataria,SS-065,False,‘L’ Knob (SS Matt) 3/4 x 7/8 S.S.,,,,,24 Pcs,146.0,INR,False,,2026-09-01,Tataria Price List 01-09-2026.pdf,118,SS-065 | ₹146/-
tataria,Tataria,KL-452.64.MB,False,Pull Grip Handle Matt Black,64mm,,,,20 Pcs,240.0,INR,False,,2026-09-01,Tataria Price List 01-09-2026.pdf,118,KL-452.64.MB | ₹240/-
tataria,Tataria,KL-452.96.MB,False,Pull Grip Handle Matt Black,96mm,,,,20 Pcs,300.0,INR,False,,2026-09-01,Tataria Price List 01-09-2026.pdf,118,KL-452.96.MB | ₹300/-
tataria,Tataria,KL-452.160.MB,False,Pull Grip Handle Matt Black,160mm,,,,20 Pcs,470.0,INR,False,,2026-09-01,Tataria Price List 01-09-2026.pdf,118,KL-452.160.MB | ₹470/-
tataria,Tataria,KL-452.224.MB,False,Pull Grip Handle Matt Black,224mm,,,,20 Pcs,570.0,INR,False,,2026-09-01,Tataria Price List 01-09-2026.pdf,118,KL-452.224.MB | ₹570/-
tataria,Tataria,KL-452.320.MB,False,Pull Grip Handle Matt Black,320mm,,,,20 Pcs,820.0,INR,False,,2026-09-01,Tataria Price List 01-09-2026.pdf,118,KL-452.320.MB | ₹820/-
tataria,Tataria,KL-452.448.MB,False,Pull Grip Handle Matt Black,448mm,,,,20 Pcs,1100.0,INR,False,,2026-09-01,Tataria Price List 01-09-2026.pdf,118,KL-452.448.MB | ₹1100/-
tataria,Tataria,KL-452.576.MB,False,Pull Grip Handle Matt Black,576mm,,,,10 Pcs,1390.0,INR,False,,2026-09-01,Tataria Price List 01-09-2026.pdf,118,KL-452.576.MB | ₹1390/-
tataria,Tataria,KL-452.864.MB,False,Pull Grip Handle Matt Black,864mm,,,,10 Pcs,2080.0,INR,False,,2026-09-01,Tataria Price List 01-09-2026.pdf,118,KL-452.864.MB | ₹2080/-
tataria,Tataria,KL-451.148.JB,False,Profile Edge Handle Jett Black,148mm,,,,20 Pcs,252.0,INR,False,,2026-09-01,Tataria Price List 01-09-2026.pdf,119,KL-451.148.JB | ₹252/-
tataria,Tataria,KL-451.148.RG,False,Rose Gold,,,,,20 Pcs,252.0,INR,False,,2026-09-01,Tataria Price List 01-09-2026.pdf,119,KL-451.148.RG | ₹252/-
tataria,Tataria,KL-451.298.JB,False,Profile Edge Handle Jett Black,298mm,,,,20 Pcs,450.0,INR,False,,2026-09-01,Tataria Price List 01-09-2026.pdf,119,KL-451.298.JB | ₹450/-
tataria,Tataria,KL-451.298.RG,False,Rose Gold,,,,,20 Pcs,450.0,INR,False,,2026-09-01,Tataria Price List 01-09-2026.pdf,119,KL-451.298.RG | ₹450/-
tataria,Tataria,KL-451.398.JB,False,Profile Edge Handle Jett Black,398mm,,,,20 Pcs,592.0,INR,False,,2026-09-01,Tataria Price List 01-09-2026.pdf,119,KL-451.398.JB | ₹592/-
tataria,Tataria,KL-451.398.RG,False,Rose Gold,,,,,20 Pcs,592.0,INR,False,,2026-09-01,Tataria Price List 01-09-2026.pdf,119,KL-451.398.RG | ₹592/-
tataria,Tataria,KL-451.448.JB,False,Profile Edge Handle Jett Black,448mm,,,,20 Pcs,664.0,INR,False,,2026-09-01,Tataria Price List 01-09-2026.pdf,119,KL-451.448.JB | ₹664/-
tataria,Tataria,KL-451.448.RG,False,Rose Gold,,,,,20 Pcs,664.0,INR,False,,2026-09-01,Tataria Price List 01-09-2026.pdf,119,KL-451.448.RG | ₹664/-
tataria,Tataria,KL-451.498.JB,False,Profile Edge Handle Jett Black,498mm,,,,20 Pcs,760.0,INR,False,,2026-09-01,Tataria Price List 01-09-2026.pdf,119,KL-451.498.JB | ₹760/-
tataria,Tataria,KL-451.498.RG,False,Rose Gold,,,,,20 Pcs,760.0,INR,False,,2026-09-01,Tataria Price List 01-09-2026.pdf,119,KL-451.498.RG | ₹760/-
tataria,Tataria,KL-451.598.JB,False,Profile Edge Handle Jett Black,598mm,,,,20 Pcs,914.0,INR,False,,2026-09-01,Tataria Price List 01-09-2026.pdf,119,KL-451.598.JB | ₹914/-
tataria,Tataria,KL-451.598.RG,False,Rose Gold,,,,,20 Pcs,914.0,INR,False,,2026-09-01,Tataria Price List 01-09-2026.pdf,119,KL-451.598.RG | ₹914/-
tataria,Tataria,KL-451.698.RG,False,Profile Edge Handle Rose Gold,698mm,,,,20 Pcs,1060.0,INR,False,,2026-09-01,Tataria Price List 01-09-2026.pdf,119,KL-451.698.RG | ₹1060/-
tataria,Tataria,KL-451.798.JB,False,Profile Edge Handle Jett Black,798mm,,,,20 Pcs,1208.0,INR,False,,2026-09-01,Tataria Price List 01-09-2026.pdf,119,KL-451.798.JB | ₹1208/-
tataria,Tataria,KL-451.898.JB,False,Profile Edge Handle Jett Black,898mm,,,,20 Pcs,1364.0,INR,False,,2026-09-01,Tataria Price List 01-09-2026.pdf,119,KL-451.898.JB | ₹1364/-
tataria,Tataria,KL-453.64.MB,False,Pull Grip Handles Matt Black,64mm,,,,20 Pcs,216.0,INR,False,,2026-09-01,Tataria Price List 01-09-2026.pdf,120,KL-453.64.MB | ₹216/-
tataria,Tataria,KL-453.64.BBZ,False,Brush Bronze,,,,,20 Pcs,216.0,INR,False,,2026-09-01,Tataria Price List 01-09-2026.pdf,120,KL-453.64.BBZ | ₹216/-
tataria,Tataria,KL-453.96.MB,False,Pull Grip Handles Matt Black,96mm,,,,20 Pcs,260.0,INR,False,,2026-09-01,Tataria Price List 01-09-2026.pdf,120,KL-453.96.MB | ₹260/-
tataria,Tataria,KL-453.96.BBZ,False,Brush Bronze,,,,,20 Pcs,260.0,INR,False,,2026-09-01,Tataria Price List 01-09-2026.pdf,120,KL-453.96.BBZ | ₹260/-
tataria,Tataria,KL-453.160.MB,False,Pull Grip Handles Matt Black,160mm,,,,20 Pcs,400.0,INR,False,,2026-09-01,Tataria Price List 01-09-2026.pdf,120,KL-453.160.MB | ₹400/-
tataria,Tataria,KL-453.160.BBZ,False,Brush Bronze,,,,,20 Pcs,400.0,INR,False,,2026-09-01,Tataria Price List 01-09-2026.pdf,120,KL-453.160.BBZ | ₹400/-
tataria,Tataria,KL-453.224.MB,False,Pull Grip Handles Matt Black,224mm,,,,20 Pcs,500.0,INR,False,,2026-09-01,Tataria Price List 01-09-2026.pdf,120,KL-453.224.MB | ₹500/-
tataria,Tataria,KL-453.224.BBZ,False,Brush Bronze,,,,,20 Pcs,500.0,INR,False,,2026-09-01,Tataria Price List 01-09-2026.pdf,120,KL-453.224.BBZ | ₹500/-
tataria,Tataria,KL-453.320.MB,False,Pull Grip Handles Matt Black,320mm,,,,20 Pcs,720.0,INR,False,,2026-09-01,Tataria Price List 01-09-2026.pdf,120,KL-453.320.MB | ₹720/-
tataria,Tataria,KL-453.320.BBZ,False,Brush Bronze,,,,,20 Pcs,720.0,INR,False,,2026-09-01,Tataria Price List 01-09-2026.pdf,120,KL-453.320.BBZ | ₹720/-
tataria,Tataria,KL-453.448.MB,False,Pull Grip Handles Matt Black,448mm,,,,20 Pcs,960.0,INR,False,,2026-09-01,Tataria Price List 01-09-2026.pdf,120,KL-453.448.MB | ₹960/-
tataria,Tataria,KL-453.448.BBZ,False,Brush Bronze,,,,,20 Pcs,960.0,INR,False,,2026-09-01,Tataria Price List 01-09-2026.pdf,120,KL-453.448.BBZ | ₹960/-
tataria,Tataria,KL-453.576.MB,False,Pull Grip Handles Matt Black,576mm,,,,10 Pcs,1210.0,INR,False,,2026-09-01,Tataria Price List 01-09-2026.pdf,120,KL-453.576.MB | ₹1210/-
tataria,Tataria,KL-453.576.BBZ,False,Brush Bronze,,,,,10 Pcs,1210.0,INR,False,,2026-09-01,Tataria Price List 01-09-2026.pdf,120,KL-453.576.BBZ | ₹1210/-
tataria,Tataria,KL-453.864.MB,False,Pull Grip Handles Matt Black,864mm,,,,10 Pcs,1810.0,INR,False,,2026-09-01,Tataria Price List 01-09-2026.pdf,120,KL-453.864.MB | ₹1810/-
tataria,Tataria,KL-453.864.BBZ,False,Brush Bronze,,,,,10 Pcs,1810.0,INR,False,,2026-09-01,Tataria Price List 01-09-2026.pdf,120,KL-453.864.BBZ | ₹1810/-
tataria,Tataria,KL-454.80.JB,False,Wardrobe Handle Jett Black,1000mm,,,,10 Pcs,1990.0,INR,False,,2026-09-01,Tataria Price List 01-09-2026.pdf,121,KL-454.80.JB | ₹1990/-
tataria,Tataria,KL-454.80.RG,False,Rose Gold,1000mm,,,,,1990.0,INR,False,,2026-09-01,Tataria Price List 01-09-2026.pdf,121,KL-454.80.RG | ₹1990/-
tataria,Tataria,KL-454.16.JB,False,Wardrobe Handle Jett Black,160mm,,,,25 Pcs,430.0,INR,False,,2026-09-01,Tataria Price List 01-09-2026.pdf,121,KL-454.16.JB | ₹430/-
tataria,Tataria,KL-454.16.RG,False,Rose Gold,160mm,,,,,430.0,INR,False,,2026-09-01,Tataria Price List 01-09-2026.pdf,121,KL-454.16.RG | ₹430/-
tataria,Tataria,KL-454.01.RG,False,Knob Rose Gold,32mm,,,,50 Pcs,140.0,INR,False,,2026-09-01,Tataria Price List 01-09-2026.pdf,121,KL-454.01.RG | ₹140/-
tataria,Tataria,KL-455.148.JB,False,Edge Handle Profile Jett Black,148mm,,,,20 Pcs,240.0,INR,False,,2026-09-01,Tataria Price List 01-09-2026.pdf,122,KL-455.148.JB | ₹240/-
tataria,Tataria,KL-455.148.CP,False,Chrome,,,,,20 Pcs,280.0,INR,False,,2026-09-01,Tataria Price List 01-09-2026.pdf,122,KL-455.148.CP | ₹280/-
tataria,Tataria,KL-455.298.JB,False,Edge Handle Profile Jett Black,298mm,,,,20 Pcs,410.0,INR,False,,2026-09-01,Tataria Price List 01-09-2026.pdf,122,KL-455.298.JB | ₹410/-
tataria,Tataria,KL-455.298.CP,False,Chrome,,,,,20 Pcs,480.0,INR,False,,2026-09-01,Tataria Price List 01-09-2026.pdf,122,KL-455.298.CP | ₹480/-
tataria,Tataria,KL-455.398.JB,False,Edge Handle Profile Jett Black,398mm,,,,20 Pcs,550.0,INR,False,,2026-09-01,Tataria Price List 01-09-2026.pdf,122,KL-455.398.JB | ₹550/-
tataria,Tataria,KL-455.448.JB,False,Edge Handle Profile Jett Black,448mm,,,,20 Pcs,605.0,INR,False,,2026-09-01,Tataria Price List 01-09-2026.pdf,122,KL-455.448.JB | ₹605/-
tataria,Tataria,KL-455.448.CP,False,Chrome,,,,,20 Pcs,715.0,INR,False,,2026-09-01,Tataria Price List 01-09-2026.pdf,122,KL-455.448.CP | ₹715/-
tataria,Tataria,KL-455.498.JB,False,Edge Handle Profile Jett Black,498mm,,,,20 Pcs,710.0,INR,False,,2026-09-01,Tataria Price List 01-09-2026.pdf,122,KL-455.498.JB | ₹710/-
tataria,Tataria,KL-455.498.CP,False,Chrome,,,,,20 Pcs,820.0,INR,False,,2026-09-01,Tataria Price List 01-09-2026.pdf,122,KL-455.498.CP | ₹820/-
tataria,Tataria,KL-455.598.JB,False,Edge Handle Profile Jett Black,598mm,,,,10 Pcs,840.0,INR,False,,2026-09-01,Tataria Price List 01-09-2026.pdf,122,KL-455.598.JB | ₹840/-
tataria,Tataria,KL-455.598.CP,False,Chrome,,,,,10 Pcs,990.0,INR,False,,2026-09-01,Tataria Price List 01-09-2026.pdf,122,KL-455.598.CP | ₹990/-
tataria,Tataria,KL-455.698.JB,False,Edge Handle Profile Jett Black,698mm,,,,10 Pcs,990.0,INR,False,,2026-09-01,Tataria Price List 01-09-2026.pdf,122,KL-455.698.JB | ₹990/-
tataria,Tataria,KL-455.698.CP,False,Chrome,,,,,10 Pcs,1145.0,INR,False,,2026-09-01,Tataria Price List 01-09-2026.pdf,122,KL-455.698.CP | ₹1145/-
tataria,Tataria,KL-455.798.JB,False,Edge Handle Profile Jett Black,798mm,,,,10 Pcs,1160.0,INR,False,,2026-09-01,Tataria Price List 01-09-2026.pdf,122,KL-455.798.JB | ₹1160/-
tataria,Tataria,KL-455.798.CP,False,Chrome,,,,,10 Pcs,1315.0,INR,False,,2026-09-01,Tataria Price List 01-09-2026.pdf,122,KL-455.798.CP | ₹1315/-
tataria,Tataria,KL-455.898.JB,False,Edge Handle Profile Jett Black,898mm,,,,10 Pcs,1295.0,INR,False,,2026-09-01,Tataria Price List 01-09-2026.pdf,122,KL-455.898.JB | ₹1295/-
tataria,Tataria,KL-455.898.CP,False,Chrome,,,,,10 Pcs,1480.0,INR,False,,2026-09-01,Tataria Price List 01-09-2026.pdf,122,KL-455.898.CP | ₹1480/-
tataria,Tataria,KL-404.GD,False,Inlay T Profile Gold,6 mm,,,,20 Pcs,260.0,INR,False,,2026-09-01,Tataria Price List 01-09-2026.pdf,123,KL-404.GD | ₹260/-
tataria,Tataria,KL-405.GD,False,Inlay T Profile Gold,8 mm,,,,20 Pcs,280.0,INR,False,,2026-09-01,Tataria Price List 01-09-2026.pdf,123,KL-405.GD | ₹280/-
tataria,Tataria,KL-406.GD,False,Inlay T Profile Gold,10 mm,,,,20 Pcs,330.0,INR,False,,2026-09-01,Tataria Price List 01-09-2026.pdf,123,KL-406.GD | ₹330/-
tataria,Tataria,TA-3001.16,False,Metal Edge Band 23X1mm Matt Silver Greek Line,,,,,,270.0,INR,False,,2026-09-01,Tataria Price List 01-09-2026.pdf,123,TA-3001.16 | ₹270/-
tataria,Tataria,TA-3001.22,False,Metal Edge Band 23X1mm Emobossed Silver Greek Line,,,,,,270.0,INR,False,,2026-09-01,Tataria Price List 01-09-2026.pdf,123,TA-3001.22 | ₹270/-
tataria,Tataria,TA-3011.01,False,Metal Edge Band 43x1mm Glossy silver,,,,,,510.0,INR,False,,2026-09-01,Tataria Price List 01-09-2026.pdf,123,TA-3011.01 | ₹510/-
tataria,Tataria,TA-3021.11,False,Self Adhesive Inlay Profile Matt silver,8mm,,,,,260.0,INR,False,,2026-09-01,Tataria Price List 01-09-2026.pdf,123,TA-3021.11 | ₹260/-
tataria,Tataria,TA-3023.01,False,Inlay Profile Glossy silver,6.5mm,,,,,260.0,INR,False,,2026-09-01,Tataria Price List 01-09-2026.pdf,123,TA-3023.01 | ₹260/-
tataria,Tataria,TA-3023.13,False,Inlay Profile Matt Copper,6.5mm,,,,,260.0,INR,False,,2026-09-01,Tataria Price List 01-09-2026.pdf,123,TA-3023.13 | ₹260/-
tataria,Tataria,TA-3023.21,False,Inlay Profile Stainless Steel,6.5mm,,,,,260.0,INR,False,,2026-09-01,Tataria Price List 01-09-2026.pdf,123,TA-3023.21 | ₹260/-
tataria,Tataria,TA-3024.23,False,Inlay Profile Two Tone Black Glossy & matt silver line,10mm,,,,,270.0,INR,False,,2026-09-01,Tataria Price List 01-09-2026.pdf,123,TA-3024.23 | ₹270/-
tataria,Tataria,TAB-387.W,False,Wall Hanging Bracket with Cover Cap and Mounting Plate - White,,,,,25 Set,454.0,INR,False,,2026-09-01,Tataria Price List 01-09-2026.pdf,124,TAB-387.W | ₹454/-
tataria,Tataria,TAB-387.S,False,Wall Hanging Bracket with Cover Cap and Mounting Plate - Silver Grey,,,,,25 Set,472.0,INR,False,,2026-09-01,Tataria Price List 01-09-2026.pdf,124,TAB-387.S | ₹472/-
tataria,Tataria,TAB-387.N,False,Wall Hanging Bracket with Cover Cap and Mounting Plate - Nickel,,,,,25 Set,524.0,INR,False,,2026-09-01,Tataria Price List 01-09-2026.pdf,124,TAB-387.N | ₹524/-
tataria,Tataria,KL-308,False,Wall Hanging Bracket with Cover Cap and Mouting Plate - White,,,,,60 Set,120.0,INR,False,,2026-09-01,Tataria Price List 01-09-2026.pdf,124,KL-308 | ₹120/-
tataria,Tataria,TAB-400.W,False,Conceal Hanging Bracket with Cover Cap & Mounting Plate - White,,,,,25 Set,636.0,INR,False,,2026-09-01,Tataria Price List 01-09-2026.pdf,124,TAB-400.W | ₹636/-
tataria,Tataria,TAB-400.N,False,Conceal Hanging Bracket with Cover Cap & Mounting Plate - Nickel,,,,,25 Set,748.0,INR,False,,2026-09-01,Tataria Price List 01-09-2026.pdf,124,TAB-400.N | ₹748/-
tataria,Tataria,TAB-1203,False,Insert Conceal Hanging Bracket with Cover cap & Mounting Plate White,,,,,10 Set,4370.0,INR,False,,2026-09-01,Tataria Price List 01-09-2026.pdf,124,TAB-1203 | ₹4370/-
tataria,Tataria,TAB-401,False,Base Unit Hanging Bracket with Cover Cap & Mounting Plate - White,,,,,10 Set,1612.0,INR,False,,2026-09-01,Tataria Price List 01-09-2026.pdf,124,TAB-401 | ₹1612/-
tataria,Tataria,TAB-402,False,Hanging Bracket XL for Base Unit with Cover Cap & Mounting Plate - White,,,,,10 Set,3674.0,INR,False,,2026-09-01,Tataria Price List 01-09-2026.pdf,124,TAB-402 | ₹3674/-
tataria,Tataria,TA-408,False,Insert Panel Hanging Bracket with Cover Cap & Mounting Plate - Black + Zinc,,,,,25 Set,810.0,INR,False,,2026-09-01,Tataria Price List 01-09-2026.pdf,124,TA-408 | ₹810/-
tataria,Tataria,KL-174,False,Fast Connecting Clip - Grey,,,,,,32.0,INR,False,,2026-09-01,Tataria Price List 01-09-2026.pdf,124,KL-174 | ₹32/-
tataria,Tataria,KL-175,False,Fast Connecting Strip - Grey,,,,,,40.0,INR,False,,2026-09-01,Tataria Price List 01-09-2026.pdf,124,KL-175 | ₹40/-
tataria,Tataria,KL-174.1,False,Marker for KL-174 - SS,,,,,1 Pcs,700.0,INR,False,,2026-09-01,Tataria Price List 01-09-2026.pdf,124,KL-174.1 | ₹700/-
tataria,Tataria,TA-1019,False,Panel Straightener with Central Adjustment Measure 2248mm Cuttable upto 380mm Nickel / Grey,2248mm,,,,10 Pcs,2180.0,INR,False,,2026-09-01,Tataria Price List 01-09-2026.pdf,125,TA-1019 | ₹2180/-
tataria,Tataria,TA-2426.20,False,Panel Straightener with Single Adjustment Measure 2040mm Cuttable upto 420mm Nickel / Grey,2040mm,,,,10 Pcs,1780.0,INR,False,,2026-09-01,Tataria Price List 01-09-2026.pdf,125,TA-2426.20 | ₹1780/-
tataria,Tataria,TA-2426.23,False,Panel Straightener with Single Adjustment Measure 2330mm Cuttable upto 420mm Nickel / Grey,2330 mm,,,,10 Pcs,1890.0,INR,False,,2026-09-01,Tataria Price List 01-09-2026.pdf,125,TA-2426.23 | ₹1890/-
tataria,Tataria,TA-2426.26,False,Panel Straightener with Single Adjustment Measure 2600mm Cuttable upto 420mm Nickel / Grey,2600 mm,,,,10 Pcs,2190.0,INR,False,,2026-09-01,Tataria Price List 01-09-2026.pdf,125,TA-2426.26 | ₹2190/-
tataria,Tataria,TA-2428,False,Plastic Plate for Panel Staightner - Grey,,,,,20 Pcs,12.0,INR,False,,2026-09-01,Tataria Price List 01-09-2026.pdf,125,TA-2428 | ₹12/-
tataria,Tataria,TA-2426,False,- Grey,,,,,20Pcs,66.0,INR,False,,2026-09-01,Tataria Price List 01-09-2026.pdf,125,TA-2426 | ₹66/-
tataria,Tataria,TA-2431,False,Aluminium Handle Profile with Integrated Straightener Cuttable upto 400mm Anodized Aluminum,2400mm,,,,10 Pcs,4950.0,INR,False,,2026-09-01,Tataria Price List 01-09-2026.pdf,125,TA-2431 | ₹4950/-
tataria,Tataria,KL-443.26.AL,False,Aluminium wardrobe Adjuster cuttable up to Aluminium,400mm,,,,10 Pcs,3210.0,INR,False,,2026-09-01,Tataria Price List 01-09-2026.pdf,125,KL-443.26.AL | ₹3210/-
tataria,Tataria,TA-1040,False,Special Joint for Hole Diameter 5mm Height Zinc,14.6mm,,,,,56.0,INR,False,,2026-09-01,Tataria Price List 01-09-2026.pdf,126,TA-1040 | ₹56/-
tataria,Tataria,TA-1041,False,Special Joint for Hole Diameter 5mm Height Zinc,9.6mm,,,,,56.0,INR,False,,2026-09-01,Tataria Price List 01-09-2026.pdf,126,TA-1041 | ₹56/-
tataria,Tataria,TA-1045,False,Conic Screw Length Black,8mm Panel Thick 18mm,,,,,10.0,INR,False,,2026-09-01,Tataria Price List 01-09-2026.pdf,126,TA-1045 | ₹10/-
tataria,Tataria,TA-1044,False,Conic Screw Length Black,4mm Panel Thick 10mm,,,,,10.0,INR,False,,2026-09-01,Tataria Price List 01-09-2026.pdf,126,TA-1044 | ₹10/-
tataria,Tataria,TA-1042,False,Bolt 29mm Dia 5mm Zinc,29mm,,,,,50.0,INR,False,,2026-09-01,Tataria Price List 01-09-2026.pdf,126,TA-1042 | ₹50/-
tataria,Tataria,TA-1043,False,Corner Bolt 30.5mm Dia 5mm Zinc,30.5mm,,,,,18.0,INR,False,,2026-09-01,Tataria Price List 01-09-2026.pdf,126,TA-1043 | ₹18/-
tataria,Tataria,TA-1046,False,Metal Cover Cap for Conic Screw Nickel,6.5mm,,,,,156.0,INR,False,,2026-09-01,Tataria Price List 01-09-2026.pdf,126,TA-1046 | ₹156/-
tataria,Tataria,TA-1075,False,Bush without Pellet M4x10 - Brass M4 x 10mm Brass,,,,,,12.0,INR,False,,2026-09-01,Tataria Price List 01-09-2026.pdf,126,TA-1075 | ₹12/-
tataria,Tataria,TAB-1002,False,Cross Dowel with Grub Screw for 18mm Panel Dia 14mm Zinc,,,,,,26.0,INR,False,,2026-09-01,Tataria Price List 01-09-2026.pdf,127,TAB-1002 | ₹26/-
tataria,Tataria,TA-1003,False,Bolt Zinc,7mm x 45mm,,,,,25.0,INR,False,,2026-09-01,Tataria Price List 01-09-2026.pdf,127,TA-1003 | ₹25/-
tataria,Tataria,TA-1004.18,False,Passing Bolt for 18mm Panel Zinc,7mm X 58mm,,,,,52.0,INR,False,,2026-09-01,Tataria Price List 01-09-2026.pdf,127,TA-1004.18 | ₹52/-
tataria,Tataria,TA-1005,False,Insert Nut M6 x 13mm Zinc,,,,,,10.0,INR,False,,2026-09-01,Tataria Price List 01-09-2026.pdf,127,TA-1005 | ₹10/-
tataria,Tataria,TA-1056.25,False,Joint with Conic Screw For 25mm Panel Raw,12.5mm,,,,,96.0,INR,False,,2026-09-01,Tataria Price List 01-09-2026.pdf,127,TA-1056.25 | ₹96/-
tataria,Tataria,TA-1057,False,Bolt M6 x 31 mm Zinc,,,,,,48.0,INR,False,,2026-09-01,Tataria Price List 01-09-2026.pdf,127,TA-1057 | ₹48/-
tataria,Tataria,TA-1058,False,Insert Nut M6 x 13mm Zinc,,,,,,18.0,INR,False,,2026-09-01,Tataria Price List 01-09-2026.pdf,127,TA-1058 | ₹18/-
tataria,Tataria,TA-1059.25,False,Passing Bolt For 25mm Panel Zinc,66mm x 7.8mm,,,,,188.0,INR,False,,2026-09-01,Tataria Price List 01-09-2026.pdf,127,TA-1059.25 | ₹188/-
tataria,Tataria,TA-1060.BL,False,Cover Cap Black,15.5mm,,,,,8.0,INR,False,,2026-09-01,Tataria Price List 01-09-2026.pdf,127,TA-1060.BL | ₹8/-
tataria,Tataria,TA-3618,False,Metal Cover Cap Bronze,14mm,,,,,24.0,INR,False,,2026-09-01,Tataria Price List 01-09-2026.pdf,127,TA-3618 | ₹24/-
tataria,Tataria,KL-301,False,Connector Housing Nickel,13mm,,,,,9.0,INR,False,,2026-09-01,Tataria Price List 01-09-2026.pdf,128,KL-301 | ₹9/-
tataria,Tataria,KL-302,False,Connector Housing Bolt Black,42mm,,,,,5.0,INR,False,,2026-09-01,Tataria Price List 01-09-2026.pdf,128,KL-302 | ₹5/-
tataria,Tataria,KL-303,False,Plastic Dowel Milky White,10.8mm,,,,,2.0,INR,False,,2026-09-01,Tataria Price List 01-09-2026.pdf,128,KL-303 | ₹2/-
tataria,Tataria,KL-304,False,Connecting Bolt Zinc,45mm,,,,,6.0,INR,False,,2026-09-01,Tataria Price List 01-09-2026.pdf,128,KL-304 | ₹6/-
tataria,Tataria,TA-1074,False,Metal Connector - Zinc,,,,,,64.0,INR,False,,2026-09-01,Tataria Price List 01-09-2026.pdf,128,TA-1074 | ₹64/-
tataria,Tataria,KL-914,False,Invisible Connector - Nickel,,,,,,16.0,INR,False,,2026-09-01,Tataria Price List 01-09-2026.pdf,128,KL-914 | ₹16/-
tataria,Tataria,TAB-2387,False,Wooden Shelf Support Brown Metal Grey,25mm Panel,,,,,60.0,INR,False,,2026-09-01,Tataria Price List 01-09-2026.pdf,129,TAB-2387 | ₹60/-
tataria,Tataria,TAB-1108,False,Wooden Shelf Support Nickle,18mm Panel,,,,,50.0,INR,False,,2026-09-01,Tataria Price List 01-09-2026.pdf,129,TAB-1108 | ₹50/-
tataria,Tataria,TA-1106,False,No One Hidden Shelf Support - Grey,,,,,,66.0,INR,False,,2026-09-01,Tataria Price List 01-09-2026.pdf,129,TA-1106 | ₹66/-
tataria,Tataria,KL-173,False,Wooden Shelf Pin Round PVC with Mounting Screw - White,,,,,,12.0,INR,False,,2026-09-01,Tataria Price List 01-09-2026.pdf,129,KL-173 | ₹12/-
tataria,Tataria,KL-191,False,Invisible Wooden Shelf Support Black,10mm,,,,,16.0,INR,False,,2026-09-01,Tataria Price List 01-09-2026.pdf,129,KL-191 | ₹16/-
tataria,Tataria,KL-912.N,False,Shelf support with pin - Nickel,,,,,,10.0,INR,False,,2026-09-01,Tataria Price List 01-09-2026.pdf,129,KL-912.N | ₹10/-
tataria,Tataria,KL-913.N,False,Shelf support without pin - Nickel,,,,,,10.0,INR,False,,2026-09-01,Tataria Price List 01-09-2026.pdf,129,KL-913.N | ₹10/-
tataria,Tataria,TA-1107.NI,False,Eagle Glass Shelf Support 4-8mm Glass Nickel,,,,,,98.0,INR,False,,2026-09-01,Tataria Price List 01-09-2026.pdf,130,TA-1107.NI | ₹98/-
tataria,Tataria,TA-1107.BN,False,Eagle Glass Shelf Support 4-8mm Glass Black Nickel,,,,,,120.0,INR,False,,2026-09-01,Tataria Price List 01-09-2026.pdf,130,TA-1107.BN | ₹120/-
tataria,Tataria,TA-1112.NI,False,Shelf Support - Nickel,,,,,,26.0,INR,False,,2026-09-01,Tataria Price List 01-09-2026.pdf,130,TA-1112.NI | ₹26/-
tataria,Tataria,TA-1112.BN,False,Shelf Support - Black Nickel,,,,,,34.0,INR,False,,2026-09-01,Tataria Price List 01-09-2026.pdf,130,TA-1112.BN | ₹34/-
tataria,Tataria,KL-911.BN,False,Shelf support with Bumper - Black Nickel,,,,,,16.0,INR,False,,2026-09-01,Tataria Price List 01-09-2026.pdf,130,KL-911.BN | ₹16/-
tataria,Tataria,KL-061,False,L' Type Shelf Support - Nickel,,,,,,15.0,INR,False,,2026-09-01,Tataria Price List 01-09-2026.pdf,130,KL-061 | ₹15/-
tataria,Tataria,KL-066,False,Shelf support - Clear,,,,,,4.0,INR,False,,2026-09-01,Tataria Price List 01-09-2026.pdf,130,KL-066 | ₹4/-
tataria,Tataria,KL-079,False,Shelf Support - Clear,,,,,,6.0,INR,False,,2026-09-01,Tataria Price List 01-09-2026.pdf,130,KL-079 | ₹6/-
tataria,Tataria,SS-175,False,Hex Shelf Button Hexagon SS,,,,,,17.0,INR,False,,2026-09-01,Tataria Price List 01-09-2026.pdf,130,SS-175 | ₹17/-
tataria,Tataria,SS-176,False,Shelf Button Fixer - White,,,,,,6.0,INR,False,,2026-09-01,Tataria Price List 01-09-2026.pdf,130,SS-176 | ₹6/-
tataria,Tataria,KL-194.10,False,Shelving Rod Zinc,100mm,,,,24 Pcs,198.0,INR,False,,2026-09-01,Tataria Price List 01-09-2026.pdf,131,KL-194.10 | ₹198/-
tataria,Tataria,KL-194.20,False,Shelving Rod Zinc,200mm,,,,24 Pcs,260.0,INR,False,,2026-09-01,Tataria Price List 01-09-2026.pdf,131,KL-194.20 | ₹260/-
tataria,Tataria,KL-195.10,False,Shelving Rod with Plate Zinc,100mm,,,,24 Pcs,152.0,INR,False,,2026-09-01,Tataria Price List 01-09-2026.pdf,131,KL-195.10 | ₹152/-
tataria,Tataria,KL-195.20,False,Shelving Rod with Plate Zinc,200mm,,,,24 Pcs,230.0,INR,False,,2026-09-01,Tataria Price List 01-09-2026.pdf,131,KL-195.20 | ₹230/-
tataria,Tataria,TA-542,False,Concealed Shelf Bracket Brown,100mm,,,,36 Pcs,160.0,INR,False,,2026-09-01,Tataria Price List 01-09-2026.pdf,131,TA-542 | ₹160/-
tataria,Tataria,SS-455A.06,False,‘D’ Shelf Bracket S.S.,150mm,,,,1 pair,570.0,INR,False,,2026-09-01,Tataria Price List 01-09-2026.pdf,132,SS-455A.06 | ₹570/-
tataria,Tataria,SS-455A.12,False,‘D’ Shelf Bracket S.S.,300mm,,,,1 pair,1158.0,INR,False,,2026-09-01,Tataria Price List 01-09-2026.pdf,132,SS-455A.12 | ₹1158/-
tataria,Tataria,AL-513.01,False,Shelf Bracket Aluminium,25mm,,,,12 Pcs,110.0,INR,False,,2026-09-01,Tataria Price List 01-09-2026.pdf,132,AL-513.01 | ₹110/-
tataria,Tataria,AL-513.02,False,Shelf Bracket Aluminium,50mm,,,,8 Pcs,150.0,INR,False,,2026-09-01,Tataria Price List 01-09-2026.pdf,132,AL-513.02 | ₹150/-
tataria,Tataria,AL-513.03,False,Shelf Bracket Aluminium,75mm,,,,6 Pcs,200.0,INR,False,,2026-09-01,Tataria Price List 01-09-2026.pdf,132,AL-513.03 | ₹200/-
tataria,Tataria,SS-452,False,Wall Touch Shelf Bracket S.S.,225mm,,,,1 pair,1128.0,INR,False,,2026-09-01,Tataria Price List 01-09-2026.pdf,132,SS-452 | ₹1128/-
tataria,Tataria,SS-079,False,2 Line Round Shelf Bracket S.S.,150mm,,,,1 pair,796.0,INR,False,,2026-09-01,Tataria Price List 01-09-2026.pdf,132,SS-079 | ₹796/-
tataria,Tataria,SS-456.06,False,‘V’ Shelf Bracket S.S.,150mm,,,,1 pair,1082.0,INR,False,,2026-09-01,Tataria Price List 01-09-2026.pdf,132,SS-456.06 | ₹1082/-
tataria,Tataria,SS-456.09,False,‘V’ Shelf Bracket S.S.,225mm,,,,1 pair,1288.0,INR,False,,2026-09-01,Tataria Price List 01-09-2026.pdf,132,SS-456.09 | ₹1288/-
tataria,Tataria,SS-456.12,False,‘V’ Shelf Bracket S.S.,300mm,,,,1 pair,1654.0,INR,False,,2026-09-01,Tataria Price List 01-09-2026.pdf,132,SS-456.12 | ₹1654/-
tataria,Tataria,SS-076,False,Round Shelf Bracket S.S.,150mm,,,,1 pair,432.0,INR,False,,2026-09-01,Tataria Price List 01-09-2026.pdf,132,SS-076 | ₹432/-
tataria,Tataria,SS-084.09,False,Round Shelf Bracket With Chain S.S.,225mm,,,,1 pair,602.0,INR,False,,2026-09-01,Tataria Price List 01-09-2026.pdf,132,SS-084.09 | ₹602/-
tataria,Tataria,SS-084.12,False,Round Shelf Bracket With Chain S.S.,300mm,,,,1 pair,686.0,INR,False,,2026-09-01,Tataria Price List 01-09-2026.pdf,132,SS-084.12 | ₹686/-
tataria,Tataria,SS-084A.09,False,Round Flush Shelf Bracket S.S.,225mm,,,,1 pair,536.0,INR,False,,2026-09-01,Tataria Price List 01-09-2026.pdf,132,SS-084A.09 | ₹536/-
tataria,Tataria,SS-084A.12,False,Round Flush Shelf Bracket S.S.,300mm,,,,1 pair,602.0,INR,False,,2026-09-01,Tataria Price List 01-09-2026.pdf,132,SS-084A.12 | ₹602/-
tataria,Tataria,TA-1111,False,Universal Adjustable Leveller D8 X 12 X M10 Zinc,,,,,,138.0,INR,False,,2026-09-01,Tataria Price List 01-09-2026.pdf,133,TA-1111 | ₹138/-
tataria,Tataria,TA-3615,False,Conceal Adjustable Leveller H=5mm Adjustment +10mm H=5mm Grey,,,,,,282.0,INR,False,,2026-09-01,Tataria Price List 01-09-2026.pdf,133,TA-3615 | ₹282/-
tataria,Tataria,TA-3616,False,Adjustable Leveller H=60mm Adjustment +15mm H=60mm Grey,,,,,50 Pcs,318.0,INR,False,,2026-09-01,Tataria Price List 01-09-2026.pdf,133,TA-3616 | ₹318/-
tataria,Tataria,KL-186,False,Leveller M6 x 25mm Black,,,,,,10.0,INR,False,,2026-09-01,Tataria Price List 01-09-2026.pdf,133,KL-186 | ₹10/-
tataria,Tataria,KL-185,False,Inset Nut M6 x 13mm Yellow Zinc,,,,,,6.0,INR,False,,2026-09-01,Tataria Price List 01-09-2026.pdf,133,KL-185 | ₹6/-
tataria,Tataria,TA-613,False,Zamak Square Leg Chrome,100mm,,,,1 Pcs,1610.0,INR,False,,2026-09-01,Tataria Price List 01-09-2026.pdf,133,TA-613 | ₹1610/-
tataria,Tataria,TA-615,False,Zamak Square Flate Leg H 16mm Chrome,60mm x 60mm x,,,,1 Pcs,610.0,INR,False,,2026-09-01,Tataria Price List 01-09-2026.pdf,133,TA-615 | ₹610/-
tataria,Tataria,TAB-1100,False,Locked Cabinet Connector Flat Head 32-36mm Thick Black Nickel,,,,,,26.0,INR,False,,2026-09-01,Tataria Price List 01-09-2026.pdf,134,TAB-1100 | ₹26/-
tataria,Tataria,KL-188,False,Cabinet Connector Nickel,05mm x 29mm,,,,,10.0,INR,False,,2026-09-01,Tataria Price List 01-09-2026.pdf,134,KL-188 | ₹10/-
tataria,Tataria,KL-064,False,Panel Frame Fitting (Keku Fitting) - Black,,,,,20 Pcs,42.0,INR,False,,2026-09-01,Tataria Price List 01-09-2026.pdf,134,KL-064 | ₹42/-
tataria,Tataria,KL-065.WH,False,PVC Corner Bracket with Cover White,19mm x 33mm,,,,,8.0,INR,False,,2026-09-01,Tataria Price List 01-09-2026.pdf,134,KL-065.WH | ₹8/-
tataria,Tataria,KL-065.BR,False,Brown,19mm x 33mm,,,,,8.0,INR,False,,2026-09-01,Tataria Price List 01-09-2026.pdf,134,KL-065.BR | ₹8/-
tataria,Tataria,KL-065.CB,False,Coffee Brown,19mm x 33mm,,,,,8.0,INR,False,,2026-09-01,Tataria Price List 01-09-2026.pdf,134,KL-065.CB | ₹8/-
tataria,Tataria,KL-065.LB,False,Light Brown,19mm x 33mm,,,,,8.0,INR,False,,2026-09-01,Tataria Price List 01-09-2026.pdf,134,KL-065.LB | ₹8/-
tataria,Tataria,KL-071.10.BS,False,PVC Skirting with Foil Brushed Silver,100mm x 3Mtr,,,,20 Pcs,1190.0,INR,False,,2026-09-01,Tataria Price List 01-09-2026.pdf,135,KL-071.10.BS | ₹1190/-
tataria,Tataria,KL-071.10.BB,False,Brushed Black,100mm x 3Mtr,,,,,1190.0,INR,False,,2026-09-01,Tataria Price List 01-09-2026.pdf,135,KL-071.10.BB | ₹1190/-
tataria,Tataria,KL-071.10.BG,False,Brushed Gold,100mm x 3Mtr,,,,,1400.0,INR,False,,2026-09-01,Tataria Price List 01-09-2026.pdf,135,KL-071.10.BG | ₹1400/-
tataria,Tataria,KL-071.08.BS,False,PVC Skirting with Foil Brushed Silver,80mm x 3Mtr,,,,20 Pcs,1190.0,INR,False,,2026-09-01,Tataria Price List 01-09-2026.pdf,135,KL-071.08.BS | ₹1190/-
tataria,Tataria,KL-071.08.BB,False,Brushed Black,80mm x 3Mtr,,,,,1190.0,INR,False,,2026-09-01,Tataria Price List 01-09-2026.pdf,135,KL-071.08.BB | ₹1190/-
tataria,Tataria,KL-072.10.BS,False,180° Flexible Corner Brushed Silver,100mm,,,,20 Pcs,98.0,INR,False,,2026-09-01,Tataria Price List 01-09-2026.pdf,135,KL-072.10.BS | ₹98/-
tataria,Tataria,KL-072.10.BB,False,Brushed Black,100mm,,,,,98.0,INR,False,,2026-09-01,Tataria Price List 01-09-2026.pdf,135,KL-072.10.BB | ₹98/-
tataria,Tataria,KL-072.10.BG,False,Brushed Gold,100mm,,,,,120.0,INR,False,,2026-09-01,Tataria Price List 01-09-2026.pdf,135,KL-072.10.BG | ₹120/-
tataria,Tataria,KL-072.08.BS,False,180° Flexible Corner Brushed Silver,80mm,,,,20 Pcs,98.0,INR,False,,2026-09-01,Tataria Price List 01-09-2026.pdf,135,KL-072.08.BS | ₹98/-
tataria,Tataria,KL-072.08.BB,False,Brushed Black,80mm,,,,,98.0,INR,False,,2026-09-01,Tataria Price List 01-09-2026.pdf,135,KL-072.08.BB | ₹98/-
tataria,Tataria,KL-073.10.BS,False,Fix Corner Brushed Silver,100mm,,,,20 Pcs,60.0,INR,False,,2026-09-01,Tataria Price List 01-09-2026.pdf,136,KL-073.10.BS | ₹60/-
tataria,Tataria,KL-074.10.BS,False,End Cap Brushed Silver,100mm,,,,20 Pcs,82.0,INR,False,,2026-09-01,Tataria Price List 01-09-2026.pdf,136,KL-074.10.BS | ₹82/-
tataria,Tataria,KL-068.10.B,False,Triangle Adjustable Leg Black,(100mm -130mm),,,,,48.0,INR,False,,2026-09-01,Tataria Price List 01-09-2026.pdf,136,KL-068.10.B | ₹48/-
tataria,Tataria,KL-078.10.B,False,Round Adjustable Leg Type 1 Black,(100mm -130mm),,,,,40.0,INR,False,,2026-09-01,Tataria Price List 01-09-2026.pdf,136,KL-078.10.B | ₹40/-
tataria,Tataria,KL-069.08.B,False,Round Adjustable Leg Black,(75mm -100mm),,,,,34.0,INR,False,,2026-09-01,Tataria Price List 01-09-2026.pdf,136,KL-069.08.B | ₹34/-
tataria,Tataria,KL-070.B,False,Plinth Clip for Leg - Black,100mm,,,,,7.0,INR,False,,2026-09-01,Tataria Price List 01-09-2026.pdf,136,KL-070.B | ₹7/-
tataria,Tataria,KL-080.B,False,Plinth Clip for Leg -,80mm,,,,,7.0,INR,False,,2026-09-01,Tataria Price List 01-09-2026.pdf,136,KL-080.B | ₹7/-
tataria,Tataria,KL-081.BL,False,PVC Grill Black,230mm x 67mm,,,,12 Pcs,210.0,INR,False,,2026-09-01,Tataria Price List 01-09-2026.pdf,136,KL-081.BL | ₹210/-
tataria,Tataria,KL-081.SL,False,Silver,,,,,12 Pcs,210.0,INR,False,,2026-09-01,Tataria Price List 01-09-2026.pdf,136,KL-081.SL | ₹210/-
tataria,Tataria,TAB-784,False,Push latch Strong with Press Plate - Anthracite,,,,,24 Pcs,372.0,INR,False,,2026-09-01,Tataria Price List 01-09-2026.pdf,137,TAB-784 | ₹372/-
tataria,Tataria,TAB-785,False,Push latch Strong with Adapter & Press plate - Anthracite,,,,,24 Pcs,450.0,INR,False,,2026-09-01,Tataria Price List 01-09-2026.pdf,137,TAB-785 | ₹450/-
tataria,Tataria,KL-176,False,Tipmatic Pin PVC - Grey,,,,,24 Pcs,110.0,INR,False,,2026-09-01,Tataria Price List 01-09-2026.pdf,137,KL-176 | ₹110/-
tataria,Tataria,KL-177,False,Tipmatic Pin SS - Nickel,,,,,24 Pcs,120.0,INR,False,,2026-09-01,Tataria Price List 01-09-2026.pdf,137,KL-177 | ₹120/-
tataria,Tataria,KL-281.0.NI.S,False,"Slide On Softclose Hinge Crank: 0°, 8°,15° Nickel",,,,,,180.0,INR,False,,2026-09-01,Tataria Price List 01-09-2026.pdf,138,KL-281.0.NI.S | ₹180/-
tataria,Tataria,CS-111.S.8,False,Regular Hinge Softclose Clip On Crank: 8° Nickel,,,,,50 Pair,260.0,INR,False,,2026-09-01,Tataria Price List 01-09-2026.pdf,138,CS-111.S.8 | ₹260/-
tataria,Tataria,KL-532.0.BN.S,False,Regular Hinge Softclose Clip On (3D Mounting Clip) Crank: 0° Black Nickel,,,,,50 Pair,510.0,INR,False,,2026-09-01,Tataria Price List 01-09-2026.pdf,138,KL-532.0.BN.S | ₹510/-
tataria,Tataria,KL-532.8.BN.S,False,Crank: 8° Black Nickel,,,,,50 Pair,510.0,INR,False,,2026-09-01,Tataria Price List 01-09-2026.pdf,138,KL-532.8.BN.S | ₹510/-
tataria,Tataria,KL-532.15.BN.S,False,Crank: 15° Black Nickel,,,,,50 Pair,510.0,INR,False,,2026-09-01,Tataria Price List 01-09-2026.pdf,138,KL-532.15.BN.S | ₹510/-
tataria,Tataria,KL-533.0.CP.S,False,SS 304 Hinge Softclose Clip On (3D Mounting Clip) Crank: 0° Glossy,,,,,50 Pair,620.0,INR,False,,2026-09-01,Tataria Price List 01-09-2026.pdf,138,KL-533.0.CP.S | ₹620/-
tataria,Tataria,KL-533.8.CP.S,False,Crank: 8° Glossy,,,,,50 Pair,620.0,INR,False,,2026-09-01,Tataria Price List 01-09-2026.pdf,138,KL-533.8.CP.S | ₹620/-
tataria,Tataria,KL-284.15,False,Crank: 15° Glossy,,,,,50 Pair,620.0,INR,False,,2026-09-01,Tataria Price List 01-09-2026.pdf,138,KL-284.15 | ₹620/-
tataria,Tataria,CS-118,False,Clip On Hinge Crank: 0° Nickel,,,,,25 Pair,100.0,INR,False,,2026-09-01,Tataria Price List 01-09-2026.pdf,139,CS-118 | ₹100/-
tataria,Tataria,CS-111,False,Crank: 8°,,,,,25 Pair,100.0,INR,False,,2026-09-01,Tataria Price List 01-09-2026.pdf,139,CS-111 | ₹100/-
tataria,Tataria,KL-271.8,False,Two Way Slide On Hinge Crank: 8° Nickel,,,,,,80.0,INR,False,,2026-09-01,Tataria Price List 01-09-2026.pdf,139,KL-271.8 | ₹80/-
tataria,Tataria,KL-534.0.NI.S,False,Mini Hinge Softclose - Clip On Crank: 0° Nickel,,,,,50 Pair,240.0,INR,False,,2026-09-01,Tataria Price List 01-09-2026.pdf,139,KL-534.0.NI.S | ₹240/-
tataria,Tataria,KL-534.15.NI.S,False,Mini Hinge Softclose - Clip On Crank: 15° Nickel,,,,,50 Pair,240.0,INR,False,,2026-09-01,Tataria Price List 01-09-2026.pdf,139,KL-534.15.NI.S | ₹240/-
tataria,Tataria,CS-112S.15,False,Thick Door Hinge Softclose - Clip On (3D Mounting Clip) Crank: 15° Nickel,,,,,25 Pair,430.0,INR,False,,2026-09-01,Tataria Price List 01-09-2026.pdf,139,CS-112S.15 | ₹430/-
tataria,Tataria,KL-548.0.NI,False,Clip On Pi-Cut Hinge Crank: 0° Nickel,,,,,25 Pair,490.0,INR,False,,2026-09-01,Tataria Price List 01-09-2026.pdf,139,KL-548.0.NI | ₹490/-
tataria,Tataria,CS-120,False,Clip On 45° Hinge Crank: 0° Nickel,,,,,25 Pair,260.0,INR,False,,2026-09-01,Tataria Price List 01-09-2026.pdf,139,CS-120 | ₹260/-
tataria,Tataria,CS-113,False,"Clip On Flexi Profile Hinge Crank: 0°, 8° Nickel",,,,,25 Pair,430.0,INR,False,,2026-09-01,Tataria Price List 01-09-2026.pdf,140,CS-113 | ₹430/-
tataria,Tataria,CS-116,False,"Clip On Glass Hinge Ø26mm with Round Cap Crank: 0°, 8°,15° Silver Cap",,,,,25 Pair,250.0,INR,False,,2026-09-01,Tataria Price List 01-09-2026.pdf,140,CS-116 | ₹250/-
tataria,Tataria,CS-116S,False,Clip On Glass Softclose Hinge Ø26mm with Round Cap Crank: 8° Silver Cap,,,,,25 Pair,460.0,INR,False,,2026-09-01,Tataria Price List 01-09-2026.pdf,140,CS-116S | ₹460/-
tataria,Tataria,CS-121S,False,Clip On 125° Mirro Softclose Hinge Crank: 0° Nickel,,,,,25 Pair,1220.0,INR,False,,2026-09-01,Tataria Price List 01-09-2026.pdf,140,CS-121S | ₹1220/-
tataria,Tataria,KL-581.0.NI.US,False,Unspring Hinge Crank: 0° Nickel,,,,,25 Pair,210.0,INR,False,,2026-09-01,Tataria Price List 01-09-2026.pdf,140,KL-581.0.NI.US | ₹210/-
tataria,Tataria,KL-096.55.Z,False,Softclose Ball Bearing Slide Zinc,550mm,,,,5 Pair,1540.0,INR,False,,2026-09-01,Tataria Price List 01-09-2026.pdf,141,KL-096.55.Z | ₹1540/-
tataria,Tataria,KL-096.60.Z,False,Softclose Ball Bearing Slide Zinc,600mm,,,,,1680.0,INR,False,,2026-09-01,Tataria Price List 01-09-2026.pdf,141,KL-096.60.Z | ₹1680/-
tataria,Tataria,KL-091.20.B,False,Premium Ball Bearing Slide 40kg Black,200mm,,,,10 Pair,370.0,INR,False,,2026-09-01,Tataria Price List 01-09-2026.pdf,141,KL-091.20.B | ₹370/-
tataria,Tataria,KL-094.25.B,False,Premium Ball Bearing Slide 40kg Black,250mm,,,,,370.0,INR,False,,2026-09-01,Tataria Price List 01-09-2026.pdf,141,KL-094.25.B | ₹370/-
tataria,Tataria,KL-094.45.B,False,Premium Ball Bearing Slide 40kg Black,450mm,,,,,666.0,INR,False,,2026-09-01,Tataria Price List 01-09-2026.pdf,141,KL-094.45.B | ₹666/-
tataria,Tataria,KL-094.50.B,False,Premium Ball Bearing Slide 40kg Black,500mm,,,,,740.0,INR,False,,2026-09-01,Tataria Price List 01-09-2026.pdf,141,KL-094.50.B | ₹740/-
tataria,Tataria,KL-094.55.B,False,Premium Ball Bearing Slide 40kg Black,550mm,,,,,814.0,INR,False,,2026-09-01,Tataria Price List 01-09-2026.pdf,141,KL-094.55.B | ₹814/-
tataria,Tataria,KL-094.60.B,False,Premium Ball Bearing Slide 40kg Black,600mm,,,,,888.0,INR,False,,2026-09-01,Tataria Price List 01-09-2026.pdf,141,KL-094.60.B | ₹888/-
tataria,Tataria,KL-095.20.B,False,Deluxe Ball Bearing Slide 35kg Black,200mm,,,,10 Pair,350.0,INR,False,,2026-09-01,Tataria Price List 01-09-2026.pdf,141,KL-095.20.B | ₹350/-
tataria,Tataria,KL-095.60.B,False,KL -095.25.B,600mm,,,,,840.0,INR,False,,2026-09-01,Tataria Price List 01-09-2026.pdf,141,KL-095.60.B | ₹840/-
tataria,Tataria,KL-095.20.Z,False,Deluxe Ball Bearing Slide 35kg Zinc,200mm,,,,10 Pair,350.0,INR,False,,2026-09-01,Tataria Price List 01-09-2026.pdf,141,KL-095.20.Z | ₹350/-
tataria,Tataria,KL-095.25.Z,False,Deluxe Ball Bearing Slide 35kg Zinc,250mm,,,,,350.0,INR,False,,2026-09-01,Tataria Price List 01-09-2026.pdf,141,KL-095.25.Z | ₹350/-
tataria,Tataria,KL-095.45.Z,False,Deluxe Ball Bearing Slide 35kg Zinc,450mm,,,,,630.0,INR,False,,2026-09-01,Tataria Price List 01-09-2026.pdf,141,KL-095.45.Z | ₹630/-
tataria,Tataria,KL-095.50.Z,False,Deluxe Ball Bearing Slide 35kg Zinc,500mm,,,,,700.0,INR,False,,2026-09-01,Tataria Price List 01-09-2026.pdf,141,KL-095.50.Z | ₹700/-
tataria,Tataria,KL-095.55.Z,False,Deluxe Ball Bearing Slide 35kg Zinc,550mm,,,,,770.0,INR,False,,2026-09-01,Tataria Price List 01-09-2026.pdf,141,KL-095.55.Z | ₹770/-
tataria,Tataria,KL-095.60.Z,False,Deluxe Ball Bearing Slide 35kg Zinc,600mm,,,,,840.0,INR,False,,2026-09-01,Tataria Price List 01-09-2026.pdf,141,KL-095.60.Z | ₹840/-
tataria,Tataria,SS-044,False,Curtain Fennel SS,,,,,24 Pcs,424.0,INR,False,,2026-09-01,Tataria Price List 01-09-2026.pdf,142,SS-044 | ₹424/-
tataria,Tataria,SS-047,False,SS,,,,,,354.0,INR,False,,2026-09-01,Tataria Price List 01-09-2026.pdf,142,SS-047 | ₹354/-
tataria,Tataria,SSCP-047,False,SSCP,,,,,,380.0,INR,False,,2026-09-01,Tataria Price List 01-09-2026.pdf,142,SSCP-047 | ₹380/-
tataria,Tataria,SSCP-092,False,SSCP,,,,,,412.0,INR,False,,2026-09-01,Tataria Price List 01-09-2026.pdf,142,SSCP-092 | ₹412/-
tataria,Tataria,SS-093,False,SS,,,,,,388.0,INR,False,,2026-09-01,Tataria Price List 01-09-2026.pdf,142,SS-093 | ₹388/-
tataria,Tataria,SSCP-093,False,SSCP,,,,,,404.0,INR,False,,2026-09-01,Tataria Price List 01-09-2026.pdf,142,SSCP-093 | ₹404/-
tataria,Tataria,SS-048,False,SS,,,,,,274.0,INR,False,,2026-09-01,Tataria Price List 01-09-2026.pdf,142,SS-048 | ₹274/-
tataria,Tataria,SS-094,False,SS,,,,,,388.0,INR,False,,2026-09-01,Tataria Price List 01-09-2026.pdf,142,SS-094 | ₹388/-
tataria,Tataria,SSCP-094,False,SSCP,,,,,,404.0,INR,False,,2026-09-01,Tataria Price List 01-09-2026.pdf,142,SSCP-094 | ₹404/-
tataria,Tataria,SS-098,False,SS,,,,,,454.0,INR,False,,2026-09-01,Tataria Price List 01-09-2026.pdf,142,SS-098 | ₹454/-
tataria,Tataria,SSCP-098,False,SSCP,,,,,,476.0,INR,False,,2026-09-01,Tataria Price List 01-09-2026.pdf,142,SSCP-098 | ₹476/-
tataria,Tataria,SS-091,False,SS,,,,,,488.0,INR,False,,2026-09-01,Tataria Price List 01-09-2026.pdf,142,SS-091 | ₹488/-
tataria,Tataria,SS-311,False,SS,,,,,,306.0,INR,False,,2026-09-01,Tataria Price List 01-09-2026.pdf,142,SS-311 | ₹306/-
tataria,Tataria,SS-312,False,SS,,,,,,306.0,INR,False,,2026-09-01,Tataria Price List 01-09-2026.pdf,142,SS-312 | ₹306/-
tataria,Tataria,SS-046,False,SS,,,,,,432.0,INR,False,,2026-09-01,Tataria Price List 01-09-2026.pdf,142,SS-046 | ₹432/-
tataria,Tataria,SS-097,False,SS,,,,,,442.0,INR,False,,2026-09-01,Tataria Price List 01-09-2026.pdf,142,SS-097 | ₹442 /-
tataria,Tataria,SSCP-097,False,SSCP,,,,,,468.0,INR,False,,2026-09-01,Tataria Price List 01-09-2026.pdf,142,SSCP-097 | ₹468/-
tataria,Tataria,CRSS-303,False,SS,,,,,,1056.0,INR,False,,2026-09-01,Tataria Price List 01-09-2026.pdf,142,CRSS-303 | ₹1056/-
tataria,Tataria,SS-053.SS,False,Single Support SS,,,,,12 Pcs,136.0,INR,False,,2026-09-01,Tataria Price List 01-09-2026.pdf,143,SS-053.SS | ₹136/-
tataria,Tataria,SS-052.TS,False,Triple Support SS,,,,,4 Pcs,644.0,INR,False,,2026-09-01,Tataria Price List 01-09-2026.pdf,143,SS-052.TS | ₹644/-
tataria,Tataria,SS-165,False,Castle Hook SS,,,,,4 Pcs,520.0,INR,False,,2026-09-01,Tataria Price List 01-09-2026.pdf,143,SS-165 | ₹520/-
tataria,Tataria,SS-166,False,SS,,,,,,520.0,INR,False,,2026-09-01,Tataria Price List 01-09-2026.pdf,143,SS-166 | ₹520/-
tataria,Tataria,SS-167,False,SS,,,,,,520.0,INR,False,,2026-09-01,Tataria Price List 01-09-2026.pdf,143,SS-167 | ₹520/-
tataria,Tataria,SS-168,False,SS,,,,,,520.0,INR,False,,2026-09-01,Tataria Price List 01-09-2026.pdf,143,SS-168 | ₹520/-
tataria,Tataria,SS-169,False,SS,,,,,,520.0,INR,False,,2026-09-01,Tataria Price List 01-09-2026.pdf,143,SS-169 | ₹520/-
tataria,Tataria,SS-278,False,Glass Door Sliding Handle Round For 10mm / 12mm Glass Ø 60mm SS,,,,,1 pair,1102.0,INR,False,,2026-09-01,Tataria Price List 01-09-2026.pdf,144,SS-278 | ₹1102/-
tataria,Tataria,CP-278,False,CP,,,,,1 pair,1158.0,INR,False,,2026-09-01,Tataria Price List 01-09-2026.pdf,144,CP-278 | ₹1158/-
tataria,Tataria,SS-261,False,Glass Door Sliding Han­ dle Round For 10mm / 12mm Glass Ø 60mm SS,,,,,1 pair,1210.0,INR,False,,2026-09-01,Tataria Price List 01-09-2026.pdf,144,SS-261 | ₹1210/-
tataria,Tataria,SS-262,False,Glass Door Sliding Handle Round For 10mm / 12mm Glass Ø 60mm SS,,,,,1 pair,1210.0,INR,False,,2026-09-01,Tataria Price List 01-09-2026.pdf,144,SS-262 | ₹1210/-
tataria,Tataria,SS-263,False,Glass Door Sliding Handle Square For 10mm / 12mm Glass SS,60mm x 60mm,,,,1 pair,1494.0,INR,False,,2026-09-01,Tataria Price List 01-09-2026.pdf,144,SS-263 | ₹1494/-
tataria,Tataria,SS-266,False,Glass Door Sliding Handle Round For 6mm / 8mm Glass Ø 40mm SS,,,,,1 pair,454.0,INR,False,,2026-09-01,Tataria Price List 01-09-2026.pdf,144,SS-266 | ₹454/-
tataria,Tataria,SS-267,False,Glass Door Sliding Handle Round For 6mm / 8mm Glass Ø 40mm SS,,,,,1 pair,454.0,INR,False,,2026-09-01,Tataria Price List 01-09-2026.pdf,144,SS-267 | ₹454/-
tataria,Tataria,SS-268,False,Glass Door Sliding Handle Round For 6mm / 8mm Glass Ø 40mm SS,,,,,1 pair,454.0,INR,False,,2026-09-01,Tataria Price List 01-09-2026.pdf,144,SS-268 | ₹454/-
tataria,Tataria,SS-269,False,Glass Door Sliding Handle Round For 10mm / 12mm Glass Ø 40mm SS,,,,,1 pair,662.0,INR,False,,2026-09-01,Tataria Price List 01-09-2026.pdf,144,SS-269 | ₹662/-
tataria,Tataria,SS-270,False,Glass Door Sliding Handle Round For 10mm / 12mm Glass Ø 40mm SS,,,,,1 pair,662.0,INR,False,,2026-09-01,Tataria Price List 01-09-2026.pdf,144,SS-270 | ₹662/-
tataria,Tataria,SS-271,False,Glass Door Sliding Handle Round For 10mm / 12mm Glass Ø 40mm SS,,,,,1 pair,662.0,INR,False,,2026-09-01,Tataria Price List 01-09-2026.pdf,144,SS-271 | ₹662/-
tataria,Tataria,SS-290,False,Glass Door Sliding Handle Square For 10mm / 12mm Glass SS,75mm x 75mm,,,,1 pair,1526.0,INR,False,,2026-09-01,Tataria Price List 01-09-2026.pdf,144,SS-290 | ₹1526/-
tataria,Tataria,SS-371,False,Shower Knob (SS 304) - SS Matt,,,,,1 Set,782.0,INR,False,,2026-09-01,Tataria Price List 01-09-2026.pdf,145,SS-371 | ₹782/-
tataria,Tataria,CP-371,False,CP,,,,,1 Set,782.0,INR,False,,2026-09-01,Tataria Price List 01-09-2026.pdf,145,CP-371 | ₹782/-
tataria,Tataria,SS-372,False,Shower Knob (SS 304) - SS Matt,,,,,1 Set,782.0,INR,False,,2026-09-01,Tataria Price List 01-09-2026.pdf,145,SS-372 | ₹782/-
tataria,Tataria,CP-372,False,CP,,,,,1 Set,782.0,INR,False,,2026-09-01,Tataria Price List 01-09-2026.pdf,145,CP-372 | ₹782/-
tataria,Tataria,SS-373,False,Shower Knob (SS 304) - SS Matt,,,,,1 Set,782.0,INR,False,,2026-09-01,Tataria Price List 01-09-2026.pdf,145,SS-373 | ₹782/-
tataria,Tataria,CP-373,False,CP,,,,,1 Set,782.0,INR,False,,2026-09-01,Tataria Price List 01-09-2026.pdf,145,CP-373 | ₹782/-
tataria,Tataria,SS-374,False,Cap For Shower Knob - SS Matt,,,,,1 Pcs,184.0,INR,False,,2026-09-01,Tataria Price List 01-09-2026.pdf,145,SS-374 | ₹184/-
tataria,Tataria,CP-374,False,CP,,,,,1 Pcs,184.0,INR,False,,2026-09-01,Tataria Price List 01-09-2026.pdf,145,CP-374 | ₹184/-
tataria,Tataria,SS-376,False,Towel Bar With Knob - SS Matt,,,,,1 Set,1450.0,INR,False,,2026-09-01,Tataria Price List 01-09-2026.pdf,145,SS-376 | ₹1450/-
tataria,Tataria,CP-376,False,CP,,,,,1 Set,1450.0,INR,False,,2026-09-01,Tataria Price List 01-09-2026.pdf,145,CP-376 | ₹1450/-
tataria,Tataria,SS-377,False,Towel Bar With Knob - SS Matt,,,,,1 Set,1450.0,INR,False,,2026-09-01,Tataria Price List 01-09-2026.pdf,145,SS-377 | ₹1450/-
tataria,Tataria,CP-377,False,CP,,,,,1 Set,1450.0,INR,False,,2026-09-01,Tataria Price List 01-09-2026.pdf,145,CP-377 | ₹1450/-
tataria,Tataria,SS-378,False,Towel Bar With Knob - SS Matt,,,,,1 Set,1450.0,INR,False,,2026-09-01,Tataria Price List 01-09-2026.pdf,145,SS-378 | ₹1450/-
tataria,Tataria,CP-378,False,CP,,,,,1 Set,1450.0,INR,False,,2026-09-01,Tataria Price List 01-09-2026.pdf,145,CP-378 | ₹1450/-
tataria,Tataria,SS-379,False,Towel Bar With Knob - SS Matt,,,,,1 Set,1450.0,INR,False,,2026-09-01,Tataria Price List 01-09-2026.pdf,145,SS-379 | ₹1450/-
tataria,Tataria,CP-379,False,CP,,,,,1 Set,1450.0,INR,False,,2026-09-01,Tataria Price List 01-09-2026.pdf,145,CP-379 | ₹1450/-
tataria,Tataria,SS-242,False,Wall To Glass Bracket 90º (Round Edge) - SS Matt,,,,,8 Pcs,270.0,INR,False,,2026-09-01,Tataria Price List 01-09-2026.pdf,146,SS-242 | ₹270/-
tataria,Tataria,CP-242,False,- CP,,,,,,320.0,INR,False,,2026-09-01,Tataria Price List 01-09-2026.pdf,146,CP-242 | ₹320/-
tataria,Tataria,SS-243,False,Wall To Glass Bracket 180º (Round Edge) - SS Matt,,,,,12 Pcs,270.0,INR,False,,2026-09-01,Tataria Price List 01-09-2026.pdf,146,SS-243 | ₹270/-
tataria,Tataria,SS-246,False,‘T’ Glass Connector (Round Edge) - SS Matt,,,,,6 Pcs,590.0,INR,False,,2026-09-01,Tataria Price List 01-09-2026.pdf,146,SS-246 | ₹590/-
tataria,Tataria,SS-248,False,Wall To Glass Bracket 90º (Square Edge) - SS Matt,,,,,8 Pcs,670.0,INR,False,,2026-09-01,Tataria Price List 01-09-2026.pdf,146,SS-248 | ₹670/-
tataria,Tataria,SS-249,False,Wall To Glass Bracket 180º (Square Edge) - SS Matt,,,,,12 Pcs,680.0,INR,False,,2026-09-01,Tataria Price List 01-09-2026.pdf,146,SS-249 | ₹680/-
tataria,Tataria,SS-251,False,Glass To Glass Bracket 90º (Square Edge) - SS Matt,,,,,6 Pcs,850.0,INR,False,,2026-09-01,Tataria Price List 01-09-2026.pdf,146,SS-251 | ₹850/-
tataria,Tataria,SS-253,False,Fix Bracket (Wall To Glass) Heavy (Square Edge) - SS Matt,,,,,12 Pcs,780.0,INR,False,,2026-09-01,Tataria Price List 01-09-2026.pdf,146,SS-253 | ₹780/-
tataria,Tataria,SS-254,False,Wall To Glass Bracket 90º Heavy (Square Edge) - SS Matt,,,,,8 Pcs,890.0,INR,False,,2026-09-01,Tataria Price List 01-09-2026.pdf,146,SS-254 | ₹890/-
tataria,Tataria,SS-255,False,Wall To Glass Bracket 180º Heavy (Square Edge) - SS Matt,,,,,12 Pcs,910.0,INR,False,,2026-09-01,Tataria Price List 01-09-2026.pdf,146,SS-255 | ₹910/-
tataria,Tataria,SS-256,False,Glass To Glass Bracket 180º Heavy (Square Edge) - SS Matt,,,,,8 Pcs,1080.0,INR,False,,2026-09-01,Tataria Price List 01-09-2026.pdf,146,SS-256 | ₹1080/-
tataria,Tataria,SS-257,False,Glass To Glass Bracket 90º Heavy (Square Edge) - SS Matt,,,,,6 Pcs,1120.0,INR,False,,2026-09-01,Tataria Price List 01-09-2026.pdf,146,SS-257 | ₹1120/-
tataria,Tataria,SS-161.38,False,‘C’ Shunk Stud  (SS-304) SS,38mm,,,,15 Pcs,290.0,INR,False,,2026-09-01,Tataria Price List 01-09-2026.pdf,146,SS-161.38 | ₹290/-
tataria,Tataria,SS-161.100,False,SS,100mm,,,,8 Pcs,440.0,INR,False,,2026-09-01,Tataria Price List 01-09-2026.pdf,146,SS-161.100 | ₹440/-
tataria,Tataria,SS-162,False,Key For ‘C’ Shunk Stud - SS,,,,,24 Pcs,286.0,INR,False,,2026-09-01,Tataria Price List 01-09-2026.pdf,146,SS-162 | ₹286/-
tataria,Tataria,SS-227,False,Side Bracket For Pipe With Fixing Bolt (Conceal) - SS Matt,,,,,24 Pcs,448.0,INR,False,,2026-09-01,Tataria Price List 01-09-2026.pdf,147,SS-227 | ₹448/-
tataria,Tataria,CP-227,False,CP,,,,,24 Pcs,500.0,INR,False,,2026-09-01,Tataria Price List 01-09-2026.pdf,147,CP-227 | ₹500/-
tataria,Tataria,SS-223,False,Pipe To Glass Connector - SS Matt,,,,,12 Pcs,500.0,INR,False,,2026-09-01,Tataria Price List 01-09-2026.pdf,147,SS-223 | ₹500/-
tataria,Tataria,CP-223,False,CP,,,,,12 Pcs,522.0,INR,False,,2026-09-01,Tataria Price List 01-09-2026.pdf,147,CP-223 | ₹522/-
tataria,Tataria,SS-224,False,Movable Connector Pipe To Pipe - SS Matt,,,,,12 Pcs,748.0,INR,False,,2026-09-01,Tataria Price List 01-09-2026.pdf,147,SS-224 | ₹748/-
tataria,Tataria,CP-224,False,CP,,,,,12 Pcs,780.0,INR,False,,2026-09-01,Tataria Price List 01-09-2026.pdf,147,CP-224 | ₹780/-
tataria,Tataria,SS-225,False,‘T’  Type Pipe Connector - SS Matt,,,,,8 Pcs,542.0,INR,False,,2026-09-01,Tataria Price List 01-09-2026.pdf,147,SS-225 | ₹542/-
tataria,Tataria,CP-225,False,CP,,,,,8 Pcs,570.0,INR,False,,2026-09-01,Tataria Price List 01-09-2026.pdf,147,CP-225 | ₹570/-
tataria,Tataria,SS-228.02,False,Medium (SS 304) 2 mtr. SS Matt,19mm Round Pipe,,,,5 Pcs,1614.0,INR,False,,2026-09-01,Tataria Price List 01-09-2026.pdf,147,SS-228.02 | ₹1614/-
tataria,Tataria,SS-228.03,False,3 mtr.,,,,,,2420.0,INR,False,,2026-09-01,Tataria Price List 01-09-2026.pdf,147,SS-228.03 | ₹2420/-
tataria,Tataria,CP-228.02,False,2 mtr. CP,,,,,5 Pcs,1778.0,INR,False,,2026-09-01,Tataria Price List 01-09-2026.pdf,147,CP-228.02 | ₹1778/-
tataria,Tataria,CP-228.03,False,3 mtr.,,,,,,2670.0,INR,False,,2026-09-01,Tataria Price List 01-09-2026.pdf,147,CP-228.03 | ₹2670/-
tataria,Tataria,SS-226.02,False,Heavy (SS 304) 2 mtr. SS Matt,19mm Round Pipe,,,,5 Pcs,2360.0,INR,False,,2026-09-01,Tataria Price List 01-09-2026.pdf,147,SS-226.02 | ₹2360/-
tataria,Tataria,SS-226.03,False,3 mtr.,,,,,,3536.0,INR,False,,2026-09-01,Tataria Price List 01-09-2026.pdf,147,SS-226.03 | ₹3536/-
tataria,Tataria,CP-226.02,False,2 mtr. CP,,,,,5 Pcs,2482.0,INR,False,,2026-09-01,Tataria Price List 01-09-2026.pdf,147,CP-226.02 | ₹2482/-
tataria,Tataria,CP-226.03,False,3 mtr.,,,,,,3724.0,INR,False,,2026-09-01,Tataria Price List 01-09-2026.pdf,147,CP-226.03 | ₹3724/-
tataria,Tataria,SS-380,False,Bottom Patch - SS,,,,,1 Pcs,2130.0,INR,False,,2026-09-01,Tataria Price List 01-09-2026.pdf,148,SS-380 | ₹2130/-
tataria,Tataria,SS-381,False,Top Patch - SS,,,,,1 Pcs,2130.0,INR,False,,2026-09-01,Tataria Price List 01-09-2026.pdf,148,SS-381 | ₹2130/-
tataria,Tataria,SS-382,False,Over Panel Pivot Patch - SS,,,,,1 Pcs,2462.0,INR,False,,2026-09-01,Tataria Price List 01-09-2026.pdf,148,SS-382 | ₹2462/-
tataria,Tataria,SS-384,False,Over Panel  ‘L’  Patch With Pivot - SS,,,,,1 Pcs,3290.0,INR,False,,2026-09-01,Tataria Price List 01-09-2026.pdf,148,SS-384 | ₹3290/-
tataria,Tataria,SS-386,False,Over Panel Wooden Pivot - SS,,,,,1 Pcs,500.0,INR,False,,2026-09-01,Tataria Price List 01-09-2026.pdf,148,SS-386 | ₹500/-
tataria,Tataria,SS-387,False,Double Over Panel Pivot Patch - SS,,,,,1 Pcs,7044.0,INR,False,,2026-09-01,Tataria Price List 01-09-2026.pdf,148,SS-387 | ₹7044/-
tataria,Tataria,SS-388,False,Double Over Panel Pivot Patch With Fin - SS,,,,,1 Pcs,7880.0,INR,False,,2026-09-01,Tataria Price List 01-09-2026.pdf,148,SS-388 | ₹7880/-
tataria,Tataria,SS-389.L,False,Over Panel  ‘L’  Patch With Fin Left SS,,,,,1 Pcs,7044.0,INR,False,,2026-09-01,Tataria Price List 01-09-2026.pdf,148,SS-389.L | ₹7044/-
tataria,Tataria,SS-389.R,False,Right SS,,,,,1 Pcs,7044.0,INR,False,,2026-09-01,Tataria Price List 01-09-2026.pdf,148,SS-389.R | ₹7044/-
tataria,Tataria,SS-360,False,Rollmatic Glass Roller For 25mm Pipe - SS,,,,,1 Pcs,3376.0,INR,False,,2026-09-01,Tataria Price List 01-09-2026.pdf,149,SS-360 | ₹3376/-
tataria,Tataria,SS-361,False,Rollmatic Glass Roller With Pin For 25mm Pipe - SS,,,,,1 Pcs,3376.0,INR,False,,2026-09-01,Tataria Price List 01-09-2026.pdf,149,SS-361 | ₹3376/-
tataria,Tataria,SS-362,False,Pipe To Glass Fixing Clamp For SS-360 - SS,,,,,1 Pcs,1232.0,INR,False,,2026-09-01,Tataria Price List 01-09-2026.pdf,149,SS-362 | ₹1232/-
tataria,Tataria,SS-363,False,Pipe To Glass Fixing Clamp For SS-361 - SS,,,,,1 Pcs,1134.0,INR,False,,2026-09-01,Tataria Price List 01-09-2026.pdf,149,SS-363 | ₹1134/-
tataria,Tataria,SS-364,False,End StopPer - SS,,,,,1 Pcs,1018.0,INR,False,,2026-09-01,Tataria Price List 01-09-2026.pdf,149,SS-364 | ₹1018/-
tataria,Tataria,SS-365,False,Side Conceal For 25mm Pipe - SS,,,,,1 Pcs,884.0,INR,False,,2026-09-01,Tataria Price List 01-09-2026.pdf,149,SS-365 | ₹884/-
tataria,Tataria,AL-620,False,Glass Sliding Bottom Guide - Aluminium,,,,,1 Pcs,104.0,INR,False,,2026-09-01,Tataria Price List 01-09-2026.pdf,149,AL-620 | ₹104/-
tataria,Tataria,SS-366.02,False,2 mtr SS,25mm SS Pipe (SS 304),,,,1 Pcs,3260.0,INR,False,,2026-09-01,Tataria Price List 01-09-2026.pdf,149,SS-366.02 | ₹3260/-
tataria,Tataria,SS-366.25,False,2.5 mtr SS,25mm SS Pipe (SS 304),,,,1 Pcs,4072.0,INR,False,,2026-09-01,Tataria Price List 01-09-2026.pdf,149,SS-366.25 | ₹4072/-
